Households,Population,Total_rooms,Total_bedrooms,Longitude,Latitude,Median_income,Median_house_value,Ocean_proximity
794,1900,1900,1157,-117.13,32.63,8.7991,478500,NEAR OCEAN
362,805,805,357,-118.41,34.02,3.3462,307000,<1H OCEAN
322,765,765,397,-122.48,38.48,4.6379,348200,INLAND
367,1102,1102,347,-122.44,37.72,4.3125,267200,NEAR BAY
520,1150,1150,529,-122.68,38.43,3.5885,191900,<1H OCEAN
368,829,829,374,-124.15,40.78,3.3984,90000,NEAR OCEAN
1404,4319,4319,1373,-122.03,37.55,6.992,284800,NEAR BAY
292,761,761,263,-118.48,34.23,6.5268,273100,<1H OCEAN
237,693,693,277,-120.27,34.72,3.2569,230800,<1H OCEAN
100,307,307,97,-122.04,37.5,3.1696,156300,NEAR BAY
379,649,649,394,-122.43,37.79,5.0049,460000,NEAR BAY
566,2222,2222,617,-118.46,34.22,2.6299,170700,<1H OCEAN
250,637,637,379,-115.84,33.49,2.0347,68900,INLAND
154,400,400,150,-122.65,38.4,6.8586,343100,<1H OCEAN
7,25,25,9,-117.61,34.02,7.7197,275000,INLAND
614,1170,1170,629,-122.43,37.77,3.6894,418800,NEAR BAY
414,907,907,443,-118.31,34.13,7.2692,498700,<1H OCEAN
139,390,390,159,-120.94,37.7,4.4,174100,INLAND
245,976,976,243,-117.95,33.74,5.4485,225200,<1H OCEAN
823,2797,2797,825,-117.13,32.94,4.9375,180400,<1H OCEAN
424,938,938,448,-121.89,37.3,5.0662,331600,<1H OCEAN
297,701,701,330,-122.31,37.56,3.32,292900,NEAR OCEAN
567,1227,1227,585,-118.28,34.1,4.0602,324000,<1H OCEAN
49,106,106,52,-119.02,35.39,2.0455,72500,INLAND
261,718,718,280,-118.02,34.11,4.625,219000,INLAND
173,649,649,171,-115.4,32.86,3.3182,113800,INLAND
151,406,406,184,-119.8,37.5,3.1771,121900,INLAND
391,1056,1056,414,-118.44,34.18,4.375,286100,<1H OCEAN
272,673,673,274,-121.96,37.35,5.2019,279900,<1H OCEAN
632,1426,1426,689,-121.85,39.74,1.5633,84500,INLAND
350,1618,1618,371,-117.99,34.13,2.9605,129400,INLAND
337,969,969,302,-121.54,38.54,3.0536,73100,INLAND
293,901,901,311,-118.36,33.82,6.2247,339000,<1H OCEAN
387,1046,1046,398,-120.31,38.02,3.8203,139700,INLAND
747,1373,1373,835,-122.25,37.81,3.225,218800,NEAR BAY
286,860,860,266,-117.66,33.61,7.1497,274000,<1H OCEAN
87,354,354,74,-118.24,33.93,2.75,90600,<1H OCEAN
1019,3785,3785,1106,-121.3,38.0,1.7774,100000,INLAND
846,1535,1535,909,-118.4,34.15,3.0398,369100,<1H OCEAN
813,2098,2098,817,-121.91,37.28,6.4285,337300,<1H OCEAN
159,448,448,161,-121.53,39.52,2.4821,73800,INLAND
390,1199,1199,384,-118.86,34.2,4.125,264600,<1H OCEAN
1778,4432,4432,2121,-119.74,36.85,3.9032,140800,INLAND
186,764,764,227,-119.0,35.36,0.9407,43600,INLAND
306,704,704,330,-118.15,34.11,3.7895,364800,<1H OCEAN
632,2272,2272,644,-117.11,32.74,2.2,98700,NEAR OCEAN
610,2143,2143,618,-117.55,33.88,2.2372,108800,INLAND
197,625,625,222,-122.14,39.97,3.1319,62700,INLAND
588,2042,2042,574,-117.76,33.7,7.9125,344900,<1H OCEAN
368,931,931,390,-122.14,37.73,3.8125,235100,NEAR BAY
170,474,474,176,-117.96,33.83,6.1001,298900,<1H OCEAN
453,1075,1075,460,-118.46,33.99,4.337,360600,<1H OCEAN
444,989,989,451,-122.34,37.94,3.125,143900,NEAR BAY
258,652,652,257,-118.14,33.86,4.2062,195400,<1H OCEAN
700,2165,2165,747,-122.36,37.54,10.1675,500001,NEAR OCEAN
451,1299,1299,452,-122.18,37.76,1.8407,96700,NEAR BAY
371,1044,1044,382,-117.64,34.03,4.8281,137000,INLAND
424,1207,1207,451,-119.69,36.79,2.7404,76300,INLAND
325,1061,1061,369,-122.34,40.63,3.6853,151600,INLAND
179,426,426,170,-121.43,37.74,3.0865,119800,INLAND
398,957,957,433,-121.98,37.16,5.3468,279900,<1H OCEAN
420,911,911,476,-117.41,33.94,2.87,117600,INLAND
769,1294,1294,842,-122.43,37.79,3.4375,500001,NEAR BAY
370,1039,1039,370,-118.11,33.79,5.7942,257000,<1H OCEAN
247,759,759,244,-118.85,34.14,8.7657,366300,<1H OCEAN
628,1598,1598,623,-121.96,37.36,3.5199,261400,<1H OCEAN
546,1672,1672,601,-118.35,34.04,1.8685,150700,<1H OCEAN
1451,3946,3946,1527,-117.94,33.91,5.6441,313000,<1H OCEAN
1059,2749,2749,1042,-121.84,37.37,2.3199,140100,<1H OCEAN
374,1053,1053,409,-121.31,38.65,5.5,165700,INLAND
321,640,640,334,-118.42,34.06,6.871,500001,<1H OCEAN
815,1986,1986,839,-122.47,37.95,3.9712,187500,NEAR BAY
1036,2866,2866,1216,-120.56,35.07,3.3603,280200,<1H OCEAN
1484,2496,2496,1593,-117.16,32.75,2.9112,199100,NEAR OCEAN
689,2341,2341,693,-116.96,32.79,2.6087,123800,<1H OCEAN
207,487,487,213,-122.49,37.74,3.8333,340800,NEAR OCEAN
617,1082,1082,648,-117.23,32.79,3.625,266700,NEAR OCEAN
306,905,905,310,-122.27,37.54,8.9083,500001,NEAR BAY
252,736,736,268,-118.13,34.01,2.7083,161800,<1H OCEAN
426,1267,1267,429,-122.01,37.36,6.6329,349000,<1H OCEAN
699,2758,2758,718,-118.07,34.06,2.5985,168600,<1H OCEAN
382,1008,1008,438,-121.43,38.62,2.0639,73000,INLAND
652,971,971,674,-118.14,34.15,0.8438,175000,<1H OCEAN
402,1002,1002,414,-117.9,33.9,4.9743,193500,<1H OCEAN
1029,2808,2808,1115,-122.51,38.17,3.6392,246300,NEAR BAY
221,316,316,232,-117.32,33.22,2.7417,91700,NEAR OCEAN
403,1154,1154,470,-122.5,37.74,4.3611,268100,NEAR OCEAN
414,1181,1181,421,-117.99,33.73,3.8365,250900,<1H OCEAN
438,1506,1506,472,-122.23,37.78,1.9338,112500,NEAR BAY
356,1691,1691,389,-115.49,32.69,1.899,64000,INLAND
536,1457,1457,549,-118.09,34.14,5.3377,373800,INLAND
500,1536,1536,580,-118.0,33.82,3.2326,204700,<1H OCEAN
107,349,349,107,-118.29,34.16,4.3438,189800,<1H OCEAN
266,825,825,272,-117.9,34.09,4.125,220800,<1H OCEAN
418,2198,2198,438,-122.45,37.78,3.6667,418400,NEAR BAY
450,1047,1047,442,-119.72,36.8,2.625,71500,INLAND
421,1255,1255,394,-117.92,33.94,4.7813,198200,<1H OCEAN
312,1005,1005,317,-115.6,32.87,4.1293,83200,INLAND
288,691,691,299,-122.32,37.56,5.549,500001,NEAR OCEAN
707,1364,1364,740,-118.27,34.1,5.7778,412700,<1H OCEAN
216,763,763,206,-117.97,34.05,3.5179,161400,<1H OCEAN
1087,3012,3012,1217,-120.86,37.69,3.0809,143600,INLAND
170,709,709,182,-118.09,34.07,3.175,170800,<1H OCEAN
340,862,862,349,-117.8,33.68,6.9133,274100,<1H OCEAN
545,2237,2237,573,-118.18,33.98,2.3444,156100,<1H OCEAN
326,1474,1474,318,-119.54,36.61,1.4937,54700,INLAND
603,2830,2830,632,-118.02,34.08,2.3333,164200,INLAND
863,2471,2471,893,-118.11,33.9,3.5052,196000,<1H OCEAN
266,975,975,253,-121.78,36.92,4.3906,241200,<1H OCEAN
754,2486,2486,791,-118.16,34.04,1.5078,181900,<1H OCEAN
1219,3645,3645,1269,-122.01,37.91,7.6877,367700,NEAR BAY
168,316,316,139,-122.41,37.76,3.0865,225000,NEAR BAY
138,479,479,218,-119.31,34.7,3.3438,156300,INLAND
446,1151,1151,427,-117.27,34.16,6.2236,159700,INLAND
373,1166,1166,377,-118.01,33.78,6.0,233100,<1H OCEAN
308,817,817,310,-118.5,34.21,5.5675,215900,<1H OCEAN
281,598,598,291,-118.36,33.87,3.9868,281900,<1H OCEAN
483,1746,1746,467,-119.18,34.17,3.9331,187600,NEAR OCEAN
263,729,729,265,-122.02,37.84,7.7072,443800,NEAR BAY
1735,3792,3792,1852,-118.13,33.95,3.1104,230000,<1H OCEAN
648,1894,1894,662,-119.75,36.8,2.197,74500,INLAND
431,1409,1409,469,-118.31,34.02,2.2981,112100,<1H OCEAN
407,1034,1034,426,-117.3,33.07,6.4247,295100,NEAR OCEAN
536,1300,1300,579,-121.74,38.55,1.6435,148500,INLAND
1224,3704,3704,1279,-121.59,37.02,4.4233,228600,INLAND
185,548,548,171,-122.08,37.63,3.7614,176000,NEAR BAY
345,879,879,342,-117.12,32.8,3.8125,166300,NEAR OCEAN
364,1060,1060,381,-122.7,38.33,3.0078,160400,<1H OCEAN
1436,4101,4101,1517,-119.01,35.31,2.1006,74800,INLAND
324,1258,1258,328,-121.06,37.86,2.683,169400,INLAND
516,1767,1767,588,-118.28,33.73,2.1935,243200,NEAR OCEAN
620,2268,2268,637,-120.64,37.38,2.567,70400,INLAND
380,883,883,426,-117.1,32.76,4.2813,270800,NEAR OCEAN
318,933,933,340,-115.53,32.97,2.4063,70700,INLAND
304,689,689,327,-117.14,32.74,3.125,172700,NEAR OCEAN
240,607,607,309,-120.76,38.47,3.5,123800,INLAND
486,923,923,913,-116.48,33.94,1.8,81000,INLAND
553,1753,1753,560,-121.87,37.27,5.0292,269400,<1H OCEAN
379,1283,1283,371,-118.72,34.28,5.5955,217700,<1H OCEAN
714,2071,2071,751,-121.34,38.03,4.4063,130800,INLAND
581,1757,1757,594,-118.52,34.2,4.3571,199800,<1H OCEAN
107,185,185,131,-121.91,37.3,3.625,265000,<1H OCEAN
163,597,597,166,-118.11,33.91,4.9609,186700,<1H OCEAN
365,978,978,356,-117.87,33.77,8.0784,320300,<1H OCEAN
168,496,496,181,-117.95,33.82,4.3269,224700,<1H OCEAN
158,443,443,213,-124.03,40.45,2.6094,71300,<1H OCEAN
189,393,393,195,-122.28,37.86,3.8594,196400,NEAR BAY
594,2399,2399,616,-118.16,33.9,2.7339,156700,<1H OCEAN
806,2248,2248,794,-118.32,33.74,10.1357,500001,NEAR OCEAN
816,1224,1224,938,-118.37,34.08,3.2149,300000,<1H OCEAN
345,891,891,349,-122.07,37.33,8.0158,420000,<1H OCEAN
340,998,998,350,-119.27,36.39,4.3281,145700,INLAND
240,517,517,310,-120.4,38.06,2.6544,128100,INLAND
550,1576,1576,570,-117.98,33.77,3.6333,169800,<1H OCEAN
394,1193,1193,477,-122.31,37.57,4.6371,271100,NEAR OCEAN
308,687,687,273,-117.09,32.98,2.3182,268800,<1H OCEAN
309,658,658,329,-117.79,33.56,7.866,500001,<1H OCEAN
144,573,573,165,-121.27,37.95,1.7212,59000,INLAND
659,1094,1094,903,-117.01,33.75,1.8015,105100,INLAND
435,1337,1337,481,-121.62,39.09,3.8534,99700,INLAND
545,1546,1546,528,-117.82,34.12,5.27,209400,INLAND
923,2662,2662,1032,-117.14,33.12,4.9005,264000,<1H OCEAN
374,1171,1171,357,-118.33,33.69,4.7216,311900,NEAR OCEAN
659,1740,1740,792,-121.48,38.5,1.3679,70300,INLAND
502,1351,1351,525,-120.68,35.48,2.7798,205800,<1H OCEAN
2152,5495,5495,2222,-118.8,34.19,8.6499,500001,<1H OCEAN
365,1068,1068,479,-120.3,35.1,4.5461,270800,<1H OCEAN
237,630,630,238,-122.19,37.76,1.925,74100,NEAR BAY
469,1374,1374,493,-118.35,34.05,2.0984,158000,<1H OCEAN
181,2862,2862,201,-118.17,34.06,2.1845,123800,<1H OCEAN
293,469,469,355,-117.7,33.57,3.6196,119900,<1H OCEAN
356,891,891,331,-118.37,33.87,6.5755,359900,<1H OCEAN
408,1267,1267,450,-121.0,39.23,4.0426,191700,INLAND
638,1325,1325,699,-120.82,35.31,2.5172,293900,NEAR OCEAN
333,1077,1077,322,-122.46,40.52,5.2149,146500,INLAND
247,921,921,268,-122.41,37.64,4.4464,215400,NEAR OCEAN
521,1832,1832,487,-119.03,34.23,5.2773,250800,<1H OCEAN
307,905,905,319,-119.73,34.35,4.375,335200,NEAR OCEAN
232,946,946,240,-118.1,33.96,4.0357,162500,<1H OCEAN
629,2053,2053,718,-122.87,38.68,3.7352,228000,<1H OCEAN
367,669,669,391,-122.27,37.88,3.5417,287500,NEAR BAY
395,1501,1501,417,-117.47,33.94,3.2311,105600,INLAND
228,595,595,225,-118.41,34.19,3.6625,190700,<1H OCEAN
675,2221,2221,676,-121.84,37.21,8.3792,418300,<1H OCEAN
261,867,867,270,-115.37,32.82,1.9375,80900,INLAND
356,754,754,347,-120.99,37.66,2.9137,106000,INLAND
335,935,935,330,-122.41,37.74,4.1552,240900,NEAR BAY
286,1037,1037,317,-120.75,37.37,2.4964,88800,INLAND
500,2077,2077,502,-118.14,34.02,2.6,180600,<1H OCEAN
443,1155,1155,458,-118.12,33.81,4.6087,224600,<1H OCEAN
2832,7608,7608,2979,-121.35,38.7,3.5802,129600,INLAND
315,855,855,464,-117.13,34.39,3.4183,104100,INLAND
763,1870,1870,845,-121.32,38.61,2.774,190200,INLAND
493,1278,1278,526,-118.28,34.24,4.45,263600,<1H OCEAN
244,807,807,226,-121.31,38.67,4.1563,135700,INLAND
75,163,163,64,-122.52,37.92,14.5833,500001,NEAR BAY
1061,2919,2919,1117,-118.51,34.11,13.947,500001,<1H OCEAN
1252,3806,3806,1452,-118.45,34.07,1.3125,350000,<1H OCEAN
579,1581,1581,787,-119.16,34.95,3.0882,148200,INLAND
234,871,871,238,-117.78,33.88,6.6678,301900,<1H OCEAN
281,781,781,263,-117.31,33.16,5.6605,224400,NEAR OCEAN
393,1367,1367,418,-118.3,33.95,1.5078,99600,<1H OCEAN
441,1661,1661,529,-118.15,34.16,2.2765,146600,<1H OCEAN
997,1086,1086,1256,-118.25,34.05,0.8131,275000,<1H OCEAN
312,1052,1052,341,-120.41,37.16,2.0809,95800,INLAND
27,37,37,24,-122.39,37.74,10.2264,225000,NEAR BAY
349,894,894,354,-118.15,33.84,7.6526,481300,<1H OCEAN
371,1442,1442,415,-122.41,37.75,4.2891,230000,NEAR BAY
1858,4773,4773,2041,-117.33,33.17,4.0791,281300,NEAR OCEAN
452,1462,1462,504,-120.45,34.66,4.7875,198300,NEAR OCEAN
440,1025,1025,480,-121.29,37.97,1.2962,110200,INLAND
972,1914,1914,1010,-121.94,37.31,3.7632,307000,<1H OCEAN
156,326,326,131,-118.42,34.03,4.5278,374300,<1H OCEAN
199,633,633,228,-120.24,38.01,3.125,148600,INLAND
165,447,447,175,-122.18,37.76,3.9063,93800,NEAR BAY
312,633,633,459,-122.63,38.96,1.75,64000,INLAND
384,1404,1404,390,-117.81,33.81,8.9257,431800,<1H OCEAN
33,66,66,48,-118.42,34.2,1.0,187500,<1H OCEAN
279,1146,1146,297,-121.8,37.34,5.2088,231400,<1H OCEAN
448,1015,1015,674,-122.86,39.08,2.0417,78800,INLAND
1742,3276,3276,1744,-122.26,37.86,1.6307,253600,NEAR BAY
340,1786,1786,349,-118.26,34.02,2.131,136500,<1H OCEAN
263,731,731,269,-122.09,37.7,6.005,263900,NEAR BAY
434,1099,1099,505,-117.91,33.66,3.225,193800,<1H OCEAN
487,1196,1196,547,-118.06,34.11,3.0854,248700,INLAND
353,942,942,358,-118.09,34.16,5.0393,321100,INLAND
349,811,811,349,-122.29,37.54,4.9464,282400,NEAR OCEAN
411,1370,1370,415,-117.95,34.06,4.6312,184800,<1H OCEAN
2207,6187,6187,2704,-118.75,34.18,6.6122,357600,NEAR OCEAN
211,691,691,194,-118.09,33.98,3.6875,169500,<1H OCEAN
358,1168,1168,374,-118.26,33.97,1.4625,94200,<1H OCEAN
308,1030,1030,327,-123.17,39.18,5.9585,214900,<1H OCEAN
530,1678,1678,585,-117.34,34.49,3.2941,98300,INLAND
580,1345,1345,664,-120.94,40.14,1.5774,58000,INLAND
272,857,857,268,-116.92,32.8,3.5586,160400,<1H OCEAN
403,718,718,406,-122.68,38.46,2.3929,141300,<1H OCEAN
398,1274,1274,387,-118.08,33.95,4.8304,160600,<1H OCEAN
243,719,719,260,-117.91,33.83,3.0288,161400,<1H OCEAN
453,1557,1557,503,-118.2,34.12,2.9194,162000,<1H OCEAN
374,1050,1050,482,-122.51,38.76,4.0435,132600,INLAND
562,1606,1606,573,-117.82,34.13,6.1321,309700,INLAND
813,1248,1248,847,-122.43,37.79,7.2623,500001,NEAR BAY
419,1108,1108,435,-119.04,36.07,2.2277,78000,INLAND
447,1230,1230,422,-117.94,34.06,3.6648,193900,<1H OCEAN
481,1487,1487,512,-121.38,36.84,3.6354,221200,INLAND
498,2031,2031,503,-121.76,36.77,2.3384,121000,<1H OCEAN
671,1698,1698,681,-121.35,37.97,3.1406,93900,INLAND
322,760,760,350,-121.83,37.02,2.9559,288400,<1H OCEAN
560,1454,1454,641,-117.83,33.67,3.7976,275000,<1H OCEAN
238,674,674,234,-120.27,37.11,2.6694,75900,INLAND
188,565,565,208,-117.08,33.12,1.875,114300,<1H OCEAN
366,1888,1888,365,-118.18,33.9,3.5461,146400,<1H OCEAN
1025,2470,2470,1085,-118.16,33.78,2.3317,222500,NEAR OCEAN
899,2296,2296,894,-118.1,34.17,3.4811,300500,INLAND
655,1795,1795,737,-118.18,34.12,2.369,173400,<1H OCEAN
375,1117,1117,393,-120.43,34.9,4.1058,164000,<1H OCEAN
298,1296,1296,296,-119.43,36.61,2.4219,65800,INLAND
252,1153,1153,241,-118.19,33.92,3.305,115800,<1H OCEAN
53,147,147,69,-118.12,34.23,3.9583,162500,INLAND
228,782,782,221,-117.96,33.71,4.5962,304500,<1H OCEAN
522,1247,1247,601,-121.27,38.65,2.9016,159800,INLAND
626,1768,1768,715,-121.47,38.13,2.2619,123500,INLAND
455,1143,1143,478,-122.49,37.79,6.1407,500001,NEAR BAY
668,2033,2033,812,-118.46,35.12,3.2405,85500,INLAND
135,443,443,156,-117.57,33.87,2.3333,122800,INLAND
186,488,488,184,-122.23,37.8,1.9375,126600,NEAR BAY
290,802,802,314,-118.36,33.86,5.0784,295900,<1H OCEAN
316,1216,1216,283,-117.71,34.08,2.5972,134300,INLAND
269,823,823,237,-117.18,32.84,4.2768,167800,NEAR OCEAN
357,1026,1026,379,-117.07,32.63,3.455,156900,NEAR OCEAN
201,539,539,217,-123.12,40.54,1.8696,61500,INLAND
357,748,748,360,-118.36,34.07,4.7019,411100,<1H OCEAN
810,3151,3151,890,-118.46,34.29,3.0526,183300,<1H OCEAN
122,416,416,126,-121.97,37.87,13.4883,500001,INLAND
299,812,812,345,-119.25,36.32,2.75,72200,INLAND
278,729,729,298,-118.32,33.8,3.1648,244800,<1H OCEAN
562,1208,1208,605,-121.96,37.24,5.4683,430900,<1H OCEAN
56,143,143,63,-120.24,39.67,3.625,68600,INLAND
1063,3916,3916,1180,-118.16,33.79,2.4,153700,NEAR OCEAN
1327,3409,3409,1589,-119.09,34.24,5.3806,452100,<1H OCEAN
667,2144,2144,690,-118.13,34.02,2.3359,189300,<1H OCEAN
292,571,571,300,-122.28,37.87,2.2788,182300,NEAR BAY
404,1137,1137,416,-117.79,33.68,7.2118,311500,<1H OCEAN
267,676,676,269,-122.31,37.53,4.6125,361700,NEAR OCEAN
562,1341,1341,598,-117.17,32.69,4.5189,422200,NEAR OCEAN
284,740,740,324,-122.08,37.69,2.8512,181000,NEAR BAY
138,349,349,130,-117.65,34.06,2.0893,112500,INLAND
342,1072,1072,382,-118.04,34.13,6.0878,430200,INLAND
508,1763,1763,524,-118.47,34.42,5.2887,183000,<1H OCEAN
798,1492,1492,873,-117.24,32.8,2.9258,234800,NEAR OCEAN
654,1760,1760,640,-116.98,33.94,3.4545,89800,INLAND
358,1156,1156,352,-121.13,36.21,3.1929,137900,<1H OCEAN
1235,2930,2930,1249,-122.24,37.73,4.5213,228400,NEAR BAY
828,2277,2277,818,-118.15,34.1,3.1211,229300,<1H OCEAN
926,2256,2256,1069,-121.38,38.64,2.1472,143400,INLAND
401,1883,1883,406,-117.04,32.58,5.0311,152100,NEAR OCEAN
291,848,848,286,-122.06,37.65,3.8036,158200,NEAR BAY
330,1150,1150,358,-121.65,36.77,4.7969,227500,<1H OCEAN
637,2209,2209,652,-117.96,33.67,7.0173,382100,<1H OCEAN
411,1050,1050,416,-121.36,38.73,3.141,220100,INLAND
666,2466,2466,693,-122.47,37.7,3.6588,238600,NEAR OCEAN
438,1603,1603,424,-124.06,40.88,2.5667,139500,NEAR OCEAN
159,537,537,162,-119.84,34.44,4.2404,274300,NEAR OCEAN
152,560,560,204,-122.29,37.81,1.75,75000,NEAR BAY
913,2689,2689,901,-118.29,33.82,3.4375,218800,<1H OCEAN
297,780,780,290,-119.09,36.22,3.4306,74300,INLAND
441,1308,1308,448,-118.09,33.83,5.9265,227300,<1H OCEAN
278,636,636,288,-117.06,32.76,3.2188,150500,NEAR OCEAN
559,1777,1777,597,-121.96,37.58,5.7192,283500,<1H OCEAN
418,946,946,400,-117.91,33.63,2.7264,311100,<1H OCEAN
461,977,977,464,-117.12,32.77,3.125,192200,NEAR OCEAN
21,44,44,178,-120.33,39.3,3.0,175000,INLAND
380,1005,1005,349,-119.69,36.73,7.2211,171700,INLAND
734,1799,1799,881,-121.92,40.52,2.2993,99500,INLAND
57,131,131,146,-123.32,40.43,0.4999,56700,INLAND
488,1578,1578,517,-118.13,33.93,3.1496,191900,<1H OCEAN
567,2450,2450,576,-117.05,32.57,3.1696,138000,NEAR OCEAN
3,9,9,10,-116.76,34.14,0.536,42500,INLAND
331,1011,1011,332,-121.14,37.48,3.7045,128100,INLAND
336,1489,1489,339,-117.66,34.06,1.608,91800,INLAND
885,2147,2147,1031,-122.28,41.38,2.8036,110100,INLAND
636,1871,1871,674,-118.34,33.76,15.0001,500001,NEAR OCEAN
639,1269,1269,682,-122.45,37.77,3.575,500001,NEAR BAY
492,1570,1570,528,-119.7,36.81,2.7159,68000,INLAND
493,1121,1121,520,-121.73,36.5,5.6383,377000,<1H OCEAN
235,738,738,247,-118.46,34.26,5.0947,210300,<1H OCEAN
375,1089,1089,396,-118.25,34.22,5.5362,301200,<1H OCEAN
577,1234,1234,635,-118.41,34.03,5.1637,500001,<1H OCEAN
568,1614,1614,606,-121.82,38.01,3.4722,127000,INLAND
2552,7732,7732,2602,-117.95,33.98,5.6716,330400,<1H OCEAN
247,1425,1425,308,-119.97,36.57,2.0313,69400,INLAND
881,3287,3287,902,-118.27,33.8,4.8508,215900,<1H OCEAN
460,1673,1673,457,-117.11,32.71,1.7,85900,NEAR OCEAN
622,2634,2634,623,-121.82,37.32,3.135,231400,<1H OCEAN
275,909,909,271,-118.06,33.91,4.6731,173300,<1H OCEAN
581,1335,1335,609,-120.42,37.98,2.5129,115900,INLAND
391,1530,1530,441,-119.76,36.71,1.5611,44400,INLAND
627,2357,2357,695,-118.29,33.95,1.9655,102300,<1H OCEAN
524,1628,1628,565,-122.41,37.77,2.6083,193800,NEAR BAY
419,643,643,494,-117.16,32.75,1.9637,137500,NEAR OCEAN
402,1133,1133,432,-123.32,39.42,2.3906,92600,<1H OCEAN
251,644,644,245,-122.33,37.56,10.0743,500001,NEAR OCEAN
360,746,746,355,-117.23,32.78,4.6293,356500,NEAR OCEAN
665,2286,2286,678,-118.05,33.83,5.7018,286700,<1H OCEAN
800,1953,1953,833,-118.46,34.02,2.6639,233300,<1H OCEAN
395,884,884,415,-121.45,38.53,2.1679,75400,INLAND
391,1345,1345,389,-118.16,34.18,1.8932,136100,<1H OCEAN
413,1243,1243,441,-118.57,34.18,6.5304,439800,<1H OCEAN
762,1657,1657,727,-122.07,37.37,4.8021,457500,NEAR BAY
275,826,826,269,-122.06,37.33,8.248,498800,<1H OCEAN
244,560,560,270,-121.02,37.09,2.0216,112500,INLAND
1141,3678,3678,1263,-118.31,34.09,2.0,240600,<1H OCEAN
199,620,620,214,-119.95,36.8,3.4297,112500,INLAND
444,1925,1925,512,-119.78,36.75,1.4635,46600,INLAND
168,1436,1436,146,-119.12,34.25,3.5625,194100,NEAR OCEAN
1285,3845,3845,1311,-117.57,34.02,4.6727,158900,INLAND
403,1056,1056,390,-121.67,39.14,3.6111,112300,INLAND
377,1172,1172,420,-117.15,34.04,7.5822,283100,INLAND
475,1946,1946,489,-121.82,37.28,5.0709,176400,<1H OCEAN
1113,3716,3716,1165,-117.6,33.87,4.2721,150300,INLAND
367,850,850,384,-117.62,33.43,2.7545,231300,NEAR OCEAN
709,1279,1279,775,-122.41,37.8,5.4378,500001,NEAR BAY
956,2309,2309,986,-120.67,35.3,2.2165,231700,NEAR OCEAN
613,1660,1660,718,-121.3,38.59,2.1116,89600,INLAND
369,1558,1558,370,-117.05,32.58,5.3072,132700,NEAR OCEAN
539,1524,1524,518,-120.48,34.7,4.3162,136400,NEAR OCEAN
479,1304,1304,497,-116.96,33.94,1.4063,81900,INLAND
349,973,973,360,-118.27,34.16,3.6587,321200,<1H OCEAN
642,2018,2018,675,-121.98,38.37,2.8438,111500,INLAND
559,1139,1139,586,-117.87,34.14,2.9375,209200,INLAND
776,2959,2959,779,-118.2,33.96,3.1875,171700,<1H OCEAN
462,1638,1638,585,-122.36,37.94,1.822,79700,NEAR BAY
253,725,725,250,-121.87,37.22,7.6933,405900,<1H OCEAN
579,1130,1130,592,-117.33,33.23,2.5872,155600,NEAR OCEAN
916,2616,2616,956,-122.01,37.03,5.9039,355300,NEAR OCEAN
517,813,813,1130,-122.01,37.4,3.7614,137500,<1H OCEAN
203,1197,1197,200,-118.42,34.28,3.2865,133300,<1H OCEAN
562,1051,1051,566,-122.43,37.76,2.8458,350000,NEAR BAY
739,1939,1939,804,-116.95,33.78,1.7303,74000,INLAND
1100,3918,3918,1241,-121.54,36.7,3.525,201700,<1H OCEAN
333,642,642,319,-121.02,39.23,1.4241,125000,INLAND
380,992,992,361,-124.17,40.76,2.8056,82800,NEAR OCEAN
568,1588,1588,624,-118.1,33.86,4.3397,268100,<1H OCEAN
228,797,797,231,-119.8,36.73,1.7011,44800,INLAND
239,1015,1015,249,-117.94,34.03,4.0521,151800,<1H OCEAN
329,814,814,326,-118.35,34.17,4.4408,216000,<1H OCEAN
170,443,443,174,-121.29,38.76,6.0097,187500,INLAND
453,1210,1210,499,-121.32,38.65,3.0952,157700,INLAND
923,1468,1468,905,-118.51,34.03,3.8571,500001,<1H OCEAN
1053,2086,2086,1110,-122.25,37.77,2.975,243400,NEAR BAY
351,862,862,396,-120.71,38.73,2.9219,141300,INLAND
521,2063,2063,566,-118.28,33.97,1.9219,107000,<1H OCEAN
703,2037,2037,811,-122.11,37.67,3.0645,165400,NEAR BAY
548,1200,1200,662,-117.05,32.77,1.8899,147700,NEAR OCEAN
1238,3793,3793,1281,-119.12,34.38,4.075,237900,<1H OCEAN
920,2901,2901,971,-117.98,33.78,3.2636,180200,<1H OCEAN
625,1441,1441,658,-119.77,36.77,2.0564,64700,INLAND
1153,1930,1930,1227,-122.03,37.35,3.5154,311400,<1H OCEAN
331,887,887,354,-122.32,37.95,2.5769,146100,NEAR BAY
337,1179,1179,375,-118.08,33.93,3.2188,165100,<1H OCEAN
695,1693,1693,744,-118.6,34.15,6.14,361900,<1H OCEAN
275,799,799,276,-122.44,37.66,4.7639,265600,NEAR OCEAN
1257,3093,3093,1374,-118.01,33.83,2.5577,202300,<1H OCEAN
386,1054,1054,362,-118.35,33.88,3.2594,233900,<1H OCEAN
468,1998,1998,507,-121.01,37.64,1.9013,69900,INLAND
440,1182,1182,463,-118.46,34.27,2.6193,172300,<1H OCEAN
247,671,671,256,-122.42,37.62,4.4091,317900,NEAR OCEAN
418,971,971,481,-118.35,33.86,4.3859,271300,<1H OCEAN
658,1938,1938,698,-122.69,38.32,4.6324,183600,<1H OCEAN
443,1084,1084,436,-117.2,32.8,4.2417,294100,NEAR OCEAN
300,970,970,349,-119.69,36.25,2.395,94100,INLAND
756,1314,1314,787,-118.16,33.77,3.8125,382100,NEAR OCEAN
632,2510,2510,676,-122.49,37.68,5.3311,270800,NEAR OCEAN
323,965,965,311,-117.92,34.08,5.7039,199400,<1H OCEAN
347,696,696,441,-117.92,33.63,3.5161,236400,<1H OCEAN
1047,4011,4011,1063,-117.92,33.74,4.3882,189300,<1H OCEAN
188,454,454,208,-123.1,39.15,3.8333,116100,<1H OCEAN
272,1173,1173,259,-118.41,34.25,3.6016,153800,<1H OCEAN
317,962,962,339,-122.46,37.72,3.2875,221500,NEAR OCEAN
273,549,549,283,-120.07,36.96,1.4511,65200,INLAND
1299,3562,3562,1395,-121.77,36.71,3.512,174800,<1H OCEAN
376,1639,1639,438,-118.19,33.89,2.0357,107300,<1H OCEAN
303,900,900,313,-118.11,34.12,10.6767,500001,<1H OCEAN
445,1152,1152,487,-122.47,37.76,5.1893,420300,NEAR BAY
420,1888,1888,435,-118.35,33.94,2.8462,149100,<1H OCEAN
267,651,651,260,-122.17,37.78,3.6875,157300,NEAR BAY
679,1956,1956,719,-120.48,37.3,1.5427,88500,INLAND
210,597,597,236,-120.27,37.12,1.7279,52300,INLAND
169,233,233,270,-118.56,34.42,1.9667,450000,<1H OCEAN
410,912,912,417,-121.43,38.54,2.9769,92700,INLAND
371,957,957,358,-122.2,40.26,3.1908,137900,INLAND
713,1587,1587,740,-122.47,37.76,2.5933,359600,NEAR BAY
272,811,811,267,-117.96,33.8,5.244,218000,<1H OCEAN
273,631,631,498,-122.34,41.06,1.8816,65800,INLAND
617,1544,1544,633,-118.0,34.15,2.5417,178300,INLAND
237,733,733,237,-118.08,33.9,4.2083,168300,<1H OCEAN
346,1223,1223,375,-121.87,37.35,3.2793,174500,<1H OCEAN
244,848,848,221,-117.93,34.05,4.1731,205100,<1H OCEAN
234,434,434,238,-117.06,32.6,1.7472,94600,NEAR OCEAN
253,658,658,246,-122.23,37.76,5.75,306300,NEAR BAY
445,1586,1586,440,-118.23,34.07,1.9722,156300,<1H OCEAN
870,1916,1916,1071,-119.1,35.35,4.0327,131000,INLAND
1174,2595,2595,1324,-121.53,38.51,3.1607,178900,INLAND
606,1877,1877,614,-117.92,33.79,2.8622,184300,<1H OCEAN
373,1648,1648,360,-117.99,34.07,2.4911,145900,INLAND
492,1506,1506,536,-117.63,33.5,7.2013,353600,<1H OCEAN
454,1175,1175,966,-120.25,38.03,2.9457,116500,INLAND
1296,4436,4436,1802,-117.5,34.12,5.285,191700,INLAND
348,743,743,373,-122.46,37.79,5.2909,500001,NEAR BAY
407,1153,1153,438,-122.45,37.73,5.1238,335100,NEAR BAY
419,1570,1570,426,-117.21,34.04,6.2917,224700,INLAND
382,1094,1094,424,-118.37,34.04,2.767,143000,<1H OCEAN
684,1384,1384,738,-121.83,38.0,1.7161,75800,INLAND
163,446,446,175,-121.93,37.26,2.8125,291300,<1H OCEAN
49,77,77,78,-121.23,37.94,1.125,150000,INLAND
380,1061,1061,415,-119.79,34.4,9.6885,500001,NEAR OCEAN
209,454,454,359,-120.15,39.17,2.9125,145800,INLAND
329,992,992,353,-116.95,32.96,4.5,222600,<1H OCEAN
354,912,912,370,-120.4,38.0,2.6544,112600,INLAND
338,706,706,350,-121.33,38.57,2.3684,150000,INLAND
408,830,830,457,-122.16,38.05,3.1373,185100,NEAR BAY
215,629,629,223,-122.27,37.43,15.0001,500001,NEAR OCEAN
623,1401,1401,671,-118.07,34.16,4.125,330000,INLAND
744,1816,1816,831,-118.01,34.14,2.8352,161700,INLAND
872,3326,3326,908,-122.26,38.0,6.2073,272900,NEAR BAY
416,1876,1876,432,-118.24,33.96,2.1078,100600,<1H OCEAN
1838,5370,5370,2035,-117.05,33.13,2.3762,98500,<1H OCEAN
386,792,792,437,-117.24,32.94,5.2648,294400,NEAR OCEAN
1161,2975,2975,1324,-117.21,33.61,3.6273,150900,<1H OCEAN
1451,2313,2313,1482,-118.5,34.02,3.3266,483300,<1H OCEAN
219,704,704,233,-117.26,32.95,6.9794,500001,NEAR OCEAN
312,610,610,337,-122.45,38.51,1.9441,184400,INLAND
317,864,864,340,-118.29,33.87,4.381,238700,<1H OCEAN
199,851,851,216,-118.17,34.02,2.3077,140600,<1H OCEAN
206,749,749,208,-118.26,34.01,1.4653,118800,<1H OCEAN
632,2017,2017,629,-121.58,39.12,1.8355,61200,INLAND
354,1339,1339,391,-122.18,37.74,2.2467,88900,NEAR BAY
134,366,366,132,-122.16,37.71,3.4643,175000,NEAR BAY
360,1341,1341,416,-120.1,36.66,1.7,69000,INLAND
7,14,14,7,-118.44,34.04,2.1875,225000,<1H OCEAN
358,1048,1048,436,-123.15,38.94,2.7171,95800,<1H OCEAN
244,995,995,221,-117.23,34.11,2.5875,81300,INLAND
1229,3093,3093,1285,-117.12,32.72,3.37,159100,NEAR OCEAN
1196,3222,3222,1331,-117.07,32.61,2.1441,135500,NEAR OCEAN
578,1754,1754,537,-116.98,32.74,5.1098,162300,<1H OCEAN
757,1685,1685,798,-122.93,40.78,2.3667,91200,INLAND
490,1390,1390,514,-121.29,38.13,5.0,154800,INLAND
1010,2199,2199,1037,-117.04,32.77,2.734,148900,<1H OCEAN
83,416,416,159,-120.35,37.31,2.0,87500,INLAND
305,1003,1003,313,-122.18,37.72,3.8047,156700,NEAR BAY
500,1029,1029,535,-122.09,37.39,3.7318,327700,NEAR BAY
572,1604,1604,620,-122.0,37.34,5.2108,351500,<1H OCEAN
603,1335,1335,761,-117.26,33.09,4.1667,227100,NEAR OCEAN
188,660,660,208,-120.87,41.54,2.2321,34600,INLAND
477,1323,1323,454,-117.16,33.73,2.6322,140700,INLAND
184,650,650,175,-117.64,33.51,7.2648,363200,<1H OCEAN
181,566,566,178,-120.43,37.32,5.2522,125300,INLAND
548,1092,1092,582,-119.76,34.44,2.4701,290900,NEAR OCEAN
521,1468,1468,518,-118.47,34.32,4.8988,325200,<1H OCEAN
634,1649,1649,625,-117.68,33.49,6.3568,294300,<1H OCEAN
216,793,793,234,-118.25,33.96,1.6585,92900,<1H OCEAN
444,1434,1434,518,-122.5,37.74,3.875,275700,NEAR OCEAN
340,911,911,377,-122.3,37.97,3.375,149700,NEAR BAY
591,1448,1448,647,-122.47,37.78,3.1392,422400,NEAR BAY
864,2672,2672,926,-117.55,33.94,4.4762,163900,INLAND
463,1249,1249,492,-117.7,33.65,6.1863,355600,<1H OCEAN
341,1210,1210,363,-119.79,36.7,1.3922,49500,INLAND
597,1015,1015,660,-117.28,32.84,3.7596,381300,NEAR OCEAN
419,749,749,538,-121.92,36.56,2.7039,364000,NEAR OCEAN
2194,5005,5005,2355,-118.6,34.23,3.2564,230300,<1H OCEAN
373,1031,1031,393,-118.31,33.75,6.287,396400,NEAR OCEAN
527,1107,1107,544,-120.66,35.27,2.8009,192600,NEAR OCEAN
811,2465,2465,882,-118.09,33.89,3.099,166600,<1H OCEAN
236,768,768,238,-119.08,35.34,5.4449,118500,INLAND
222,782,782,248,-121.3,38.03,4.0227,107700,INLAND
315,601,601,342,-117.18,34.05,2.6129,137000,INLAND
209,415,415,214,-118.49,34.05,7.0285,500001,<1H OCEAN
825,2184,2184,883,-117.95,33.78,3.9536,191000,<1H OCEAN
214,909,909,277,-118.23,33.93,1.7411,96700,<1H OCEAN
278,1086,1086,286,-118.25,33.89,2.4632,111700,<1H OCEAN
1197,2849,2849,1341,-117.35,33.17,2.478,185600,NEAR OCEAN
1083,2186,2186,2007,-116.39,33.69,6.9833,238800,INLAND
232,703,703,264,-122.04,36.96,2.5865,206400,NEAR OCEAN
314,903,903,355,-118.38,34.3,4.1125,183000,<1H OCEAN
83,236,236,91,-121.23,38.09,6.4562,230000,INLAND
699,2388,2388,671,-122.26,38.15,4.0515,121900,NEAR BAY
438,1005,1005,456,-122.04,38.24,1.9954,92900,INLAND
334,825,825,349,-118.1,33.83,4.0603,225200,<1H OCEAN
407,1144,1144,446,-122.47,38.34,4.3472,261000,<1H OCEAN
707,2468,2468,803,-118.22,34.04,1.5163,115000,<1H OCEAN
497,1868,1868,534,-118.31,34.08,2.7038,227100,<1H OCEAN
209,536,536,361,-116.56,33.05,4.125,148200,INLAND
602,1675,1675,658,-118.32,33.79,3.8287,279900,<1H OCEAN
503,1145,1145,509,-121.44,38.54,2.5694,92400,INLAND
641,2612,2612,757,-122.04,38.24,1.6875,87500,INLAND
400,1074,1074,450,-121.97,38.34,4.0329,126800,INLAND
712,1943,1943,689,-117.96,33.65,5.7395,289800,<1H OCEAN
550,1042,1042,551,-117.07,32.6,1.9267,67500,NEAR OCEAN
387,910,910,476,-116.41,33.74,3.3639,168800,INLAND
159,538,538,174,-118.46,34.0,2.3542,235700,<1H OCEAN
530,1697,1697,571,-117.41,34.0,1.9052,83400,INLAND
881,1999,1999,883,-117.99,33.68,4.7245,273600,<1H OCEAN
272,846,846,296,-120.35,36.16,2.7792,85300,INLAND
232,720,720,255,-120.91,37.66,2.6523,76300,INLAND
328,981,981,352,-118.12,34.14,5.8692,490400,<1H OCEAN
710,1559,1559,763,-118.27,34.09,3.9674,268800,<1H OCEAN
305,852,852,298,-117.93,33.84,6.0531,287100,<1H OCEAN
386,859,859,390,-118.23,34.21,3.4148,234800,<1H OCEAN
463,1379,1379,471,-121.2,38.7,4.3214,131700,INLAND
454,1646,1646,460,-117.68,33.6,7.2147,303900,<1H OCEAN
241,704,704,262,-117.25,32.83,10.9529,500001,NEAR OCEAN
278,737,737,317,-119.57,36.1,3.5313,68800,INLAND
1482,2764,2764,1599,-122.11,37.41,3.4198,351900,NEAR BAY
491,2031,2031,563,-119.76,36.75,1.8641,50800,INLAND
564,1841,1841,549,-117.39,34.04,2.8682,96400,INLAND
341,1443,1443,318,-118.21,33.94,2.1903,162500,<1H OCEAN
311,597,597,412,-117.62,33.42,3.1395,310000,NEAR OCEAN
518,1278,1278,764,-123.25,38.54,3.3536,157500,NEAR OCEAN
610,1857,1857,588,-122.75,38.41,3.9688,165000,<1H OCEAN
907,1690,1690,1109,-122.26,37.53,6.2007,311800,NEAR BAY
964,2709,2709,1149,-116.39,34.15,1.9779,73300,INLAND
248,955,955,359,-117.05,32.68,3.2174,165100,NEAR OCEAN
377,826,826,417,-118.34,34.06,3.5481,396000,<1H OCEAN
52,316,316,57,-122.36,37.96,0.716,104200,NEAR BAY
853,2560,2560,872,-118.4,34.26,4.2538,154300,<1H OCEAN
498,1847,1847,604,-117.74,34.1,2.6779,136000,INLAND
732,2006,2006,767,-122.01,37.06,5.1121,308100,NEAR OCEAN
161,479,479,188,-122.36,37.94,3.0862,79000,NEAR BAY
385,719,719,372,-118.4,33.87,6.435,479500,<1H OCEAN
594,1191,1191,590,-122.24,37.49,3.7463,427600,NEAR OCEAN
570,1554,1554,567,-119.81,34.45,6.5173,334000,NEAR OCEAN
407,1187,1187,457,-117.9,34.14,3.8365,184200,<1H OCEAN
210,1007,1007,211,-117.62,34.05,2.8281,103600,INLAND
491,1195,1195,575,-118.86,36.41,3.0391,139700,INLAND
441,1108,1108,530,-121.95,36.59,5.8505,417100,NEAR OCEAN
224,1277,1277,222,-120.47,37.29,1.2054,60900,INLAND
244,622,622,236,-117.86,33.85,4.9306,158500,<1H OCEAN
656,1391,1391,785,-122.03,36.96,2.5067,232600,NEAR OCEAN
506,1215,1215,557,-121.92,37.33,4.7768,301100,<1H OCEAN
1220,2237,2237,1358,-118.45,34.16,3.7105,272600,<1H OCEAN
278,676,676,301,-120.35,37.98,3.5714,149500,INLAND
514,1174,1174,556,-121.71,39.71,3.066,102600,INLAND
278,776,776,307,-118.16,35.05,2.5875,68900,INLAND
209,933,933,227,-118.18,33.9,2.7292,143800,<1H OCEAN
340,1187,1187,386,-118.22,34.1,4.0469,196600,<1H OCEAN
296,1063,1063,272,-117.16,32.91,6.0891,214600,<1H OCEAN
306,814,814,270,-118.32,33.97,4.3919,157100,<1H OCEAN
286,685,685,298,-122.28,37.91,7.3089,331200,NEAR BAY
302,831,831,329,-120.99,37.66,2.5938,135600,INLAND
316,727,727,335,-117.92,33.62,6.5842,458500,<1H OCEAN
115,278,278,118,-122.19,38.09,6.3735,166300,NEAR BAY
636,1183,1183,661,-118.38,34.06,3.5556,500000,<1H OCEAN
1077,2887,2887,1189,-121.79,39.73,3.0625,116300,INLAND
567,1512,1512,576,-121.2,37.8,3.7546,135300,INLAND
334,951,951,394,-119.51,34.39,3.233,346000,NEAR OCEAN
367,1450,1450,359,-118.27,33.79,2.8462,172000,<1H OCEAN
577,1285,1285,655,-122.28,37.52,4.0801,397800,NEAR OCEAN
224,404,404,231,-121.93,37.73,3.375,350000,<1H OCEAN
488,2080,2080,522,-118.3,34.04,1.7225,180000,<1H OCEAN
614,1592,1592,702,-118.15,33.95,2.7875,209000,<1H OCEAN
1456,6666,6666,1572,-118.01,34.07,2.9334,182600,INLAND
321,810,810,427,-122.87,39.13,1.6369,86500,INLAND
266,662,662,279,-120.86,37.77,3.825,96400,INLAND
436,1136,1136,493,-122.42,37.77,1.375,312500,NEAR BAY
246,907,907,261,-122.18,37.76,1.9479,89500,NEAR BAY
620,1212,1212,626,-122.26,37.85,1.9167,159200,NEAR BAY
591,1182,1182,651,-117.65,34.07,1.4464,113200,INLAND
108,295,295,208,-122.91,39.05,3.7667,95000,INLAND
863,1941,1941,894,-118.26,34.15,3.0,178600,<1H OCEAN
541,1768,1768,531,-121.82,37.25,5.8305,245600,<1H OCEAN
243,717,717,290,-121.62,36.43,4.7891,230600,<1H OCEAN
334,731,731,417,-120.59,38.76,1.7266,94700,INLAND
604,1696,1696,621,-117.88,34.1,4.2685,216600,<1H OCEAN
185,610,610,177,-117.95,33.99,6.7978,325000,<1H OCEAN
322,1014,1014,325,-118.44,34.21,2.875,168600,<1H OCEAN
114,356,356,150,-121.21,39.49,2.5568,77100,INLAND
528,1543,1543,560,-118.36,34.17,2.3851,194100,<1H OCEAN
1019,2475,2475,1187,-117.43,34.08,2.1189,121700,INLAND
448,1281,1281,472,-122.47,37.75,5.482,366300,NEAR BAY
425,807,807,423,-117.92,33.65,0.9702,225400,<1H OCEAN
195,600,600,190,-122.21,37.79,3.0893,125000,NEAR BAY
1046,3126,3126,1172,-117.31,34.43,1.6784,71900,INLAND
788,1519,1519,775,-122.54,37.94,4.4081,435200,NEAR BAY
316,919,919,323,-119.87,36.76,2.875,74500,INLAND
318,850,850,301,-118.46,34.07,14.2867,500001,<1H OCEAN
501,1275,1275,522,-117.96,33.93,3.776,192600,<1H OCEAN
442,1915,1915,442,-117.9,33.74,2.3783,166700,<1H OCEAN
311,679,679,314,-121.3,37.96,1.7788,97400,INLAND
563,1741,1741,591,-118.63,34.19,5.1529,259600,<1H OCEAN
254,967,967,283,-118.14,34.02,2.75,178300,<1H OCEAN
888,2101,2101,918,-118.39,34.01,3.9688,355100,<1H OCEAN
270,886,886,294,-117.99,33.69,5.3259,216400,<1H OCEAN
556,2010,2010,572,-117.03,32.7,2.2866,109900,NEAR OCEAN
529,1243,1243,581,-118.37,33.86,4.119,324000,<1H OCEAN
688,1911,1911,826,-118.33,34.03,1.9018,137500,<1H OCEAN
936,1821,1821,1034,-122.43,37.78,2.6392,287500,NEAR BAY
325,1412,1412,297,-118.22,33.94,3.0903,153500,<1H OCEAN
289,1498,1498,284,-118.23,33.9,2.4706,88800,<1H OCEAN
495,1700,1700,514,-122.22,37.78,2.0801,131900,NEAR BAY
351,1296,1296,391,-117.33,34.14,1.9423,69700,INLAND
630,2484,2484,697,-118.26,34.0,1.9208,103400,<1H OCEAN
573,1071,1071,617,-118.37,34.15,3.3669,376100,<1H OCEAN
312,1366,1366,300,-119.05,34.35,2.2443,146600,<1H OCEAN
477,1671,1671,473,-117.6,33.86,5.195,161000,INLAND
174,598,598,177,-118.04,34.11,7.1885,500001,INLAND
192,470,470,192,-121.3,38.13,2.8942,116700,INLAND
470,1232,1232,517,-118.24,34.22,5.529,241300,<1H OCEAN
26,158,158,26,-119.01,35.38,1.075,67500,INLAND
458,1167,1167,531,-122.54,38.36,3.7969,202800,<1H OCEAN
450,1569,1569,466,-117.68,33.59,8.8636,314000,<1H OCEAN
2199,6474,6474,2278,-117.71,33.97,3.851,137200,INLAND
194,376,376,206,-118.46,34.0,3.875,372000,<1H OCEAN
212,429,429,212,-121.51,38.26,1.6458,52800,INLAND
631,3117,3117,654,-117.89,33.75,3.1713,170100,<1H OCEAN
565,1369,1369,565,-118.3,33.89,3.285,218100,<1H OCEAN
322,1018,1018,306,-118.15,34.2,4.1518,182100,INLAND
529,1553,1553,516,-121.34,38.69,3.7857,112700,INLAND
769,1929,1929,779,-121.37,38.66,2.3844,86000,INLAND
330,1425,1425,337,-122.46,37.71,4.0547,246200,NEAR OCEAN
278,761,761,293,-118.17,34.87,3.0184,87900,INLAND
208,567,567,221,-122.06,37.27,10.5793,500001,<1H OCEAN
556,1345,1345,537,-117.02,32.75,5.2835,217100,<1H OCEAN
1090,2657,2657,1150,-118.45,34.2,2.9688,202100,<1H OCEAN
687,2065,2065,706,-117.01,32.75,3.9545,178100,<1H OCEAN
85,154,154,119,-121.29,37.96,0.8738,75000,INLAND
247,760,760,265,-118.26,33.94,1.6887,99600,<1H OCEAN
790,2275,2275,908,-118.26,34.5,4.7778,340400,INLAND
235,569,569,206,-122.1,37.96,6.3699,235500,NEAR BAY
240,478,478,233,-117.11,32.77,4.3875,300000,NEAR OCEAN
900,3156,3156,1017,-117.45,34.1,2.7827,105800,INLAND
13,59,59,13,-117.11,33.12,3.875,200000,<1H OCEAN
234,692,692,229,-117.21,34.11,3.2176,89400,INLAND
452,1406,1406,493,-122.35,37.94,2.3456,105200,NEAR BAY
33,113,113,36,-119.05,34.19,2.8942,275000,NEAR OCEAN
314,969,969,350,-121.47,38.95,2.7039,106300,INLAND
487,1945,1945,488,-118.29,34.04,2.4359,123700,<1H OCEAN
276,890,890,322,-121.95,37.21,10.0187,500001,<1H OCEAN
296,855,855,327,-120.91,37.74,3.25,176700,INLAND
149,502,502,160,-121.2,37.79,2.4798,101500,INLAND
241,1023,1023,239,-118.43,34.25,3.4514,151900,<1H OCEAN
809,2284,2284,917,-120.57,35.18,4.0403,346100,<1H OCEAN
1008,2855,2855,1038,-119.21,34.31,6.729,409300,NEAR OCEAN
459,787,787,486,-122.23,37.8,3.1603,269500,NEAR BAY
233,793,793,260,-121.29,38.28,4.8073,156700,INLAND
841,1637,1637,947,-121.99,37.35,4.5427,198400,<1H OCEAN
367,1034,1034,351,-121.81,37.41,7.0544,320700,<1H OCEAN
416,665,665,454,-118.47,33.99,2.975,500001,<1H OCEAN
439,1768,1768,515,-118.31,34.05,1.9336,190600,<1H OCEAN
545,1672,1672,556,-117.75,34.09,4.2143,146900,INLAND
323,925,925,314,-117.94,33.67,8.1839,367000,<1H OCEAN
305,1009,1009,288,-122.1,37.4,3.9091,276000,NEAR BAY
490,1277,1277,491,-118.35,34.18,4.282,224700,<1H OCEAN
550,1616,1616,556,-121.25,38.66,5.02,169600,INLAND
659,1871,1871,695,-117.68,34.14,6.9532,277000,INLAND
428,630,630,440,-117.04,32.8,2.0337,146700,<1H OCEAN
130,780,780,134,-124.07,40.87,0.7684,153100,NEAR OCEAN
263,900,900,254,-122.19,37.77,1.8039,92300,NEAR BAY
1088,2382,2382,1385,-117.21,34.08,3.0587,143100,INLAND
397,1317,1317,406,-121.98,37.95,6.7821,265900,INLAND
738,1997,1997,758,-116.99,32.81,4.2386,201000,<1H OCEAN
438,1568,1568,470,-117.8,33.85,5.6403,233000,<1H OCEAN
777,2447,2447,767,-117.85,33.81,4.9917,248100,<1H OCEAN
273,756,756,270,-118.32,34.1,2.2311,206300,<1H OCEAN
157,484,484,247,-121.47,39.01,2.3661,77500,INLAND
890,1432,1432,1387,-116.54,33.8,2.2216,183900,INLAND
454,1232,1232,475,-118.25,34.23,4.6852,296200,<1H OCEAN
647,2033,2033,713,-122.0,37.96,4.5833,190700,INLAND
198,664,664,195,-118.15,34.04,2.1944,203300,<1H OCEAN
272,740,740,334,-120.46,34.64,2.3804,148000,NEAR OCEAN
386,1385,1385,413,-118.15,33.86,4.4934,213800,<1H OCEAN
727,1433,1433,798,-122.03,37.38,3.8732,252400,<1H OCEAN
224,484,484,277,-120.45,34.64,3.2167,112500,NEAR OCEAN
445,1170,1170,452,-117.91,34.08,3.6625,217100,<1H OCEAN
374,986,986,373,-118.07,34.17,5.7051,326000,INLAND
328,850,850,329,-118.1,33.8,5.0574,240800,<1H OCEAN
320,566,566,691,-117.24,32.79,2.6902,212500,NEAR OCEAN
509,1550,1550,553,-117.74,34.07,3.0294,135700,INLAND
374,944,944,429,-118.13,33.84,4.2841,312400,<1H OCEAN
629,1603,1603,726,-119.45,37.21,2.9449,95600,INLAND
555,1604,1604,591,-118.19,33.8,2.9943,190600,NEAR OCEAN
336,907,907,349,-121.98,37.29,7.5443,283000,<1H OCEAN
1493,3944,3944,1489,-118.22,33.86,5.1948,203500,<1H OCEAN
472,1079,1079,498,-122.43,37.74,5.0196,324300,NEAR BAY
1152,2489,2489,1265,-117.15,33.7,3.1319,111500,INLAND
138,302,302,151,-121.0,39.26,3.1094,136100,INLAND
392,1086,1086,441,-117.95,33.66,7.3719,337400,<1H OCEAN
389,1140,1140,410,-117.65,33.62,6.2899,275000,<1H OCEAN
920,2772,2772,970,-121.18,38.69,6.3528,274500,INLAND
871,2300,2300,911,-117.88,33.89,3.0214,218400,<1H OCEAN
1027,2177,2177,1115,-122.57,37.97,3.5055,382100,NEAR BAY
638,1724,1724,691,-118.01,33.84,3.9628,215600,<1H OCEAN
448,1146,1146,484,-122.12,37.68,2.95,148900,NEAR BAY
181,555,555,210,-122.21,38.28,4.4861,269300,NEAR BAY
277,956,956,251,-118.02,33.92,5.5238,185300,<1H OCEAN
465,1411,1411,439,-119.38,36.55,3.017,72000,INLAND
378,1304,1304,388,-118.12,34.06,3.1892,214700,<1H OCEAN
594,1938,1938,597,-118.88,34.2,7.3409,316000,<1H OCEAN
1241,2649,2649,1510,-121.89,37.69,3.62,139300,<1H OCEAN
1177,3237,3237,1234,-122.07,38.27,4.3586,173400,INLAND
783,1218,1218,800,-118.32,34.12,4.15,393500,<1H OCEAN
352,2091,2091,381,-117.9,34.01,3.7917,131100,<1H OCEAN
211,1066,1066,213,-115.57,32.8,4.5714,68600,INLAND
564,2271,2271,609,-117.7,34.06,2.3049,150000,INLAND
187,601,601,193,-118.21,33.83,2.8837,176100,NEAR OCEAN
801,2282,2282,894,-117.31,33.16,5.5956,247800,NEAR OCEAN
383,1279,1279,372,-117.69,33.64,6.9741,262000,<1H OCEAN
305,1054,1054,305,-122.02,36.96,2.0172,112500,NEAR OCEAN
439,1133,1133,463,-118.33,34.19,3.7344,222000,<1H OCEAN
283,806,806,307,-121.03,39.05,3.9185,195200,INLAND
456,1357,1357,500,-117.71,33.63,4.5909,241800,<1H OCEAN
507,1190,1190,573,-116.95,33.75,2.0714,85800,INLAND
2447,4404,4404,2691,-118.59,34.18,4.2009,271300,<1H OCEAN
284,1035,1035,307,-121.02,37.64,2.1036,88300,INLAND
220,1515,1515,353,-119.78,34.45,4.2109,450000,NEAR OCEAN
522,1537,1537,549,-121.65,40.88,3.0179,61300,INLAND
274,943,943,254,-117.64,33.51,5.9339,286000,<1H OCEAN
332,1019,1019,338,-118.29,34.16,3.7083,241900,<1H OCEAN
340,794,794,331,-118.43,34.17,5.9275,336900,<1H OCEAN
523,1702,1702,534,-117.93,33.93,3.7933,184400,<1H OCEAN
400,1859,1859,440,-118.26,34.02,1.3134,96200,<1H OCEAN
465,1411,1411,494,-117.71,34.08,4.2639,154200,INLAND
757,2088,2088,764,-117.08,32.67,2.5662,118200,NEAR OCEAN
1629,4926,4926,1689,-117.84,33.82,4.7946,251200,<1H OCEAN
449,1633,1633,458,-119.7,34.41,2.2069,226500,NEAR OCEAN
486,959,959,535,-122.27,37.78,5.2601,292700,NEAR BAY
313,777,777,299,-119.72,34.43,2.5694,275000,<1H OCEAN
187,420,420,187,-124.09,40.88,2.2188,105800,NEAR OCEAN
249,551,551,227,-122.14,37.43,6.5829,500001,NEAR BAY
430,975,975,421,-124.16,40.79,2.2566,92700,NEAR OCEAN
383,924,924,829,-120.37,38.23,2.6942,123500,INLAND
641,2227,2227,614,-118.02,33.81,5.1155,200900,<1H OCEAN
344,804,804,348,-121.63,39.12,3.4492,98800,INLAND
261,634,634,269,-118.29,34.07,1.6406,300000,<1H OCEAN
305,975,975,319,-118.06,33.98,4.7266,177600,<1H OCEAN
614,1351,1351,646,-117.05,34.02,2.598,106700,INLAND
469,1235,1235,496,-118.1,34.16,4.2386,283700,INLAND
389,1348,1348,388,-117.96,33.99,6.2517,311100,<1H OCEAN
369,1914,1914,359,-117.88,33.71,3.5551,185200,<1H OCEAN
538,1405,1405,535,-122.11,37.43,7.3023,451300,NEAR BAY
718,1952,1952,737,-121.98,36.97,3.7273,251900,NEAR OCEAN
496,1816,1816,515,-122.41,37.76,3.0774,300000,NEAR BAY
201,727,727,216,-118.31,34.02,1.6667,116900,<1H OCEAN
667,1906,1906,763,-116.53,33.88,4.6855,125200,INLAND
408,1741,1741,436,-118.19,33.99,2.4596,154700,<1H OCEAN
2666,8686,8686,2812,-117.86,33.99,6.3875,310700,<1H OCEAN
493,1234,1234,550,-117.26,34.13,2.0,72100,INLAND
512,1353,1353,563,-122.22,38.1,3.4559,111900,NEAR BAY
457,1531,1531,458,-121.66,36.89,5.5148,253500,<1H OCEAN
231,569,569,241,-121.52,39.5,3.2833,82600,INLAND
857,2821,2821,880,-117.46,33.93,3.0122,114700,INLAND
557,1230,1230,550,-122.04,37.88,4.6424,312700,NEAR BAY
654,893,893,714,-117.71,33.6,2.3387,74800,<1H OCEAN
395,1128,1128,402,-122.41,37.6,6.3719,466900,NEAR OCEAN
455,987,987,457,-121.49,38.56,1.9013,86900,INLAND
579,1192,1192,667,-121.36,38.01,2.3339,87100,INLAND
525,1178,1178,498,-121.34,37.99,6.556,234700,INLAND
353,1094,1094,325,-117.42,33.94,4.1528,113900,INLAND
261,705,705,245,-122.04,37.97,3.1968,151000,NEAR BAY
831,2335,2335,884,-121.07,38.92,4.515,164000,INLAND
234,632,632,236,-118.16,34.11,3.7235,263600,<1H OCEAN
444,1194,1194,469,-122.26,40.19,2.0425,63700,INLAND
903,2479,2479,897,-122.1,37.67,2.9564,150500,NEAR BAY
655,1687,1687,667,-121.16,38.68,3.1161,131600,INLAND
223,504,504,247,-122.89,38.93,2.7188,105700,<1H OCEAN
112,400,400,98,-119.16,34.28,4.0,219200,NEAR OCEAN
462,1277,1277,511,-118.12,33.86,4.3194,199500,<1H OCEAN
388,1361,1361,376,-117.48,34.01,4.369,121100,INLAND
613,1266,1266,814,-119.63,34.4,6.0069,500001,<1H OCEAN
1498,4438,4438,1572,-117.12,32.95,4.988,263700,<1H OCEAN
227,523,523,261,-122.29,37.88,3.8672,216700,NEAR BAY
77,268,268,71,-118.25,33.89,3.9,115800,<1H OCEAN
650,1752,1752,707,-118.48,34.23,4.5484,239900,<1H OCEAN
1062,3386,3386,1050,-121.96,37.71,7.2494,336500,<1H OCEAN
369,764,764,372,-121.46,38.56,2.9191,111800,INLAND
367,1097,1097,444,-117.19,34.94,2.1522,60800,INLAND
199,571,571,702,-119.53,37.34,2.3482,179500,INLAND
480,1659,1659,478,-117.98,33.79,4.1115,179700,<1H OCEAN
292,703,703,306,-118.38,33.81,8.5491,410300,NEAR OCEAN
436,1073,1073,469,-121.57,39.5,1.5714,56100,INLAND
859,1847,1847,871,-121.1,38.92,3.0321,135500,INLAND
290,1064,1064,340,-122.39,37.72,1.1125,206300,NEAR BAY
528,1132,1132,524,-118.13,33.79,4.6133,500001,NEAR OCEAN
359,994,994,389,-117.06,33.02,5.8966,261500,<1H OCEAN
922,1807,1807,1092,-121.91,36.97,3.5112,231900,NEAR OCEAN
505,1326,1326,518,-121.33,38.61,2.7079,148000,INLAND
792,1835,1835,807,-117.22,32.87,3.35,171000,NEAR OCEAN
507,842,842,510,-122.26,37.5,3.6111,341500,NEAR OCEAN
722,1994,1994,743,-121.89,38.01,4.2227,134400,INLAND
265,710,710,777,-116.88,34.08,3.9028,128600,INLAND
418,1689,1689,425,-118.17,34.01,2.7799,149300,<1H OCEAN
393,1047,1047,438,-118.52,34.18,3.6534,216000,<1H OCEAN
1377,3927,3927,1416,-122.05,38.26,3.0912,126300,INLAND
708,1612,1612,774,-118.14,33.94,2.9205,196600,<1H OCEAN
1265,2039,2039,1452,-118.34,34.1,1.8209,500001,<1H OCEAN
356,999,999,360,-117.23,33.2,4.8929,212500,<1H OCEAN
235,667,667,220,-121.13,37.73,3.3158,125900,INLAND
891,2764,2764,953,-117.2,34.48,3.205,101900,INLAND
135,547,547,114,-122.22,37.77,2.8015,114800,NEAR BAY
346,1644,1644,346,-118.24,33.97,2.1473,115100,<1H OCEAN
278,1226,1226,276,-118.19,33.93,3.4712,144300,<1H OCEAN
411,782,782,398,-117.87,33.6,5.1155,500000,<1H OCEAN
613,1787,1787,883,-118.61,34.38,6.6916,329500,INLAND
342,736,736,347,-118.11,33.93,3.2011,162500,<1H OCEAN
266,799,799,272,-120.43,34.87,3.9871,157700,<1H OCEAN
428,1057,1057,448,-118.13,33.79,4.375,234800,NEAR OCEAN
486,1263,1263,488,-124.15,40.79,3.0216,86400,NEAR OCEAN
529,1217,1217,580,-118.0,33.83,2.2401,212500,<1H OCEAN
174,514,514,190,-117.95,33.82,4.0735,208700,<1H OCEAN
607,1562,1562,658,-118.24,34.15,3.3906,284100,<1H OCEAN
695,1328,1328,756,-117.14,32.76,2.694,164100,NEAR OCEAN
470,1416,1416,532,-118.29,33.91,3.8372,156400,<1H OCEAN
592,2015,2015,637,-120.61,35.1,3.0536,143600,<1H OCEAN
175,556,556,186,-120.3,37.34,2.4286,103600,INLAND
178,547,547,186,-118.34,34.08,10.3661,500001,<1H OCEAN
995,1624,1624,1423,-118.32,34.14,4.0965,500001,<1H OCEAN
564,1444,1444,592,-121.66,36.67,3.1439,192300,<1H OCEAN
198,645,645,202,-116.84,33.02,5.6674,209800,<1H OCEAN
2847,8117,8117,2993,-122.01,37.57,5.8322,281800,NEAR BAY
485,877,877,601,-122.16,37.72,3.3431,137500,NEAR BAY
103,252,252,546,-120.33,38.26,4.4063,155800,INLAND
447,930,930,482,-117.86,33.61,8.6001,500001,<1H OCEAN
421,1193,1193,420,-118.1,33.82,4.8462,225700,<1H OCEAN
868,2336,2336,879,-118.49,34.11,13.2935,500001,<1H OCEAN
396,1650,1650,449,-117.09,32.68,2.2201,100000,NEAR OCEAN
390,1350,1350,404,-117.82,33.85,6.057,235900,<1H OCEAN
1294,2312,2312,1313,-119.77,34.44,2.4717,295300,NEAR OCEAN
384,1019,1019,487,-118.18,36.63,2.2574,104700,INLAND
216,583,583,227,-121.31,37.96,2.3393,77600,INLAND
596,2591,2591,632,-119.06,34.23,3.0219,221700,<1H OCEAN
256,814,814,248,-121.94,37.3,6.623,332500,<1H OCEAN
240,968,968,245,-118.18,33.94,3.4688,183600,<1H OCEAN
373,1311,1311,344,-117.95,33.68,5.0287,265000,<1H OCEAN
160,423,423,195,-122.26,37.82,0.9506,187500,NEAR BAY
461,1308,1308,442,-118.06,34.1,3.6995,260100,<1H OCEAN
424,1141,1141,442,-122.31,37.58,3.9696,258300,NEAR BAY
363,1405,1405,417,-118.21,33.88,2.0125,143000,<1H OCEAN
983,2731,2731,1008,-121.34,38.57,4.4602,134500,INLAND
532,2362,2362,636,-116.49,33.82,2.9569,65900,INLAND
362,1324,1324,396,-117.57,33.91,5.3735,214600,INLAND
392,1279,1279,390,-117.08,32.7,2.4135,97000,NEAR OCEAN
561,1235,1235,596,-118.38,34.07,4.4896,500001,<1H OCEAN
645,1687,1687,749,-117.07,32.75,3.3026,119100,NEAR OCEAN
493,1620,1620,546,-117.09,32.75,1.6034,84400,NEAR OCEAN
317,1041,1041,329,-118.56,34.22,4.4271,205100,<1H OCEAN
269,825,825,280,-118.27,34.17,5.5118,354700,<1H OCEAN
183,612,612,206,-122.23,37.77,2.57,72000,NEAR BAY
373,885,885,386,-122.24,37.77,3.6417,206300,NEAR BAY
794,1745,1745,1042,-123.73,39.17,2.375,158800,NEAR OCEAN
479,1420,1420,467,-117.92,34.06,5.184,224900,<1H OCEAN
781,1423,1423,815,-118.42,34.02,3.6488,340800,<1H OCEAN
615,1636,1636,628,-123.34,39.39,2.3333,84000,<1H OCEAN
406,1112,1112,388,-122.28,38.29,2.2366,140200,NEAR BAY
611,1657,1657,577,-122.55,38.01,6.3314,342200,NEAR BAY
1481,3759,3759,1535,-121.54,38.49,5.1442,174500,INLAND
1625,3539,3539,1737,-122.0,37.36,3.8464,239400,<1H OCEAN
607,2169,2169,695,-121.81,37.27,4.3438,209700,<1H OCEAN
374,910,910,396,-117.87,33.59,6.6544,500001,<1H OCEAN
581,1498,1498,645,-118.32,34.01,2.6667,128000,<1H OCEAN
119,364,364,127,-117.75,33.95,7.5839,426900,<1H OCEAN
405,1071,1071,438,-117.12,34.04,4.8173,146600,INLAND
417,1123,1123,418,-118.45,34.01,6.4755,405800,<1H OCEAN
298,608,608,309,-122.13,38.01,2.1974,139300,NEAR BAY
475,896,896,467,-118.61,34.2,3.6296,160900,<1H OCEAN
350,856,856,389,-121.97,37.25,7.9135,496400,<1H OCEAN
306,806,806,347,-120.72,38.38,2.525,157200,INLAND
492,2191,2191,497,-118.18,34.01,2.3462,127300,<1H OCEAN
265,702,702,301,-118.34,34.26,5.2661,314900,<1H OCEAN
253,776,776,251,-117.41,34.1,3.1287,102000,INLAND
177,496,496,190,-122.24,37.85,7.2574,352100,NEAR BAY
342,1553,1553,388,-118.24,33.96,2.0655,93400,<1H OCEAN
464,1296,1296,476,-122.19,40.2,3.5305,73600,INLAND
221,1024,1024,237,-117.74,34.05,2.1141,110900,INLAND
303,1279,1279,317,-118.2,34.05,1.9615,141700,<1H OCEAN
673,2098,2098,679,-117.06,32.58,3.5125,142400,NEAR OCEAN
497,1966,1966,555,-122.21,37.47,3.0472,211000,NEAR OCEAN
436,1384,1384,462,-118.96,34.18,6.1306,258200,<1H OCEAN
244,933,933,296,-121.89,37.35,2.925,170800,<1H OCEAN
479,1343,1343,616,-124.23,41.75,2.4805,73200,NEAR OCEAN
413,1353,1353,420,-121.97,37.53,4.75,197000,<1H OCEAN
727,1765,1765,888,-117.28,34.17,1.7456,86800,INLAND
233,816,816,254,-118.16,34.14,8.2435,500001,<1H OCEAN
1248,1974,1974,1338,-117.97,33.66,2.8061,180300,<1H OCEAN
795,1581,1581,828,-122.55,37.98,3.293,337500,NEAR BAY
295,868,868,314,-118.15,34.19,3.6094,160700,<1H OCEAN
17,63,63,19,-121.98,37.14,9.5908,350000,<1H OCEAN
2441,8980,8980,2688,-117.18,32.95,6.3237,260900,<1H OCEAN
549,1318,1318,572,-119.26,34.27,3.6413,212700,NEAR OCEAN
659,1935,1935,694,-117.03,32.97,4.5625,231200,<1H OCEAN
333,1161,1161,348,-118.24,34.11,2.2167,176700,<1H OCEAN
304,616,616,322,-122.26,37.83,2.026,142500,NEAR BAY
850,2302,2302,959,-118.05,34.12,3.55,476700,INLAND
291,706,706,296,-117.37,33.94,4.0966,140100,INLAND
87,498,498,89,-118.24,33.99,2.4107,96400,<1H OCEAN
317,771,771,332,-117.06,32.79,8.7604,331800,<1H OCEAN
871,1891,1891,911,-118.4,34.17,3.4013,286000,<1H OCEAN
350,716,716,389,-121.05,39.2,2.3125,108300,INLAND
385,1036,1036,378,-118.11,33.94,5.0258,255400,<1H OCEAN
690,1200,1200,738,-117.18,32.74,2.5288,274000,NEAR OCEAN
221,812,812,255,-117.87,33.75,2.6635,162500,<1H OCEAN
529,1556,1556,530,-117.01,32.73,2.8646,120800,NEAR OCEAN
646,1741,1741,685,-121.37,38.41,3.5625,125700,INLAND
404,1204,1204,399,-118.0,33.92,6.1273,289600,<1H OCEAN
310,746,746,329,-119.72,34.43,3.6719,357400,<1H OCEAN
775,2318,2318,790,-118.42,34.19,2.2589,269700,<1H OCEAN
151,334,334,163,-122.52,37.92,5.8509,317800,NEAR BAY
386,1516,1516,430,-121.79,36.95,3.7863,192200,<1H OCEAN
1107,2143,2143,1529,-117.0,33.74,2.1103,94400,INLAND
407,1500,1500,398,-118.2,34.12,2.8125,155600,<1H OCEAN
326,937,937,330,-118.05,33.78,6.6264,359100,<1H OCEAN
560,1660,1660,576,-118.07,33.82,5.7965,228200,<1H OCEAN
199,661,661,179,-117.98,33.84,5.0747,189600,<1H OCEAN
705,913,913,780,-117.18,32.77,2.7386,87500,NEAR OCEAN
485,1049,1049,520,-117.3,33.06,4.027,290000,NEAR OCEAN
580,874,874,661,-117.24,32.8,3.8018,112500,NEAR OCEAN
295,636,636,281,-122.69,38.44,2.7222,161200,<1H OCEAN
1511,3731,3731,1617,-118.45,34.12,9.7449,500001,<1H OCEAN
273,1085,1085,318,-118.2,34.05,1.7054,117200,<1H OCEAN
337,1173,1173,318,-117.93,33.86,4.5774,182100,<1H OCEAN
487,1338,1338,488,-117.3,34.54,3.2596,85400,INLAND
211,513,513,213,-117.19,32.75,6.1309,411600,NEAR OCEAN
369,1083,1083,365,-118.3,33.86,5.1727,230200,<1H OCEAN
705,2341,2341,737,-117.09,32.68,2.0114,104900,NEAR OCEAN
1161,3954,3954,1198,-117.61,34.12,4.6997,156900,INLAND
121,364,364,136,-119.01,35.37,1.4779,66000,INLAND
145,407,407,149,-118.23,34.13,4.5766,185800,<1H OCEAN
83,433,433,60,-118.44,34.26,5.5124,174300,<1H OCEAN
303,778,778,279,-117.93,33.86,2.6563,155000,<1H OCEAN
265,810,810,233,-117.95,33.67,8.289,372400,<1H OCEAN
258,812,812,294,-123.39,38.99,3.4063,109400,<1H OCEAN
481,1161,1161,536,-118.39,34.03,3.2228,232500,<1H OCEAN
378,648,648,427,-118.46,33.97,3.8698,500001,<1H OCEAN
1036,1886,1886,1192,-118.44,34.05,4.4674,500001,<1H OCEAN
338,923,923,389,-118.19,34.87,5.0553,111100,INLAND
630,1905,1905,662,-116.98,32.75,4.375,214000,<1H OCEAN
20,51,51,49,-115.88,32.93,4.0208,32500,INLAND
319,980,980,327,-118.27,33.8,3.35,177700,<1H OCEAN
42,98,98,372,-120.06,39.15,1.1912,170000,INLAND
285,578,578,303,-121.92,36.62,2.5625,235400,NEAR OCEAN
346,1039,1039,328,-119.33,36.32,3.5313,82800,INLAND
805,2553,2553,867,-121.24,37.79,4.075,195000,INLAND
324,1094,1094,327,-122.21,38.02,6.0224,198500,NEAR BAY
830,1711,1711,851,-122.41,37.79,3.0296,500001,NEAR BAY
4372,12153,12153,4492,-121.68,36.72,3.2652,152800,<1H OCEAN
557,1846,1846,588,-122.42,37.76,1.3365,225000,NEAR BAY
486,1849,1849,516,-117.02,32.7,4.1837,125400,NEAR OCEAN
354,845,845,450,-119.85,36.76,1.8214,80100,INLAND
442,1383,1383,458,-117.82,33.72,6.5987,272800,<1H OCEAN
208,495,495,215,-122.45,37.79,10.7097,500001,NEAR BAY
1053,1939,1939,1116,-122.43,37.77,2.7587,354500,NEAR BAY
171,653,653,197,-122.45,37.72,4.2167,231900,NEAR BAY
1102,3906,3906,1190,-118.3,34.09,2.1927,253300,<1H OCEAN
287,491,491,318,-118.4,34.03,3.2222,319400,<1H OCEAN
222,989,989,205,-117.06,32.6,2.7014,108200,NEAR OCEAN
418,1512,1512,359,-118.27,34.13,2.1071,208900,<1H OCEAN
231,548,548,240,-120.65,35.28,2.5455,165900,NEAR OCEAN
606,1537,1537,661,-122.05,37.37,6.6085,344700,<1H OCEAN
257,629,629,251,-117.84,33.8,4.3661,222100,<1H OCEAN
226,529,529,338,-120.41,38.33,3.024,100900,INLAND
184,462,462,202,-122.07,38.0,3.625,156300,NEAR BAY
284,802,802,313,-121.52,38.9,2.9048,98200,INLAND
142,461,461,176,-122.66,38.81,3.4375,83300,INLAND
338,835,835,306,-122.11,37.7,2.3274,170400,NEAR BAY
90,230,230,198,-116.88,34.25,4.9643,176000,INLAND
689,1059,1059,706,-118.37,34.09,2.8942,500001,<1H OCEAN
724,1572,1572,670,-117.88,33.78,3.3472,237400,<1H OCEAN
754,1977,1977,1044,-121.03,40.35,2.1833,49500,INLAND
426,807,807,453,-118.17,33.74,3.7838,500001,NEAR OCEAN
221,627,627,210,-118.01,33.95,4.6923,181000,<1H OCEAN
466,1327,1327,490,-117.86,34.1,3.5977,180600,<1H OCEAN
233,719,719,229,-118.09,33.96,3.425,163200,<1H OCEAN
1262,3068,3068,1401,-118.17,33.77,2.2808,154700,NEAR OCEAN
219,601,601,236,-122.44,37.78,2.151,146900,NEAR BAY
274,744,744,298,-118.29,34.1,2.7054,162500,<1H OCEAN
271,776,776,280,-118.11,33.81,6.2187,257900,<1H OCEAN
472,811,811,502,-117.15,32.76,2.75,175000,NEAR OCEAN
295,692,692,294,-119.02,35.34,2.3125,65800,INLAND
795,2356,2356,852,-117.69,33.65,6.1062,274600,<1H OCEAN
313,792,792,350,-117.2,32.83,2.8472,161400,NEAR OCEAN
13,43,43,17,-122.52,38.7,0.536,87500,INLAND
410,601,601,495,-117.16,32.74,3.0571,418800,NEAR OCEAN
639,1075,1075,791,-118.45,33.96,5.723,500001,<1H OCEAN
542,1336,1336,576,-118.1,34.01,1.3365,183300,<1H OCEAN
168,605,605,198,-118.29,33.93,2.2778,128100,<1H OCEAN
347,986,986,372,-118.56,34.19,4.8125,266700,<1H OCEAN
728,2566,2566,1020,-122.75,38.46,3.0147,142800,<1H OCEAN
499,1669,1669,476,-121.8,36.94,2.8214,190100,<1H OCEAN
315,613,613,331,-118.32,34.19,3.0179,272500,<1H OCEAN
207,506,506,200,-122.28,37.88,4.1912,254500,NEAR BAY
696,1807,1807,758,-122.41,37.62,3.2216,242700,NEAR OCEAN
432,884,884,435,-118.37,34.07,5.24,486400,<1H OCEAN
494,1170,1170,502,-120.66,35.28,2.1786,206300,NEAR OCEAN
4616,9851,9851,4952,-117.34,33.98,1.7579,103400,INLAND
403,1363,1363,403,-117.68,33.54,7.618,341400,<1H OCEAN
190,567,567,200,-118.3,33.97,2.6311,124100,<1H OCEAN
647,1938,1938,623,-119.78,36.8,2.8994,66000,INLAND
335,763,763,334,-121.64,39.74,2.3711,121800,INLAND
393,1229,1229,410,-118.11,33.86,5.3889,234900,<1H OCEAN
275,753,753,270,-118.01,34.16,5.532,318500,INLAND
696,2603,2603,716,-120.58,37.36,2.2179,67500,INLAND
396,960,960,396,-117.28,34.41,2.9934,118200,INLAND
532,1325,1325,544,-119.69,34.42,1.2762,253600,<1H OCEAN
292,878,878,342,-117.27,34.5,6.0296,194100,INLAND
1174,3432,3432,1367,-118.3,34.1,1.7083,166700,<1H OCEAN
156,495,495,164,-122.03,38.24,5.4074,157700,INLAND
286,761,761,273,-123.79,39.44,2.7813,105800,<1H OCEAN
851,1639,1639,945,-122.21,37.52,2.7399,87500,NEAR BAY
760,1411,1411,834,-118.51,34.17,3.1885,219000,<1H OCEAN
484,1605,1605,515,-117.81,33.84,10.5981,460100,<1H OCEAN
1605,5023,5023,1655,-122.47,37.65,4.6452,236200,NEAR OCEAN
1693,4514,4514,1765,-119.23,34.46,3.2026,227600,<1H OCEAN
590,1529,1529,647,-118.58,34.24,3.2426,236900,<1H OCEAN
390,1311,1311,367,-118.99,35.33,1.6786,52900,INLAND
542,1516,1516,535,-118.25,34.22,3.8068,267000,<1H OCEAN
989,2153,2153,1110,-117.9,33.7,4.6483,190800,<1H OCEAN
531,1610,1610,538,-121.99,37.37,4.2422,237500,<1H OCEAN
341,655,655,359,-118.34,34.01,2.5568,312500,<1H OCEAN
674,3842,3842,679,-117.91,33.75,3.0635,160000,<1H OCEAN
296,782,782,351,-117.02,34.9,1.6515,61600,INLAND
335,839,839,352,-118.39,33.97,6.5778,350800,<1H OCEAN
87,311,311,86,-119.45,36.48,3.1719,106300,INLAND
372,1037,1037,369,-121.9,38.02,3.6154,181800,INLAND
410,1083,1083,429,-117.23,32.81,8.1844,406300,NEAR OCEAN
848,1622,1622,913,-118.32,34.01,2.4934,165800,<1H OCEAN
506,1146,1146,510,-118.39,33.97,5.1333,345900,<1H OCEAN
202,514,514,191,-122.25,37.86,7.0897,446200,NEAR BAY
244,497,497,287,-117.92,33.64,2.75,225000,<1H OCEAN
372,913,913,375,-118.38,34.58,4.3456,148900,INLAND
538,3416,3416,557,-117.88,33.74,3.0083,163500,<1H OCEAN
166,1283,1283,148,-117.15,32.7,1.2863,86300,NEAR OCEAN
332,1135,1135,301,-115.57,32.78,5.128,99600,INLAND
501,1625,1625,520,-117.95,33.79,4.4667,190600,<1H OCEAN
1822,4533,4533,2055,-118.31,34.07,2.3105,166700,<1H OCEAN
952,1824,1824,977,-122.43,37.75,5.0519,356100,NEAR BAY
434,1312,1312,533,-121.84,36.52,6.5234,357400,NEAR OCEAN
342,871,871,347,-122.3,37.52,8.1039,382200,NEAR OCEAN
239,735,735,271,-118.22,34.14,3.7404,247700,<1H OCEAN
896,3688,3688,1042,-117.27,34.1,1.8022,78000,INLAND
170,730,730,162,-118.27,33.99,1.8047,101800,<1H OCEAN
696,2494,2494,675,-122.49,37.67,5.2848,260300,NEAR OCEAN
789,1659,1659,871,-118.37,34.16,3.1106,209400,<1H OCEAN
352,888,888,347,-118.96,35.38,3.6734,92900,INLAND
452,1344,1344,444,-121.26,38.66,6.1183,221600,INLAND
414,1103,1103,430,-118.12,34.1,4.0556,282600,<1H OCEAN
484,2481,2481,551,-118.04,34.06,3.1875,154200,<1H OCEAN
435,1311,1311,465,-117.25,33.08,7.5402,340300,NEAR OCEAN
396,985,985,392,-122.01,39.21,2.5556,75800,INLAND
448,952,952,445,-117.29,33.15,4.0625,87500,NEAR OCEAN
1204,2741,2741,1293,-117.05,33.05,5.6436,278600,<1H OCEAN
351,918,918,401,-122.01,37.99,3.7841,144900,NEAR BAY
301,838,838,303,-118.26,34.23,5.4306,326600,<1H OCEAN
402,1268,1268,412,-120.57,37.43,2.6758,74600,INLAND
443,1459,1459,497,-118.12,34.6,2.3958,94500,INLAND
455,1825,1825,458,-118.14,34.02,1.4178,145500,<1H OCEAN
391,1000,1000,414,-117.07,32.61,2.1765,128400,NEAR OCEAN
329,1544,1544,374,-119.31,36.62,1.7292,52000,INLAND
423,1204,1204,437,-119.05,35.34,4.0529,106200,INLAND
195,671,671,257,-121.76,36.75,3.8424,155700,<1H OCEAN
570,1705,1705,615,-119.83,36.77,2.4286,68100,INLAND
554,1602,1602,603,-121.46,38.66,3.9914,120500,INLAND
382,1116,1116,399,-121.44,38.63,1.3302,62200,INLAND
214,913,913,230,-118.07,33.96,2.6991,147100,<1H OCEAN
381,875,875,348,-122.63,38.23,4.0703,223800,<1H OCEAN
682,2255,2255,686,-118.3,33.79,3.0057,235300,<1H OCEAN
231,564,564,289,-122.4,38.53,3.6118,248400,INLAND
335,713,713,357,-118.35,34.04,2.1711,179200,<1H OCEAN
463,911,911,641,-118.43,34.06,7.2675,500001,<1H OCEAN
781,2588,2588,828,-117.44,34.09,2.375,113800,INLAND
292,1354,1354,263,-118.24,33.97,2.5833,112500,<1H OCEAN
576,2625,2625,603,-118.18,33.9,3.0909,150900,<1H OCEAN
597,1347,1347,553,-117.1,32.67,1.2745,92900,NEAR OCEAN
204,506,506,198,-122.28,37.85,1.73,147900,NEAR BAY
258,945,945,292,-117.13,32.7,0.8991,78900,NEAR OCEAN
225,570,570,416,-118.65,36.57,1.4821,143300,INLAND
615,1784,1784,623,-118.64,34.18,5.1641,263400,<1H OCEAN
381,1222,1222,418,-121.97,37.8,7.9168,356000,<1H OCEAN
217,782,782,193,-118.28,33.98,2.2411,93000,<1H OCEAN
206,678,678,192,-117.89,33.89,13.1107,467600,<1H OCEAN
464,1488,1488,469,-117.9,34.06,5.3664,268300,<1H OCEAN
303,643,643,313,-118.07,33.73,9.8346,401700,NEAR OCEAN
356,2030,2030,414,-120.08,36.34,2.1153,112500,INLAND
345,972,972,360,-119.8,36.72,0.9513,50400,INLAND
199,537,537,214,-119.34,36.21,0.8229,68400,INLAND
240,786,786,263,-119.69,36.86,4.0,164600,INLAND
533,1543,1543,575,-117.97,33.77,2.6618,179600,<1H OCEAN
247,587,587,254,-121.82,38.01,2.6364,93500,INLAND
340,922,922,332,-118.01,34.12,3.94,278400,INLAND
329,963,963,307,-122.45,40.56,3.9375,148700,INLAND
665,1551,1551,763,-118.53,34.03,7.0318,500001,<1H OCEAN
178,741,741,185,-118.47,34.27,5.741,220600,<1H OCEAN
346,889,889,363,-121.29,38.67,3.6516,130500,INLAND
462,1723,1723,491,-118.26,33.78,2.0458,174500,NEAR OCEAN
453,1401,1401,411,-117.98,33.7,4.1603,160500,<1H OCEAN
297,1104,1104,370,-118.21,33.89,2.2125,120700,<1H OCEAN
109,398,398,113,-122.22,37.47,2.5,166700,NEAR OCEAN
342,866,866,365,-124.11,40.95,2.96,81700,NEAR OCEAN
654,1823,1823,665,-121.26,38.14,3.5333,116800,INLAND
531,1681,1681,559,-117.96,34.53,3.8594,141000,INLAND
171,382,382,261,-121.91,36.42,3.7083,210000,NEAR OCEAN
461,1439,1439,485,-118.39,34.19,3.0491,192000,<1H OCEAN
203,466,466,171,-117.4,33.94,3.1458,116000,INLAND
573,1619,1619,633,-118.3,34.26,3.5568,184500,<1H OCEAN
158,841,841,153,-118.22,33.91,2.6154,89200,<1H OCEAN
543,1664,1664,542,-117.86,34.09,6.1498,239100,<1H OCEAN
618,1509,1509,612,-121.45,38.61,1.0424,81400,INLAND
499,1584,1584,481,-117.34,34.18,4.6312,124900,INLAND
432,1486,1486,428,-120.47,34.65,4.2875,150700,NEAR OCEAN
259,866,866,301,-122.22,37.77,2.59,96400,NEAR BAY
345,811,811,346,-118.33,33.88,3.2417,283300,<1H OCEAN
245,677,677,264,-121.01,37.72,2.5486,161100,INLAND
321,973,973,330,-117.4,33.76,4.4875,249100,INLAND
259,751,751,258,-118.4,34.0,5.444,336000,<1H OCEAN
614,2043,2043,597,-118.09,34.03,5.5,276800,<1H OCEAN
881,2008,2008,877,-120.78,38.74,2.1603,111300,INLAND
340,756,756,339,-122.22,37.81,4.072,270100,NEAR BAY
233,584,584,525,-120.06,39.25,3.01,163500,INLAND
418,1381,1381,406,-117.04,32.81,6.5412,254200,<1H OCEAN
775,1919,1919,856,-117.61,33.42,4.0313,282000,NEAR OCEAN
619,1228,1228,663,-121.31,37.98,3.0625,141500,INLAND
242,690,690,251,-122.04,37.67,6.0501,254200,NEAR BAY
627,1518,1518,592,-121.53,38.57,4.0833,118500,INLAND
269,1095,1095,274,-118.21,33.8,2.7308,139000,NEAR OCEAN
812,1553,1553,847,-122.27,37.56,4.9434,292100,NEAR BAY
29,153,153,72,-122.41,37.78,3.8625,350000,NEAR BAY
342,1133,1133,376,-119.67,36.82,4.5577,123300,INLAND
233,987,987,241,-118.43,34.24,4.0057,172700,<1H OCEAN
635,1531,1531,666,-121.9,37.3,4.537,345900,<1H OCEAN
743,2365,2365,831,-118.94,35.38,3.7533,87000,INLAND
517,1264,1264,565,-121.74,36.49,4.4209,274600,<1H OCEAN
2660,7307,7307,2814,-118.46,34.23,2.585,145400,<1H OCEAN
92,318,318,89,-118.17,34.1,1.3125,145800,<1H OCEAN
709,1606,1606,711,-117.1,32.77,5.7768,281600,NEAR OCEAN
425,994,994,487,-116.32,34.14,1.69,54200,INLAND
274,743,743,279,-118.36,33.84,5.7654,343000,<1H OCEAN
462,1435,1435,482,-117.37,33.22,3.676,125600,NEAR OCEAN
789,2172,2172,783,-121.97,37.57,4.6146,247600,<1H OCEAN
477,1994,1994,476,-116.19,33.67,1.7297,67500,INLAND
343,1085,1085,349,-117.96,33.68,4.7656,230700,<1H OCEAN
317,1937,1937,330,-121.84,37.33,4.1146,160100,<1H OCEAN
306,848,848,354,-121.45,38.53,2.4741,87000,INLAND
271,650,650,273,-117.26,32.95,5.6582,500001,NEAR OCEAN
471,872,872,472,-122.43,37.77,3.2981,222700,NEAR BAY
363,957,957,361,-118.31,33.73,4.2059,350000,NEAR OCEAN
55,142,142,272,-121.82,36.86,2.1719,420000,NEAR OCEAN
90,268,268,134,-122.83,38.89,3.4514,100000,<1H OCEAN
677,1487,1487,749,-122.24,37.8,2.5238,169300,NEAR BAY
418,1139,1139,409,-118.09,34.18,10.2289,500001,INLAND
1109,2325,2325,1200,-119.81,36.83,4.049,126000,INLAND
261,3574,3574,212,-120.65,35.32,1.0298,300000,NEAR OCEAN
62,214,214,111,-122.7,39.14,3.3929,108300,INLAND
308,673,673,305,-122.09,37.67,2.3357,175000,NEAR BAY
829,1722,1722,1285,-119.21,34.12,4.3427,305800,NEAR OCEAN
681,1817,1817,741,-119.78,36.83,4.2153,95200,INLAND
666,2354,2354,677,-117.88,33.76,3.4345,235500,<1H OCEAN
482,1095,1095,694,-121.65,38.03,3.4402,192400,INLAND
407,1103,1103,445,-117.96,33.7,4.725,289600,<1H OCEAN
304,711,711,352,-118.31,33.79,3.3958,250000,<1H OCEAN
597,1358,1358,597,-122.21,37.84,6.0194,292300,NEAR BAY
909,2561,2561,950,-122.24,37.49,3.8684,265600,NEAR OCEAN
152,233,233,168,-122.08,37.67,0.9637,160000,NEAR BAY
1816,5674,5674,1878,-121.77,37.24,4.747,261100,<1H OCEAN
221,868,868,249,-119.06,36.1,2.5893,63600,INLAND
442,1289,1289,410,-117.97,33.79,4.1818,224200,<1H OCEAN
521,1070,1070,498,-118.38,33.83,4.4615,384800,<1H OCEAN
235,732,732,246,-118.16,34.01,1.7679,142800,<1H OCEAN
373,1033,1033,397,-117.64,33.48,5.6754,275900,<1H OCEAN
429,1559,1559,425,-117.93,33.65,4.2036,220100,<1H OCEAN
485,1821,1821,457,-117.39,34.11,4.8889,138900,INLAND
243,740,740,238,-118.14,33.89,4.9107,179600,<1H OCEAN
366,1171,1171,367,-121.42,38.53,2.8298,71200,INLAND
287,930,930,336,-118.36,33.88,2.7981,275000,<1H OCEAN
314,888,888,303,-119.7,36.8,3.8088,87700,INLAND
437,948,948,452,-117.39,33.98,3.145,169100,INLAND
243,628,628,276,-119.71,34.36,4.1842,364000,NEAR OCEAN
569,1650,1650,596,-117.31,34.17,3.0078,87100,INLAND
745,1511,1511,730,-122.01,36.98,2.589,242400,NEAR OCEAN
788,3456,3456,833,-121.61,36.68,2.8542,127600,<1H OCEAN
543,1230,1230,531,-118.14,33.8,3.4211,203900,NEAR OCEAN
743,2357,2357,754,-117.99,33.75,3.3125,191800,<1H OCEAN
198,520,520,232,-121.84,39.73,0.987,112500,INLAND
235,569,569,235,-115.64,32.8,3.1667,125000,INLAND
457,662,662,518,-117.72,33.62,3.1679,110000,<1H OCEAN
1056,3985,3985,1084,-117.7,33.68,2.8192,162500,<1H OCEAN
35,130,130,33,-118.85,34.27,3.3438,500001,<1H OCEAN
1022,2634,2634,1022,-122.09,37.94,6.1922,273200,NEAR BAY
533,1580,1580,527,-117.32,34.01,4.4063,129900,INLAND
148,1148,1148,150,-121.4,38.66,2.5062,112500,INLAND
405,829,829,427,-121.91,37.3,3.6563,344700,<1H OCEAN
426,1777,1777,451,-118.24,34.11,2.7679,178800,<1H OCEAN
283,804,804,261,-117.36,33.99,2.9688,92900,INLAND
257,783,783,271,-117.67,33.46,5.3999,300000,<1H OCEAN
495,1628,1628,478,-118.44,34.2,2.5197,225600,<1H OCEAN
433,1007,1007,485,-121.22,39.43,1.7,92300,INLAND
259,773,773,252,-120.83,37.52,4.1859,150000,INLAND
406,1099,1099,392,-117.07,32.74,2.7661,113900,NEAR OCEAN
803,2729,2729,868,-118.39,34.21,2.6667,172400,<1H OCEAN
406,1108,1108,411,-118.34,34.0,5.8993,313300,<1H OCEAN
724,2288,2288,773,-118.17,34.68,6.6772,185600,INLAND
633,1593,1593,745,-120.85,37.51,2.2292,127500,INLAND
475,1915,1915,480,-118.77,34.28,5.3681,187700,<1H OCEAN
115,346,346,127,-117.56,33.83,5.4788,339300,INLAND
313,861,861,291,-119.32,36.19,1.0962,72300,INLAND
830,1568,1568,866,-118.41,34.15,4.1656,364700,<1H OCEAN
429,1201,1201,459,-121.18,38.75,4.7941,247600,INLAND
318,770,770,333,-122.26,37.54,7.2477,376000,NEAR BAY
491,1048,1048,555,-118.27,34.09,3.7847,252300,<1H OCEAN
352,705,705,388,-117.11,32.9,4.4766,161500,<1H OCEAN
267,863,863,273,-122.15,37.69,4.0109,192900,NEAR BAY
222,517,517,345,-123.52,41.01,2.1542,83800,INLAND
274,1412,1412,290,-118.08,33.89,3.1917,114900,<1H OCEAN
665,1248,1248,737,-118.42,34.02,3.1941,394700,<1H OCEAN
943,2744,2744,977,-121.96,37.84,7.5139,398200,INLAND
352,723,723,346,-121.27,38.67,3.8906,128700,INLAND
434,1314,1314,458,-118.19,34.13,3.925,180400,<1H OCEAN
459,679,679,502,-118.51,34.0,2.3098,500001,<1H OCEAN
828,2098,2098,861,-117.1,32.97,2.4459,85800,<1H OCEAN
171,485,485,194,-121.97,37.64,6.0574,431000,<1H OCEAN
284,815,815,280,-118.13,33.82,5.5449,232200,<1H OCEAN
390,1061,1061,368,-121.42,37.75,3.5242,121400,INLAND
403,1006,1006,464,-122.62,38.54,4.5167,265200,<1H OCEAN
438,1422,1422,515,-118.15,34.21,5.4727,238900,INLAND
888,1812,1812,944,-122.25,38.16,2.9375,106700,NEAR BAY
269,854,854,261,-117.73,34.07,2.2596,119400,INLAND
593,1342,1342,852,-118.53,34.37,3.9118,333700,<1H OCEAN
584,3117,3117,664,-118.15,34.18,2.3029,148800,<1H OCEAN
532,1679,1679,561,-117.86,33.76,4.7083,205300,<1H OCEAN
318,1201,1201,360,-118.18,33.79,1.2206,162500,NEAR OCEAN
1445,3620,3620,1532,-118.09,34.1,2.7436,201700,<1H OCEAN
195,588,588,471,-122.81,40.93,2.7083,88900,INLAND
1526,4419,4419,1624,-117.84,34.1,3.8465,180700,<1H OCEAN
285,687,687,278,-118.12,33.83,5.0424,225900,<1H OCEAN
400,940,940,418,-121.63,39.15,1.5613,72500,INLAND
1052,2540,2540,1092,-118.54,34.05,8.565,500001,<1H OCEAN
450,1300,1300,495,-118.2,33.8,3.9792,210200,NEAR OCEAN
721,1398,1398,812,-121.3,37.96,1.125,110400,INLAND
280,862,862,312,-117.17,33.28,5.1786,376800,<1H OCEAN
426,793,793,504,-121.95,36.6,7.1198,469900,NEAR OCEAN
248,679,679,240,-117.79,33.69,5.7115,313900,<1H OCEAN
797,2568,2568,831,-118.03,33.84,5.4746,226400,<1H OCEAN
1169,2954,2954,1278,-121.22,38.68,3.4506,139000,INLAND
288,629,629,299,-121.77,37.68,4.6806,209400,INLAND
226,754,754,272,-115.93,35.55,3.4028,67500,INLAND
63,129,129,92,-119.02,35.38,1.1875,63800,INLAND
481,1676,1676,526,-119.76,36.75,1.6548,49400,INLAND
694,1956,1956,708,-118.17,33.85,4.2218,200500,<1H OCEAN
349,791,791,346,-124.16,40.78,3.8,81800,NEAR OCEAN
297,980,980,319,-118.02,34.13,7.7307,429000,INLAND
298,934,934,327,-117.16,34.9,2.7305,73800,INLAND
548,1399,1399,581,-121.8,38.01,2.7234,110200,INLAND
175,494,494,230,-122.05,39.34,2.875,61500,INLAND
630,1659,1659,603,-122.54,38.14,7.5412,392100,NEAR BAY
509,1622,1622,531,-119.82,34.44,2.7689,228200,NEAR OCEAN
161,690,690,201,-118.23,34.09,2.0476,181300,<1H OCEAN
875,1844,1844,1034,-121.96,36.97,3.0777,263800,NEAR OCEAN
328,838,838,322,-118.09,33.8,4.4831,253900,<1H OCEAN
527,1304,1304,569,-119.7,34.47,7.7261,500001,<1H OCEAN
963,2948,2948,1108,-117.25,34.06,3.0042,106500,INLAND
312,877,877,342,-123.21,39.07,3.7833,159800,<1H OCEAN
701,2459,2459,749,-121.87,37.28,3.9688,249600,<1H OCEAN
139,486,486,149,-117.33,34.06,2.5673,68200,INLAND
781,3425,3425,813,-118.37,33.94,2.3675,149400,<1H OCEAN
623,2221,2221,598,-117.97,33.68,7.3731,390800,<1H OCEAN
363,1293,1293,387,-121.84,37.27,5.5,253200,<1H OCEAN
311,836,836,303,-122.16,37.7,4.4375,193500,NEAR BAY
718,2429,2429,711,-118.07,33.67,9.5268,437900,NEAR OCEAN
897,2896,2896,942,-117.17,34.51,3.4875,90800,INLAND
451,653,653,471,-117.16,32.72,1.2668,225000,NEAR OCEAN
527,930,930,512,-117.11,32.78,3.6528,133200,NEAR OCEAN
435,1469,1469,449,-120.64,37.38,2.5129,84600,INLAND
515,1361,1361,486,-122.66,40.52,4.5357,171200,INLAND
213,994,994,215,-122.23,37.78,3.0257,80800,NEAR BAY
404,1251,1251,487,-117.99,33.71,3.6696,218800,<1H OCEAN
445,1157,1157,495,-121.42,38.65,2.098,49800,INLAND
52,138,138,58,-121.27,38.02,2.9821,155000,INLAND
390,910,910,433,-120.4,37.98,2.6696,121200,INLAND
1102,2773,2773,1186,-118.13,34.09,2.7816,188200,<1H OCEAN
494,1293,1293,509,-122.24,40.16,2.035,55100,INLAND
297,928,928,295,-117.79,33.68,5.7858,265900,<1H OCEAN
535,2654,2654,625,-116.2,33.7,2.2989,60600,INLAND
736,2287,2287,776,-118.27,34.15,3.008,229000,<1H OCEAN
961,1963,1963,1040,-118.42,34.16,3.9028,367900,<1H OCEAN
239,827,827,250,-117.08,33.14,4.3846,154200,<1H OCEAN
668,1514,1514,684,-117.27,34.12,1.462,70200,INLAND
529,1818,1818,541,-116.88,33.02,5.2596,171500,<1H OCEAN
452,1131,1131,484,-122.4,40.71,2.1458,84700,INLAND
442,1220,1220,424,-122.33,37.93,3.0156,111500,NEAR BAY
1327,4558,4558,1335,-118.26,33.85,5.542,197500,<1H OCEAN
1911,6686,6686,2031,-117.23,33.89,4.1953,136600,INLAND
647,1882,1882,670,-122.74,38.48,4.551,178300,<1H OCEAN
459,1577,1577,499,-122.33,38.29,5.3351,269900,NEAR BAY
1429,2492,2492,1538,-118.44,34.05,4.1141,305000,<1H OCEAN
350,1252,1252,424,-120.75,37.44,3.6182,123200,INLAND
433,1147,1147,456,-117.13,33.14,4.0495,153900,<1H OCEAN
499,1235,1235,575,-118.33,34.16,3.7941,247800,<1H OCEAN
341,1146,1146,343,-121.87,37.26,5.6223,265700,<1H OCEAN
240,761,761,251,-120.41,34.87,4.9028,193600,<1H OCEAN
211,542,542,223,-122.2,37.83,8.401,351200,NEAR BAY
74,138,138,63,-122.11,37.4,4.6591,175000,NEAR BAY
1031,1685,1685,1125,-118.29,34.11,2.3789,266700,<1H OCEAN
695,1792,1792,758,-122.03,37.3,5.4842,335300,<1H OCEAN
376,1145,1145,393,-122.03,37.86,7.2655,494000,NEAR BAY
244,425,425,395,-122.73,39.04,1.9833,111500,INLAND
537,1528,1528,557,-117.96,33.78,2.4931,236100,<1H OCEAN
1030,2320,2320,1211,-118.27,34.14,2.7685,204500,<1H OCEAN
1780,4356,4356,1887,-120.99,37.7,3.5877,160900,INLAND
433,1468,1468,425,-117.05,33.01,10.6186,429300,<1H OCEAN
956,1981,1981,1024,-118.13,33.88,2.2027,192700,<1H OCEAN
533,1699,1699,551,-122.01,37.3,8.0837,380600,<1H OCEAN
482,1236,1236,535,-118.35,33.91,4.8409,244000,<1H OCEAN
249,635,635,268,-117.08,32.8,3.375,178100,NEAR OCEAN
611,1449,1449,571,-120.59,35.11,3.5744,197800,<1H OCEAN
557,1469,1469,572,-118.31,33.8,3.7167,308900,<1H OCEAN
433,1355,1355,460,-118.32,34.02,2.0304,133400,<1H OCEAN
401,1357,1357,401,-118.44,34.29,3.1588,160100,<1H OCEAN
195,673,673,200,-118.86,34.22,6.2708,251400,<1H OCEAN
455,1343,1343,493,-122.06,37.36,6.0777,327500,<1H OCEAN
1513,3362,3362,1590,-121.54,38.51,4.2216,217900,INLAND
510,1568,1568,543,-118.28,34.08,2.7366,169100,<1H OCEAN
414,1371,1371,440,-118.35,33.89,3.0833,232700,<1H OCEAN
586,1693,1693,606,-122.75,38.46,2.6384,146900,<1H OCEAN
292,876,876,291,-122.25,37.52,4.3594,366000,NEAR BAY
539,1673,1673,550,-122.01,38.37,5.778,175700,INLAND
288,943,943,280,-119.09,36.21,1.9861,47700,INLAND
502,805,805,484,-124.08,40.86,1.1157,150000,NEAR OCEAN
162,421,421,392,-120.11,39.21,4.5795,158300,INLAND
277,553,553,324,-122.66,37.93,4.1792,350000,NEAR OCEAN
482,1516,1516,624,-122.16,37.75,1.5625,91700,NEAR BAY
320,629,629,317,-118.36,34.14,3.6823,295200,<1H OCEAN
184,667,667,214,-118.95,35.26,4.0,94500,INLAND
512,1664,1664,515,-117.06,32.68,2.375,113500,NEAR OCEAN
513,1246,1246,511,-120.42,34.96,2.212,132000,<1H OCEAN
614,1524,1524,605,-122.3,37.92,6.0677,321600,NEAR BAY
280,744,744,291,-118.11,33.8,4.66,244800,<1H OCEAN
542,1239,1239,584,-121.85,38.0,2.0411,100000,INLAND
316,767,767,331,-117.17,32.69,5.3177,500001,NEAR OCEAN
1067,2595,2595,1049,-121.73,37.71,3.9864,200200,INLAND
266,706,706,312,-117.94,33.86,2.1432,197500,<1H OCEAN
668,1606,1606,668,-117.25,34.41,2.1875,119700,INLAND
279,1056,1056,294,-117.46,33.94,3.5227,105400,INLAND
405,1375,1375,412,-118.01,34.1,3.4609,166300,INLAND
729,1640,1640,768,-117.22,32.73,3.8409,291400,NEAR OCEAN
606,1602,1602,614,-122.11,37.88,6.4666,348200,NEAR BAY
445,872,872,458,-122.25,37.77,3.2685,254200,NEAR BAY
503,1098,1098,560,-122.46,38.29,2.364,173300,NEAR BAY
368,874,874,377,-118.44,34.0,4.1083,324300,<1H OCEAN
174,409,409,294,-120.1,39.2,3.087,196900,INLAND
741,2083,2083,779,-122.21,38.09,3.8667,127000,NEAR BAY
538,1582,1582,560,-117.43,34.08,4.263,127400,INLAND
582,1315,1315,618,-122.47,37.87,11.5706,500001,NEAR BAY
455,1766,1766,476,-117.87,33.87,2.4929,158500,<1H OCEAN
1109,2980,2980,1143,-118.48,34.14,10.3599,500001,<1H OCEAN
171,504,504,184,-121.43,39.18,2.1667,93800,INLAND
372,1130,1130,373,-121.23,37.79,4.0815,117900,INLAND
664,1884,1884,682,-120.7,35.28,4.6071,239900,NEAR OCEAN
273,697,697,277,-120.44,34.68,6.2685,307400,NEAR OCEAN
250,619,619,267,-117.1,32.76,2.9286,151800,NEAR OCEAN
562,1314,1314,600,-124.14,40.57,2.1354,75100,<1H OCEAN
714,1501,1501,794,-118.18,37.35,2.1212,108300,INLAND
329,996,996,317,-118.14,34.18,3.9688,175000,<1H OCEAN
469,1240,1240,448,-117.19,32.83,4.0114,169800,NEAR OCEAN
296,552,552,321,-118.42,33.9,5.9596,500001,<1H OCEAN
793,3017,3017,826,-118.07,33.97,2.4607,155600,<1H OCEAN
260,736,736,238,-121.3,37.96,3.6591,105100,INLAND
472,1103,1103,483,-121.53,38.56,2.9375,86600,INLAND
208,596,596,204,-122.54,37.96,10.129,500001,NEAR BAY
447,892,892,436,-118.17,34.11,3.6406,278900,<1H OCEAN
18,36,36,107,-119.95,38.95,2.625,187500,INLAND
778,2118,2118,885,-118.53,34.18,4.2083,240300,<1H OCEAN
1092,2966,2966,1116,-119.08,35.36,4.5791,123400,INLAND
444,1194,1194,448,-119.76,36.74,1.3029,69100,INLAND
278,1274,1274,268,-117.97,34.05,3.6563,162700,<1H OCEAN
365,1121,1121,331,-118.95,34.18,6.0994,254900,<1H OCEAN
629,1363,1363,666,-117.32,33.96,3.7585,144500,INLAND
226,840,840,228,-118.45,34.29,2.3375,154200,<1H OCEAN
408,791,791,409,-118.14,33.77,5.8408,500000,NEAR OCEAN
41,88,88,115,-119.93,37.85,4.0833,137500,INLAND
1196,2023,2023,1268,-122.44,37.77,4.4085,400000,NEAR BAY
327,806,806,328,-117.21,32.83,3.5078,166000,NEAR OCEAN
302,782,782,338,-116.97,32.79,2.6635,113600,<1H OCEAN
472,1248,1248,484,-124.09,40.95,2.5893,99600,NEAR OCEAN
388,986,986,366,-118.31,33.73,5.4533,409800,NEAR OCEAN
330,2083,2083,353,-117.89,33.74,3.2292,160600,<1H OCEAN
275,1098,1098,283,-117.95,33.75,6.6355,276100,<1H OCEAN
619,1557,1557,606,-117.03,32.73,3.5861,123600,NEAR OCEAN
465,1697,1697,481,-122.41,37.71,3.4773,226300,NEAR BAY
457,1329,1329,435,-118.13,34.17,3.2898,200000,<1H OCEAN
304,1334,1334,347,-120.04,36.95,1.3594,48300,INLAND
260,775,775,267,-121.99,37.27,5.9658,278000,<1H OCEAN
214,763,763,238,-118.26,34.07,2.5227,187500,<1H OCEAN
1955,4266,4266,2127,-116.91,33.75,2.3169,123400,INLAND
156,373,373,158,-122.08,37.4,5.9291,284600,NEAR BAY
212,826,826,225,-118.19,33.91,2.7708,117400,<1H OCEAN
731,1567,1567,791,-122.67,38.47,2.4722,194300,<1H OCEAN
185,455,455,179,-122.04,37.62,4.2857,190400,NEAR BAY
251,705,705,239,-121.95,37.24,6.0957,405400,<1H OCEAN
192,707,707,208,-118.28,33.95,1.4103,86200,<1H OCEAN
825,3132,3132,862,-117.79,33.71,7.1069,313400,<1H OCEAN
668,1058,1058,743,-118.48,34.0,3.2061,370000,<1H OCEAN
304,863,863,481,-116.3,33.68,2.8882,137500,INLAND
612,1471,1471,630,-117.04,32.66,4.1442,303900,NEAR OCEAN
104,272,272,145,-116.8,33.52,3.8281,163500,INLAND
702,1913,1913,765,-118.22,33.98,1.2059,255000,<1H OCEAN
309,1249,1249,315,-118.1,34.1,2.6553,183100,<1H OCEAN
382,1036,1036,379,-122.09,37.4,5.1408,264700,NEAR BAY
452,946,946,495,-121.93,37.34,3.0375,218500,<1H OCEAN
393,548,548,415,-121.75,37.3,2.5052,133700,<1H OCEAN
300,891,891,292,-121.78,37.34,7.375,338400,<1H OCEAN
363,1145,1145,385,-121.77,38.76,2.8365,87900,INLAND
719,1726,1726,708,-117.02,32.78,3.3675,158200,<1H OCEAN
435,899,899,444,-118.33,33.88,3.1505,270000,<1H OCEAN
67,238,238,65,-121.81,38.84,2.8542,275000,INLAND
1242,2619,2619,1315,-122.42,37.77,2.5755,325000,NEAR BAY
613,1953,1953,640,-118.23,33.92,1.2222,107200,<1H OCEAN
623,1677,1677,664,-122.25,37.53,7.6864,422500,NEAR BAY
328,850,850,360,-121.47,38.61,1.6331,67500,INLAND
980,2631,2631,1401,-116.94,34.4,2.1339,78500,INLAND
338,841,841,338,-121.92,37.33,5.5259,295800,<1H OCEAN
206,640,640,222,-118.36,33.9,3.5313,230400,<1H OCEAN
471,1583,1583,461,-122.49,37.68,5.0659,238000,NEAR OCEAN
441,1777,1777,437,-118.29,34.03,2.0848,135200,<1H OCEAN
563,1543,1543,804,-118.09,34.7,2.8548,138500,INLAND
226,557,557,239,-120.07,36.96,3.6181,96500,INLAND
621,2089,2089,659,-121.82,37.81,8.3209,485400,INLAND
337,1175,1175,376,-122.07,37.63,3.7292,168100,NEAR BAY
56,149,149,64,-122.12,37.28,5.8691,360000,<1H OCEAN
390,1066,1066,360,-122.01,37.37,7.2165,360900,<1H OCEAN
341,1238,1238,415,-117.31,34.1,2.0089,68100,INLAND
66,287,287,71,-117.9,33.71,6.3427,305200,<1H OCEAN
370,898,898,416,-121.89,37.34,2.1714,190600,<1H OCEAN
139,413,413,128,-118.08,34.13,5.9546,396700,INLAND
239,690,690,244,-119.23,34.3,6.9483,404300,NEAR OCEAN
182,338,338,448,-115.73,33.35,1.2132,30000,INLAND
434,1266,1266,427,-117.08,32.63,2.2788,146300,NEAR OCEAN
1091,2804,2804,1213,-122.05,37.95,2.85,144600,NEAR BAY
390,1050,1050,369,-118.27,34.24,6.3688,277600,<1H OCEAN
431,1401,1401,414,-117.01,32.85,5.4903,151400,<1H OCEAN
437,1155,1155,457,-118.19,34.11,3.4227,143800,<1H OCEAN
294,906,906,318,-122.41,37.66,3.0052,242500,NEAR OCEAN
24,130,130,44,-117.37,33.98,2.025,125000,INLAND
593,1143,1143,639,-118.41,33.89,6.348,500001,<1H OCEAN
335,1128,1128,312,-119.19,34.2,2.1542,253900,NEAR OCEAN
21,37,37,22,-121.84,38.02,0.536,87500,INLAND
605,2016,2016,625,-121.03,37.68,2.6567,110400,INLAND
451,895,895,506,-123.85,39.42,1.7574,150000,<1H OCEAN
146,406,406,141,-120.37,40.17,2.1198,73500,INLAND
199,565,565,220,-122.32,37.92,3.3594,186900,NEAR BAY
157,334,334,180,-117.66,33.48,2.3846,500001,<1H OCEAN
604,1627,1627,626,-118.18,33.87,3.7527,161900,<1H OCEAN
457,1626,1626,511,-118.08,33.93,3.5556,172800,<1H OCEAN
297,1011,1011,277,-122.78,38.41,2.5917,144000,<1H OCEAN
440,2178,2178,431,-119.29,36.34,1.2634,50600,INLAND
887,1319,1319,938,-122.43,37.79,4.3986,500001,NEAR BAY
345,1036,1036,325,-117.97,33.76,4.0508,183900,<1H OCEAN
183,407,407,167,-122.13,37.66,4.3456,163000,NEAR BAY
754,2118,2118,777,-118.16,34.07,3.6364,254600,<1H OCEAN
336,1209,1209,396,-118.2,33.77,2.7813,129200,NEAR OCEAN
357,1154,1154,358,-118.27,33.95,1.2091,97900,<1H OCEAN
364,1000,1000,387,-120.88,38.16,4.0109,125900,INLAND
187,613,613,219,-119.01,35.34,1.5625,46700,INLAND
625,1295,1295,635,-121.45,38.57,5.1169,232500,INLAND
293,941,941,298,-120.68,35.51,4.3218,209100,<1H OCEAN
234,676,676,222,-117.2,34.04,6.0715,173400,INLAND
527,1554,1554,574,-121.83,37.2,6.8333,348000,<1H OCEAN
322,920,920,325,-122.54,37.76,3.96,272200,NEAR OCEAN
404,894,894,417,-122.26,37.88,6.2425,391800,NEAR BAY
448,714,714,470,-122.44,37.8,3.2447,500001,NEAR BAY
413,1348,1348,389,-117.95,33.83,4.9394,217800,<1H OCEAN
459,1354,1354,456,-117.83,33.82,5.7817,267600,<1H OCEAN
364,910,910,386,-119.18,34.27,5.215,279500,NEAR OCEAN
366,1186,1186,371,-118.27,33.97,1.64,96800,<1H OCEAN
228,557,557,202,-118.13,33.96,4.0,254700,<1H OCEAN
305,810,810,319,-118.11,33.8,4.3897,235000,<1H OCEAN
449,1442,1442,443,-116.89,32.82,5.0201,154400,<1H OCEAN
1907,4723,4723,2005,-117.93,34.15,4.0393,156800,INLAND
365,1142,1142,389,-121.93,38.01,5.3363,160800,INLAND
401,1191,1191,378,-118.54,34.25,6.2788,322200,<1H OCEAN
247,890,890,284,-118.28,34.0,1.2778,112500,<1H OCEAN
245,1079,1079,250,-118.22,34.07,1.7463,158300,<1H OCEAN
211,481,481,206,-121.59,39.75,2.2,80800,INLAND
527,1687,1687,558,-121.91,38.02,3.4817,129800,INLAND
521,963,963,548,-122.28,37.87,1.9805,173700,NEAR BAY
128,287,287,127,-122.3,37.86,2.75,140600,NEAR BAY
462,1452,1452,508,-117.08,32.75,2.0077,118300,NEAR OCEAN
918,1674,1674,1073,-117.2,33.72,2.5335,110100,<1H OCEAN
505,1269,1269,502,-119.15,34.3,2.98,259200,NEAR OCEAN
366,750,750,364,-118.38,33.82,5.9907,500001,NEAR OCEAN
460,865,865,493,-119.7,34.4,3.0938,312500,NEAR OCEAN
453,1401,1401,465,-122.07,37.63,4.5913,177600,NEAR BAY
275,858,858,292,-120.35,37.04,2.9306,46300,INLAND
19,26,26,114,-122.89,39.42,0.4999,73500,INLAND
225,568,568,208,-122.16,37.7,2.9917,194600,NEAR BAY
460,1219,1219,417,-119.67,36.73,4.9196,117900,INLAND
303,971,971,290,-122.35,37.95,3.6094,114600,NEAR BAY
393,1769,1769,382,-118.21,33.93,2.6953,121000,<1H OCEAN
319,771,771,314,-117.29,34.14,2.5417,82900,INLAND
302,1466,1466,317,-117.74,34.05,2.625,94300,INLAND
648,1301,1301,690,-118.14,33.77,3.2917,307400,NEAR OCEAN
340,1019,1019,318,-122.05,37.68,6.1104,240700,NEAR BAY
281,1322,1322,305,-118.19,34.04,1.9688,150000,<1H OCEAN
205,501,501,208,-121.32,38.66,3.95,143600,INLAND
397,1318,1318,417,-118.94,35.39,7.7751,194100,INLAND
340,950,950,339,-118.58,34.22,4.875,230400,<1H OCEAN
109,317,317,174,-117.15,34.22,7.2371,171900,INLAND
2232,6693,6693,2210,-121.79,37.66,5.98,245000,INLAND
275,715,715,254,-123.36,39.4,1.5625,71500,<1H OCEAN
630,1798,1798,644,-117.13,32.9,3.7156,175200,<1H OCEAN
599,1784,1784,623,-117.13,32.72,1.901,120300,NEAR OCEAN
368,1310,1310,387,-121.22,37.72,2.6368,165600,INLAND
263,842,842,275,-118.88,34.19,7.7889,309900,<1H OCEAN
536,1803,1803,504,-121.84,37.24,6.7836,274100,<1H OCEAN
749,2023,2023,744,-122.0,37.54,5.1616,275100,<1H OCEAN
235,1030,1030,270,-118.25,34.01,1.0898,93400,<1H OCEAN
690,2032,2032,714,-118.07,33.98,3.2093,167800,<1H OCEAN
214,599,599,219,-118.16,33.89,3.2813,190900,<1H OCEAN
400,939,939,425,-118.41,34.19,2.8021,224600,<1H OCEAN
600,1344,1344,764,-119.29,34.26,3.6007,395500,NEAR OCEAN
1482,5221,5221,1493,-117.38,34.14,5.246,161400,INLAND
484,1631,1631,466,-120.45,37.32,3.6471,101400,INLAND
1818,6912,6912,1856,-121.39,39.12,2.0943,108300,INLAND
492,910,910,654,-117.65,33.4,3.5729,370800,NEAR OCEAN
253,756,756,264,-120.76,37.58,3.6181,178600,INLAND
487,1374,1374,503,-117.25,34.13,3.6856,90000,INLAND
240,581,581,245,-121.9,37.36,2.9545,237500,<1H OCEAN
187,788,788,206,-118.24,34.0,0.9463,95000,<1H OCEAN
970,3740,3740,969,-118.19,33.96,2.0162,142000,<1H OCEAN
493,1895,1895,511,-118.2,33.94,2.5029,159700,<1H OCEAN
389,1124,1124,414,-117.77,34.11,3.75,180900,INLAND
277,791,791,297,-122.08,37.08,4.425,204800,NEAR OCEAN
817,3663,3663,857,-118.41,34.25,3.2284,157100,<1H OCEAN
398,868,868,458,-118.61,34.31,5.0151,285200,<1H OCEAN
162,427,427,189,-122.46,37.98,12.0933,500001,NEAR BAY
339,906,906,340,-121.33,37.96,2.5488,80300,INLAND
399,1432,1432,497,-120.46,37.51,2.9,83100,INLAND
185,543,543,177,-118.07,34.1,3.2361,187500,<1H OCEAN
369,1005,1005,381,-122.23,37.82,8.1872,466100,NEAR BAY
245,692,692,272,-118.11,33.84,4.8594,220300,<1H OCEAN
703,2074,2074,762,-122.31,38.32,3.285,138100,NEAR BAY
612,2829,2829,656,-121.84,37.29,4.775,191900,<1H OCEAN
572,954,954,622,-122.43,37.8,4.5399,500001,NEAR BAY
197,491,491,271,-118.09,33.71,8.7397,500001,NEAR OCEAN
579,1946,1946,657,-117.23,33.23,2.9875,172000,<1H OCEAN
297,717,717,325,-120.66,40.42,2.5074,66400,INLAND
467,1070,1070,469,-122.64,38.23,3.3011,252300,<1H OCEAN
1000,1675,1675,1108,-122.27,37.87,1.7464,216700,NEAR BAY
857,2095,2095,912,-123.85,39.39,3.184,140500,<1H OCEAN
302,793,793,324,-122.04,37.62,3.2857,193200,NEAR BAY
813,2112,2112,848,-117.97,34.17,4.9968,295000,INLAND
411,1336,1336,418,-121.88,37.35,2.8167,183500,<1H OCEAN
775,2211,2211,780,-121.35,38.55,3.9934,123300,INLAND
223,574,574,221,-117.11,32.73,3.8355,126700,NEAR OCEAN
363,992,992,341,-118.15,33.94,4.2594,242400,<1H OCEAN
212,615,615,207,-117.94,33.84,3.6214,182100,<1H OCEAN
1722,4827,4827,1847,-121.06,37.7,3.462,151900,INLAND
563,1682,1682,602,-117.87,33.88,3.6417,204300,<1H OCEAN
1044,2046,2046,1100,-117.16,32.81,2.2899,159000,NEAR OCEAN
292,945,945,332,-119.41,36.68,3.4044,115300,INLAND
947,2420,2420,991,-118.31,33.8,4.0425,277900,<1H OCEAN
457,939,939,476,-121.43,38.57,3.5893,142000,INLAND
751,2378,2378,822,-117.28,34.12,1.3571,70600,INLAND
598,1624,1624,654,-122.21,38.41,5.5266,331300,INLAND
746,2328,2328,773,-118.28,34.08,2.6178,203100,<1H OCEAN
274,769,769,309,-118.48,34.16,8.7172,500001,<1H OCEAN
535,1665,1665,551,-121.95,38.43,5.1534,232800,INLAND
3671,10493,10493,4171,-118.09,34.68,4.0211,144000,INLAND
159,381,381,161,-118.41,34.0,2.8393,272000,<1H OCEAN
440,861,861,520,-121.81,37.25,4.4565,159000,<1H OCEAN
537,1538,1538,574,-122.23,38.33,5.5368,325900,NEAR BAY
158,358,358,176,-118.42,34.03,3.3542,344200,<1H OCEAN
660,1859,1859,678,-118.67,34.27,4.9946,204600,<1H OCEAN
522,1954,1954,540,-117.96,34.0,4.5163,183800,<1H OCEAN
1451,3141,3141,1702,-116.95,33.76,1.7079,95900,INLAND
368,1369,1369,391,-119.79,36.72,1.25,53000,INLAND
201,574,574,235,-120.45,34.64,2.0865,111500,NEAR OCEAN
34,191,191,31,-122.28,37.8,0.75,162500,NEAR BAY
422,801,801,452,-118.29,33.72,3.5109,225000,NEAR OCEAN
442,1110,1110,484,-117.74,35.65,3.1755,81700,INLAND
250,706,706,250,-118.13,33.96,4.5625,253500,<1H OCEAN
344,1173,1173,374,-119.56,36.71,2.181,59900,INLAND
202,606,606,219,-117.25,32.86,12.4429,500001,NEAR OCEAN
543,1781,1781,602,-118.97,35.37,1.8819,58000,INLAND
617,2140,2140,662,-118.34,34.04,2.2254,127100,<1H OCEAN
112,270,270,112,-120.92,37.7,1.6172,156300,INLAND
461,2239,2239,486,-118.25,34.02,1.913,114300,<1H OCEAN
309,988,988,300,-118.06,33.97,3.9612,175800,<1H OCEAN
472,1015,1015,1283,-114.31,34.19,1.4936,66900,INLAND
859,1950,1950,955,-117.62,33.43,4.0647,240600,NEAR OCEAN
387,1151,1151,379,-118.06,34.14,8.4889,500001,INLAND
829,1091,1091,967,-121.49,38.57,1.2209,87900,INLAND
1094,2417,2417,1256,-117.67,34.09,2.7266,101000,INLAND
398,1003,1003,391,-122.26,38.0,4.2269,170500,NEAR BAY
473,1466,1466,528,-121.04,37.78,2.5643,200000,INLAND
247,880,880,229,-122.0,37.39,5.791,239400,<1H OCEAN
770,3651,3651,778,-121.81,37.33,7.2982,343000,<1H OCEAN
1178,3275,3275,1348,-121.26,38.7,4.3826,146600,INLAND
360,1389,1389,364,-118.21,33.89,2.7443,113900,<1H OCEAN
77,152,152,117,-120.74,39.39,1.3523,85700,INLAND
439,978,978,441,-117.12,32.74,3.2708,155200,NEAR OCEAN
139,278,278,170,-119.59,34.39,3.6969,335000,<1H OCEAN
452,1760,1760,477,-118.2,33.96,2.3221,161600,<1H OCEAN
797,2484,2484,834,-121.99,37.39,4.8145,230700,<1H OCEAN
1105,4224,4224,1185,-121.49,38.47,2.3496,68000,INLAND
35,193,193,30,-117.92,34.0,3.8125,136300,<1H OCEAN
1875,5452,5452,1934,-118.6,34.13,9.1232,472000,<1H OCEAN
2723,8805,8805,3032,-117.29,33.97,4.6667,160600,INLAND
338,1132,1132,364,-118.22,34.06,2.2344,153100,<1H OCEAN
201,544,544,247,-120.08,39.61,2.7778,72900,INLAND
693,1874,1874,730,-121.04,39.0,4.8051,174300,INLAND
290,679,679,378,-117.69,33.47,5.756,305600,<1H OCEAN
597,1693,1693,672,-117.22,33.22,3.3882,190800,<1H OCEAN
320,1077,1077,308,-118.06,33.97,4.3203,159200,<1H OCEAN
128,260,260,169,-121.49,38.51,2.9219,152900,INLAND
759,2716,2716,725,-117.73,34.07,4.1339,135000,INLAND
376,1925,1925,365,-117.87,33.74,2.7632,158900,<1H OCEAN
631,1911,1911,657,-118.09,33.79,5.8491,247300,<1H OCEAN
308,874,874,330,-118.06,34.1,4.8594,265900,<1H OCEAN
909,2047,2047,933,-118.5,34.2,4.1304,229100,<1H OCEAN
714,1686,1686,719,-119.35,36.32,3.8235,94600,INLAND
214,931,931,214,-120.19,36.6,1.5536,58300,INLAND
645,2151,2151,695,-117.92,34.11,3.2202,126200,<1H OCEAN
665,1262,1262,715,-122.44,38.34,1.9487,233500,<1H OCEAN
370,976,976,356,-117.9,34.08,5.212,201200,<1H OCEAN
991,3031,3031,979,-117.27,34.4,3.3438,124400,INLAND
13,44,44,19,-120.19,38.07,0.4999,162500,INLAND
307,982,982,319,-118.0,33.76,2.9083,179200,<1H OCEAN
519,1187,1187,533,-122.12,37.42,5.2803,362100,NEAR BAY
439,1182,1182,488,-122.35,37.93,2.3352,84300,NEAR BAY
647,2204,2204,692,-117.68,34.07,1.7806,135000,INLAND
92,311,311,133,-117.32,33.51,5.2066,500001,<1H OCEAN
447,1088,1088,495,-121.8,38.01,2.2532,109400,INLAND
20,51,51,130,-119.57,37.94,3.4861,137500,INLAND
930,4551,4551,1003,-118.21,33.92,1.9026,131900,<1H OCEAN
902,2725,2725,994,-121.32,38.15,3.9323,130100,INLAND
420,1575,1575,434,-118.27,33.82,4.1292,201900,<1H OCEAN
807,2372,2372,838,-118.54,34.26,5.6912,311800,<1H OCEAN
178,437,437,199,-118.34,33.99,3.7344,179400,<1H OCEAN
975,2246,2246,1055,-122.48,37.79,4.1148,457800,NEAR BAY
483,898,898,519,-117.13,32.75,2.2264,112500,NEAR OCEAN
718,1283,1283,732,-117.13,32.76,2.1563,127100,NEAR OCEAN
676,2163,2163,749,-117.71,34.03,3.4267,164400,INLAND
416,1289,1289,451,-117.8,33.63,11.1121,493000,<1H OCEAN
338,805,805,328,-121.36,38.6,4.4643,133000,INLAND
688,2818,2818,816,-117.63,34.09,2.8977,126200,INLAND
520,1939,1939,558,-118.16,33.78,1.9808,139100,NEAR OCEAN
398,1179,1179,376,-122.33,37.97,3.5463,130800,NEAR BAY
1212,3087,3087,1374,-118.16,33.78,2.127,163300,NEAR OCEAN
723,960,960,806,-118.08,33.77,1.9074,68500,<1H OCEAN
706,2237,2237,797,-121.46,38.52,2.1736,72100,INLAND
512,1402,1402,554,-118.24,34.14,2.462,254000,<1H OCEAN
881,1503,1503,1153,-122.05,37.93,4.0473,266500,NEAR BAY
412,934,934,403,-122.32,37.96,3.375,133700,NEAR BAY
716,2054,2054,717,-117.93,33.8,4.2731,218000,<1H OCEAN
489,1490,1490,481,-121.25,38.69,4.5562,134500,INLAND
329,1475,1475,371,-119.26,36.5,2.5719,74300,INLAND
387,1048,1048,398,-118.32,33.75,9.267,500001,NEAR OCEAN
257,532,532,288,-121.43,38.56,2.5417,125900,INLAND
327,869,869,332,-122.2,37.78,4.5893,163500,NEAR BAY
515,1470,1470,514,-117.38,34.0,3.3687,123800,INLAND
343,1205,1205,323,-118.09,33.93,4.5306,183400,<1H OCEAN
795,1907,1907,836,-122.54,37.89,6.1275,424400,NEAR BAY
718,1782,1782,786,-117.24,34.06,3.2604,93300,INLAND
434,1335,1335,514,-117.93,33.64,2.7543,177800,<1H OCEAN
373,1419,1419,369,-121.86,37.4,5.8721,267800,<1H OCEAN
668,2005,2005,704,-117.1,32.73,2.2375,102900,NEAR OCEAN
204,1250,1250,203,-118.41,34.27,2.9219,137900,<1H OCEAN
1634,3331,3331,1699,-117.03,32.79,2.7006,166300,<1H OCEAN
352,818,818,346,-122.52,37.96,5.2818,331000,NEAR BAY
397,512,512,410,-118.35,34.07,4.0179,350000,<1H OCEAN
612,1867,1867,618,-119.77,36.32,3.9926,92500,INLAND
113,396,396,101,-117.12,32.71,0.6433,111300,NEAR OCEAN
945,2515,2515,1060,-118.37,33.97,2.7464,153100,<1H OCEAN
1147,2578,2578,1307,-117.31,34.15,3.3281,122200,INLAND
523,1243,1243,500,-122.24,38.12,4.2902,152400,NEAR BAY
200,563,563,220,-122.23,40.63,2.3287,130700,INLAND
325,1008,1008,335,-117.29,33.06,6.1509,338700,NEAR OCEAN
750,1623,1623,762,-118.53,34.16,3.6141,290600,<1H OCEAN
549,1642,1642,565,-117.66,33.57,8.0082,286600,<1H OCEAN
359,1127,1127,435,-119.63,36.58,1.2647,55300,INLAND
567,1057,1057,614,-117.24,32.75,2.2042,231300,NEAR OCEAN
354,1615,1615,375,-118.2,33.99,2.1468,141700,<1H OCEAN
1168,2933,2933,1816,-117.46,34.85,3.4912,157700,INLAND
264,577,577,281,-118.08,33.81,3.3155,237500,<1H OCEAN
476,1343,1343,510,-118.31,34.03,2.025,135500,<1H OCEAN
367,696,696,396,-118.08,33.72,7.1673,340700,NEAR OCEAN
260,683,683,266,-117.09,32.79,4.0982,171200,NEAR OCEAN
899,2782,2782,950,-121.88,37.24,8.3065,394200,<1H OCEAN
150,420,420,149,-118.31,34.19,3.0625,361700,<1H OCEAN
224,462,462,223,-117.77,33.53,3.2708,384700,<1H OCEAN
239,573,573,245,-122.32,37.95,4.35,185000,NEAR BAY
204,1071,1071,211,-118.24,33.94,1.2679,92000,<1H OCEAN
277,836,836,328,-122.21,37.77,2.2604,100000,NEAR BAY
763,1593,1593,764,-119.03,35.39,2.9821,118700,INLAND
1423,4399,4399,1523,-117.32,33.25,3.6301,170900,<1H OCEAN
380,1059,1059,398,-118.06,34.17,7.2419,410400,INLAND
76,312,312,45,-117.38,34.2,3.7578,137500,INLAND
245,734,734,239,-121.89,37.68,6.2918,334100,<1H OCEAN
123,475,475,129,-118.24,33.9,1.2083,92600,<1H OCEAN
219,711,711,211,-118.09,33.92,4.5699,170800,<1H OCEAN
508,1000,1000,623,-116.88,33.74,1.5982,140000,INLAND
315,1025,1025,312,-117.89,33.92,3.8333,170400,<1H OCEAN
137,477,477,163,-120.43,35.17,3.851,315000,<1H OCEAN
836,1555,1555,912,-122.4,37.76,4.119,298300,NEAR BAY
855,1914,1914,895,-118.19,33.82,3.5521,290000,NEAR OCEAN
365,1200,1200,396,-118.08,33.91,2.895,146900,<1H OCEAN
363,1224,1224,357,-117.07,32.57,2.7361,93600,NEAR OCEAN
1027,3680,3680,1042,-118.28,33.82,4.174,205100,<1H OCEAN
643,3343,3343,621,-121.3,38.02,2.5473,106300,INLAND
655,983,983,768,-117.87,33.69,3.7174,275000,<1H OCEAN
538,1624,1624,584,-120.95,37.67,4.3864,137600,INLAND
159,407,407,165,-122.42,37.62,4.8,306800,NEAR OCEAN
97,412,412,109,-121.3,37.94,1.3417,60800,INLAND
225,981,981,259,-118.08,33.89,3.2857,153600,<1H OCEAN
264,809,809,258,-117.82,33.73,5.0162,223000,<1H OCEAN
294,543,543,285,-118.39,34.01,2.3571,340600,<1H OCEAN
830,2806,2806,866,-118.18,33.97,2.2122,169400,<1H OCEAN
208,483,483,416,-118.98,37.65,4.5375,169800,INLAND
642,1203,1203,699,-122.71,38.35,2.3464,104200,<1H OCEAN
400,873,873,413,-117.87,34.13,3.12,194300,<1H OCEAN
1596,6437,6437,1603,-119.16,34.17,4.1279,223900,NEAR OCEAN
352,960,960,360,-117.97,33.63,6.1572,344000,NEAR OCEAN
15,32,32,15,-117.95,35.08,4.875,141700,INLAND
747,2601,2601,794,-120.44,34.95,2.2743,106400,<1H OCEAN
130,477,477,104,-118.2,33.92,3.6719,130400,<1H OCEAN
422,1147,1147,447,-117.23,33.19,3.6346,192500,<1H OCEAN
806,2506,2506,828,-117.14,34.07,5.5875,162000,INLAND
250,590,590,272,-118.41,33.92,5.2338,358000,<1H OCEAN
551,1150,1150,580,-118.4,34.16,4.2989,364700,<1H OCEAN
232,719,719,223,-118.71,34.27,3.163,179400,<1H OCEAN
1644,4218,4218,1791,-117.31,33.94,5.2713,216500,INLAND
492,1035,1035,500,-118.45,34.16,4.475,314800,<1H OCEAN
581,1366,1366,613,-121.01,37.66,4.5,151400,INLAND
323,909,909,324,-121.61,39.52,1.8661,59800,INLAND
800,1732,1732,817,-122.09,37.69,4.8036,188300,NEAR BAY
943,2756,2756,986,-122.07,37.44,2.9817,225000,NEAR BAY
47,124,124,48,-120.59,37.59,5.6945,154200,INLAND
122,294,294,398,-120.74,39.82,3.9583,126500,INLAND
581,1687,1687,1035,-116.54,33.87,1.9167,70400,INLAND
290,861,861,291,-121.94,37.73,6.2726,258200,<1H OCEAN
173,450,450,194,-118.83,34.14,10.1597,500001,NEAR OCEAN
317,777,777,330,-118.12,34.17,3.7159,315400,INLAND
307,1154,1154,315,-122.24,38.01,6.0102,235600,NEAR BAY
274,910,910,317,-120.1,36.96,4.8187,90900,INLAND
978,1729,1729,1027,-118.25,34.15,3.0441,193800,<1H OCEAN
583,2601,2601,632,-118.21,33.91,1.7824,110200,<1H OCEAN
329,1015,1015,365,-118.13,34.19,2.92,242200,INLAND
795,2032,2032,824,-118.2,34.13,4.0052,196400,<1H OCEAN
289,556,556,344,-117.18,32.68,3.25,500001,NEAR OCEAN
416,968,968,438,-117.28,34.14,3.4906,93300,INLAND
341,1054,1054,348,-118.99,35.39,1.8319,55400,INLAND
410,843,843,394,-119.03,35.38,3.0,91800,INLAND
545,1533,1533,552,-117.33,33.16,4.0585,245500,NEAR OCEAN
1015,1715,1715,1065,-122.25,37.8,2.9345,225000,NEAR BAY
272,759,759,271,-122.0,37.27,5.7876,415800,<1H OCEAN
380,839,839,388,-118.45,34.18,3.7171,228800,<1H OCEAN
107,232,232,118,-118.02,33.77,5.2077,181300,<1H OCEAN
409,1248,1248,427,-122.13,37.39,12.0372,500001,NEAR BAY
489,1814,1814,499,-122.45,37.7,4.0125,230100,NEAR OCEAN
1002,2475,2475,1143,-118.47,34.2,2.9025,229100,<1H OCEAN
286,830,830,302,-117.82,33.65,6.3822,362500,<1H OCEAN
758,2158,2158,807,-117.23,34.51,5.5875,167800,INLAND
581,1886,1886,580,-117.97,33.69,6.799,292000,<1H OCEAN
905,2726,2726,962,-117.15,33.16,3.5839,158500,<1H OCEAN
618,2546,2546,637,-121.32,36.43,2.7153,114300,<1H OCEAN
381,1395,1395,417,-118.26,33.89,2.8493,109600,<1H OCEAN
136,417,417,155,-122.45,40.61,2.3289,58200,INLAND
322,1100,1100,297,-118.08,33.91,5.1187,168100,<1H OCEAN
42,157,157,41,-117.02,32.64,6.5151,281700,NEAR OCEAN
958,2413,2413,1082,-118.58,34.17,5.6327,500001,<1H OCEAN
309,720,720,277,-121.31,37.97,5.1915,183700,INLAND
437,1095,1095,431,-122.47,37.75,4.0089,357000,NEAR BAY
393,1008,1008,427,-118.34,33.8,3.9408,327700,<1H OCEAN
1043,2242,2242,1355,-116.37,33.72,3.0021,152300,INLAND
356,753,753,377,-119.72,34.43,2.3454,243800,<1H OCEAN
23,61,61,20,-118.39,33.92,5.25,247200,<1H OCEAN
96,315,315,132,-118.18,33.81,1.75,154200,NEAR OCEAN
242,730,730,243,-121.25,38.68,4.9688,135600,INLAND
721,3260,3260,770,-118.19,34.02,2.3575,144800,<1H OCEAN
927,3155,3155,993,-118.3,34.09,2.2612,230400,<1H OCEAN
315,1142,1142,388,-121.45,38.53,1.7714,69900,INLAND
426,1181,1181,419,-117.06,32.75,3.0208,129200,NEAR OCEAN
781,2521,2521,815,-118.49,34.27,5.5714,225900,<1H OCEAN
896,2997,2997,948,-118.08,33.84,3.7961,162700,<1H OCEAN
284,514,514,279,-122.44,37.78,2.4196,346200,NEAR BAY
84,623,623,91,-117.9,33.66,6.6369,192600,<1H OCEAN
363,947,947,396,-119.02,35.36,2.2827,70000,INLAND
284,472,472,292,-122.53,38.01,3.4432,67500,NEAR BAY
743,2019,2019,787,-118.63,34.17,5.5798,338200,<1H OCEAN
410,853,853,408,-121.9,37.44,5.0821,265500,<1H OCEAN
559,1774,1774,651,-118.3,34.08,1.5685,225000,<1H OCEAN
260,899,899,258,-118.06,34.58,3.86,109300,INLAND
295,899,899,313,-118.11,33.83,4.918,225200,<1H OCEAN
327,1212,1212,335,-117.36,33.97,2.7596,82200,INLAND
440,1252,1252,448,-117.24,32.85,10.0707,500001,NEAR OCEAN
330,1032,1032,379,-117.9,33.74,2.2105,180400,<1H OCEAN
1141,2680,2680,1229,-117.25,34.14,2.2482,114500,INLAND
1018,2975,2975,1036,-118.03,34.01,6.2319,403700,<1H OCEAN
395,1379,1379,404,-118.09,33.94,3.8542,175400,<1H OCEAN
401,1120,1120,399,-118.47,34.25,4.1492,195700,<1H OCEAN
583,2017,2017,633,-118.3,33.93,1.3962,124300,<1H OCEAN
680,1373,1373,748,-118.37,34.16,3.6128,225000,<1H OCEAN
249,517,517,311,-122.26,37.83,1.2852,150000,NEAR BAY
277,645,645,272,-122.07,37.7,4.125,232500,NEAR BAY
288,899,899,314,-118.49,34.22,5.0325,238200,<1H OCEAN
256,686,686,267,-121.17,38.68,3.0,121900,INLAND
360,856,856,393,-117.92,33.65,3.184,220000,<1H OCEAN
791,3013,3013,838,-118.28,34.05,1.5565,152500,<1H OCEAN
332,1037,1037,336,-117.89,33.88,5.7519,243400,<1H OCEAN
620,3160,3160,625,-118.06,34.06,2.5763,173900,<1H OCEAN
529,1550,1550,559,-118.28,33.73,1.9167,227200,NEAR OCEAN
700,1902,1902,814,-118.31,33.82,3.402,279900,<1H OCEAN
576,1443,1443,620,-119.61,36.59,2.2727,92700,INLAND
369,984,984,397,-122.19,37.78,3.22,156500,NEAR BAY
456,1528,1528,471,-121.87,37.32,2.6818,184900,<1H OCEAN
304,872,872,317,-116.94,32.83,3.7831,147800,<1H OCEAN
294,808,808,309,-119.45,35.13,2.3013,26600,INLAND
208,760,760,205,-118.15,33.91,2.9643,147400,<1H OCEAN
110,268,268,141,-118.09,34.15,3.5568,205000,INLAND
449,852,852,484,-119.79,36.8,3.32,124700,INLAND
740,1859,1859,770,-118.32,33.85,3.5073,234800,<1H OCEAN
497,1540,1540,511,-118.02,33.9,4.4954,202900,<1H OCEAN
392,1296,1296,447,-118.14,34.01,2.3929,156800,<1H OCEAN
399,1190,1190,437,-118.2,33.77,1.9797,143800,NEAR OCEAN
417,1198,1198,435,-118.44,34.2,2.9219,241300,<1H OCEAN
346,1051,1051,347,-118.08,33.78,5.5767,372000,<1H OCEAN
278,748,748,278,-118.11,33.9,5.1423,183100,<1H OCEAN
1076,2280,2280,1192,-122.42,37.76,3.3937,270000,NEAR BAY
353,1155,1155,328,-119.79,36.81,3.069,69600,INLAND
325,878,878,326,-117.94,33.82,3.4,196900,<1H OCEAN
292,934,934,296,-118.19,33.96,2.6354,151800,<1H OCEAN
1202,2904,2904,1235,-117.17,34.07,3.0651,108000,INLAND
251,346,346,270,-118.23,34.05,2.5313,225000,<1H OCEAN
407,1227,1227,460,-122.21,37.78,1.7188,126800,NEAR BAY
380,718,718,400,-122.45,38.3,3.5507,257900,NEAR BAY
833,1721,1721,1217,-116.54,33.81,3.1493,199400,INLAND
423,1349,1349,360,-119.7,34.41,2.6607,226500,NEAR OCEAN
341,952,952,340,-117.98,33.7,4.4148,239200,<1H OCEAN
154,654,654,142,-117.94,33.77,4.5052,170800,<1H OCEAN
570,1895,1895,547,-117.99,33.84,4.9115,255500,<1H OCEAN
110,251,251,112,-117.22,32.75,3.8036,162000,NEAR OCEAN
21,79,79,19,-116.18,33.69,2.375,155000,INLAND
169,781,781,181,-121.84,37.38,5.1082,195800,<1H OCEAN
440,1805,1805,448,-121.27,37.96,1.425,61300,INLAND
154,520,520,176,-120.57,37.35,3.003,101300,INLAND
81,196,196,78,-117.84,33.76,3.6806,219400,<1H OCEAN
372,1078,1078,381,-116.94,32.89,5.2542,227800,<1H OCEAN
397,987,987,469,-118.34,33.8,5.0951,318900,<1H OCEAN
1269,2659,2659,1330,-122.45,37.76,3.5744,500000,NEAR BAY
507,1219,1219,502,-122.52,37.93,5.0779,333900,NEAR BAY
687,1936,1936,781,-118.13,34.09,2.2214,219000,<1H OCEAN
270,702,702,240,-122.34,37.95,3.6719,134100,NEAR BAY
2,6,6,2,-117.79,35.21,2.375,137500,INLAND
549,1536,1536,557,-122.31,40.45,2.0221,60400,INLAND
229,754,754,226,-119.46,36.6,3.9844,118100,INLAND
58,119,119,95,-114.94,34.55,1.625,50000,INLAND
374,967,967,408,-122.34,37.57,7.0422,500001,NEAR OCEAN
357,817,817,372,-122.25,38.1,2.1411,97200,NEAR BAY
55,150,150,74,-118.09,34.15,2.2321,237500,INLAND
538,1846,1846,554,-117.95,33.74,5.9838,271900,<1H OCEAN
249,926,926,279,-120.47,35.04,2.9375,144800,<1H OCEAN
519,1869,1869,542,-122.77,38.29,3.2442,268000,<1H OCEAN
302,1252,1252,339,-118.25,33.95,1.9798,98100,<1H OCEAN
175,732,732,206,-120.31,37.29,1.5938,57600,INLAND
196,455,455,153,-118.01,34.06,2.7721,155400,INLAND
366,907,907,365,-118.66,34.1,10.076,500001,NEAR OCEAN
380,770,770,428,-118.33,34.16,3.4016,234600,<1H OCEAN
467,715,715,665,-117.07,33.02,2.6048,148200,<1H OCEAN
412,1405,1405,434,-119.31,36.06,1.8827,48700,INLAND
335,836,836,343,-119.27,34.27,3.5893,206600,NEAR OCEAN
317,1063,1063,321,-119.12,36.05,2.1477,53900,INLAND
831,2009,2009,892,-122.29,37.48,7.4678,500001,NEAR OCEAN
454,1176,1176,475,-121.38,38.58,5.0497,191700,INLAND
246,710,710,266,-117.69,33.55,6.0743,274300,<1H OCEAN
2606,8012,8012,2708,-122.04,37.58,5.6277,269800,NEAR BAY
546,1697,1697,533,-118.28,33.84,3.8633,187900,<1H OCEAN
313,922,922,310,-122.65,38.24,4.95,243600,<1H OCEAN
190,557,557,187,-117.07,33.67,2.375,145800,INLAND
458,1479,1479,452,-119.81,34.46,7.1687,384400,NEAR OCEAN
660,2071,2071,744,-121.31,38.71,4.3836,102000,INLAND
1809,4076,4076,1995,-118.51,34.16,5.4609,500001,<1H OCEAN
371,679,679,495,-122.83,39.09,1.4679,94700,INLAND
376,984,984,442,-119.63,34.44,9.4522,500001,<1H OCEAN
40,101,101,43,-121.82,38.02,2.2361,93800,INLAND
212,673,673,216,-118.12,34.15,2.1763,168800,<1H OCEAN
215,482,482,220,-122.25,37.77,3.1771,210200,NEAR BAY
404,988,988,398,-118.02,33.96,4.6226,219700,<1H OCEAN
239,981,981,236,-122.14,37.48,4.0039,148900,NEAR BAY
268,717,717,297,-121.68,39.13,3.4698,179700,INLAND
378,1128,1128,403,-122.2,37.78,2.5401,129100,NEAR BAY
1985,5964,5964,2727,-117.64,33.87,6.2308,257900,<1H OCEAN
298,742,742,292,-122.49,37.73,5.6204,406200,NEAR OCEAN
457,1111,1111,472,-118.31,33.74,4.5074,350000,NEAR OCEAN
623,1674,1674,654,-117.88,34.13,2.8547,155600,<1H OCEAN
263,635,635,264,-122.19,37.82,8.317,365900,NEAR BAY
281,695,695,274,-117.17,32.77,3.767,166800,NEAR OCEAN
267,837,837,295,-118.13,33.97,4.6992,251900,<1H OCEAN
905,1681,1681,945,-118.25,34.16,3.9054,200000,<1H OCEAN
420,913,913,452,-118.2,33.82,4.6042,272200,NEAR OCEAN
1338,3437,3437,1406,-122.25,37.56,5.6396,430300,NEAR BAY
549,1521,1521,620,-119.02,35.37,1.7213,61600,INLAND
356,1062,1062,378,-117.93,33.93,2.1944,139600,<1H OCEAN
217,645,645,247,-118.36,33.83,5.9143,343400,<1H OCEAN
312,710,710,427,-117.25,32.78,2.7857,291700,NEAR OCEAN
509,1618,1618,588,-117.09,32.99,4.6028,216800,<1H OCEAN
5,13,13,5,-117.19,32.75,0.536,162500,NEAR OCEAN
314,993,993,313,-119.69,36.79,3.7697,83600,INLAND
282,764,764,277,-122.15,37.74,3.3125,118000,NEAR BAY
1427,2711,2711,1758,-117.21,33.71,2.1848,97900,<1H OCEAN
350,730,730,373,-117.06,32.77,2.0284,161800,NEAR OCEAN
611,1823,1823,644,-122.29,37.81,0.9802,129200,NEAR BAY
57,130,130,69,-119.31,34.38,2.4375,225000,NEAR OCEAN
195,748,748,167,-118.17,33.91,3.8,145800,<1H OCEAN
301,999,999,298,-121.21,37.81,5.193,172100,INLAND
656,1751,1751,670,-117.88,34.11,3.2383,157000,<1H OCEAN
442,1263,1263,501,-117.07,32.75,2.5583,120700,NEAR OCEAN
321,930,930,325,-122.09,37.36,7.5274,500001,NEAR BAY
470,1156,1156,638,-117.7,33.48,6.3579,336700,<1H OCEAN
476,1967,1967,551,-118.19,33.79,2.137,126600,NEAR OCEAN
370,1422,1422,416,-118.29,33.98,1.0516,108300,<1H OCEAN
309,785,785,331,-122.46,38.53,3.6641,275800,INLAND
547,1596,1596,566,-118.54,34.21,3.9886,199200,<1H OCEAN
451,1105,1105,499,-120.45,34.64,3.7778,150000,NEAR OCEAN
148,926,926,151,-117.86,33.74,4.125,175900,<1H OCEAN
708,1793,1793,732,-122.54,37.7,4.2472,292500,NEAR OCEAN
614,2295,2295,644,-119.16,34.15,3.9485,196600,NEAR OCEAN
536,1310,1310,577,-117.31,34.04,3.39,149500,INLAND
505,1607,1607,530,-121.7,36.6,5.0162,283100,<1H OCEAN
987,1637,1637,1062,-118.39,34.16,3.2388,256300,<1H OCEAN
332,745,745,423,-117.89,33.61,5.1923,500001,<1H OCEAN
471,1144,1144,502,-119.79,36.77,2.3967,58700,INLAND
623,1166,1166,671,-117.13,32.75,1.95,150000,NEAR OCEAN
146,381,381,539,-120.13,39.06,2.875,87500,INLAND
277,879,879,302,-119.69,36.38,3.3214,103100,INLAND
276,820,820,251,-120.08,36.72,3.6,83200,INLAND
479,1207,1207,519,-119.61,34.45,5.3963,500001,<1H OCEAN
533,1605,1605,548,-118.08,34.1,3.5313,213200,<1H OCEAN
697,1916,1916,676,-121.28,38.13,2.5401,125400,INLAND
719,1873,1873,709,-118.31,33.76,6.5704,414700,<1H OCEAN
301,699,699,346,-119.83,34.43,2.1417,205000,NEAR OCEAN
186,426,426,184,-117.61,33.45,4.7237,220700,NEAR OCEAN
337,1074,1074,335,-118.48,34.25,5.1068,223300,<1H OCEAN
338,1253,1253,352,-118.02,33.77,5.1507,207500,<1H OCEAN
1557,3333,3333,1729,-118.37,33.97,2.9646,179800,<1H OCEAN
302,894,894,300,-118.45,34.26,4.175,209600,<1H OCEAN
667,1761,1761,708,-118.11,33.88,4.0911,239700,<1H OCEAN
535,2015,2015,532,-118.23,33.93,0.8478,104900,<1H OCEAN
390,673,673,510,-117.91,33.6,5.1048,500001,<1H OCEAN
354,875,875,370,-122.38,40.69,1.7422,61500,INLAND
297,795,795,254,-118.11,33.87,4.6713,231800,<1H OCEAN
574,991,991,616,-118.38,34.06,3.1475,362500,<1H OCEAN
672,1699,1699,711,-118.29,33.73,2.1382,242300,NEAR OCEAN
451,1307,1307,526,-121.04,39.08,3.463,201700,INLAND
221,902,902,248,-118.27,33.95,2.3365,98000,<1H OCEAN
1283,2557,2557,1336,-122.37,40.6,2.4079,111400,INLAND
292,608,608,269,-122.19,37.48,4.5568,286900,NEAR BAY
315,621,621,292,-122.45,37.76,4.6477,450000,NEAR BAY
824,3537,3537,834,-118.03,34.06,2.1094,135200,<1H OCEAN
498,1859,1859,535,-119.68,36.31,2.9936,60600,INLAND
800,1588,1588,851,-122.44,37.78,3.3882,471400,NEAR BAY
431,970,970,472,-121.69,38.16,2.2888,94900,INLAND
545,1201,1201,566,-118.42,34.16,3.6641,386100,<1H OCEAN
184,549,549,164,-121.88,37.33,2.375,175000,<1H OCEAN
221,654,654,248,-117.85,34.14,4.9091,275000,INLAND
341,1143,1143,370,-118.29,34.05,2.3864,350000,<1H OCEAN
637,2422,2422,599,-118.93,34.4,3.7092,190500,<1H OCEAN
361,1665,1665,406,-118.23,33.92,1.6437,98800,<1H OCEAN
492,1164,1164,512,-117.22,32.83,3.4318,200400,NEAR OCEAN
666,1145,1145,683,-122.44,37.76,4.2222,361600,NEAR BAY
369,1118,1118,372,-117.05,33.13,4.2813,169900,<1H OCEAN
204,537,537,236,-122.31,37.92,2.8456,183300,NEAR BAY
155,492,492,146,-121.81,37.37,7.2861,328000,<1H OCEAN
197,634,634,192,-117.95,33.8,5.237,215700,<1H OCEAN
1423,2737,2737,2460,-116.38,33.71,4.5556,258100,INLAND
512,1356,1356,499,-117.27,33.03,4.87,220900,NEAR OCEAN
540,1427,1427,586,-120.47,34.64,3.071,120400,NEAR OCEAN
311,806,806,346,-118.44,34.0,3.875,321300,<1H OCEAN
227,494,494,330,-122.31,40.75,1.4911,75800,INLAND
632,1889,1889,652,-122.78,38.53,4.2716,250800,<1H OCEAN
105,224,224,105,-117.29,33.13,3.9205,183000,NEAR OCEAN
664,1880,1880,691,-122.73,38.43,2.1864,143200,<1H OCEAN
361,947,947,379,-122.23,37.83,7.8772,500001,NEAR BAY
576,1825,1825,579,-117.13,32.91,4.2969,151200,<1H OCEAN
1014,3097,3097,1012,-117.25,33.08,6.617,285200,NEAR OCEAN
268,1024,1024,251,-118.77,34.28,5.1074,185200,<1H OCEAN
428,1857,1857,427,-118.05,34.08,2.4914,159200,<1H OCEAN
374,1146,1146,408,-118.16,33.91,2.9643,162200,<1H OCEAN
1267,3359,3359,1363,-117.87,34.1,3.875,173300,<1H OCEAN
1222,3384,3384,1275,-118.52,34.39,3.6625,228100,<1H OCEAN
275,831,831,290,-117.9,34.06,5.4469,274700,<1H OCEAN
336,727,727,388,-117.33,34.04,2.5187,116700,INLAND
366,1505,1505,375,-118.27,34.02,2.319,97200,<1H OCEAN
425,992,992,468,-122.33,37.58,4.7917,359900,NEAR OCEAN
520,1434,1434,525,-118.1,34.09,3.8906,238300,<1H OCEAN
528,2576,2576,530,-118.14,33.97,2.63,156000,<1H OCEAN
195,453,453,212,-121.29,38.13,2.3917,113500,INLAND
394,1581,1581,437,-117.3,34.12,2.2019,63500,INLAND
8,13,13,8,-120.13,35.87,2.375,71300,INLAND
405,820,820,448,-119.65,37.32,2.3565,122300,INLAND
986,1463,1463,1071,-118.49,34.0,3.0369,500001,<1H OCEAN
428,1041,1041,441,-121.13,38.47,3.6645,203400,INLAND
820,2724,2724,854,-121.98,37.95,6.7371,267400,INLAND
288,880,880,256,-117.81,33.69,2.4233,450000,<1H OCEAN
70,148,148,86,-122.41,37.74,3.6687,335000,NEAR BAY
329,765,765,350,-117.25,32.81,3.9187,311900,NEAR OCEAN
625,2400,2400,725,-121.47,38.53,1.4625,54400,INLAND
336,915,915,331,-120.48,34.66,4.1563,172600,NEAR OCEAN
1712,4674,4674,1777,-121.32,38.59,3.6817,136100,INLAND
299,785,785,328,-117.72,34.09,3.2566,151800,INLAND
263,1011,1011,264,-122.23,37.79,1.8854,137500,NEAR BAY
806,1584,1584,860,-118.3,33.74,2.9386,260500,NEAR OCEAN
399,1358,1358,429,-118.22,33.84,4.0687,160300,<1H OCEAN
395,1704,1704,415,-119.44,36.48,1.1728,41700,INLAND
273,664,664,276,-121.59,39.77,2.3068,97300,INLAND
1214,3220,3220,1360,-117.42,34.59,1.7567,69500,INLAND
306,1630,1630,335,-118.43,34.25,2.9205,143100,<1H OCEAN
591,2038,2038,627,-118.36,33.95,2.875,177500,<1H OCEAN
766,2269,2269,774,-122.37,40.52,3.7896,98100,INLAND
445,882,882,496,-117.09,32.76,2.2287,140000,NEAR OCEAN
933,2103,2103,1039,-122.23,37.46,4.4167,333800,NEAR OCEAN
64,276,276,79,-118.19,34.05,3.2125,125000,<1H OCEAN
793,3212,3212,797,-118.17,34.09,2.2348,146600,<1H OCEAN
219,672,672,246,-118.31,33.92,4.8456,146400,<1H OCEAN
402,1199,1199,399,-118.02,34.09,3.4286,191800,INLAND
110,263,263,142,-118.66,34.23,6.1288,350000,<1H OCEAN
688,2103,2103,694,-117.84,34.13,4.6937,198000,INLAND
321,805,805,323,-122.23,37.76,4.7188,335300,NEAR BAY
1083,2655,2655,1171,-118.32,34.09,1.6331,162500,<1H OCEAN
655,1497,1497,686,-120.6,35.1,2.6875,178200,<1H OCEAN
264,671,671,342,-119.93,35.2,3.0602,69800,INLAND
395,810,810,429,-117.64,33.64,6.1935,293200,<1H OCEAN
482,2272,2272,451,-118.15,33.96,2.5385,160900,<1H OCEAN
753,2374,2374,770,-118.0,33.91,5.979,285200,<1H OCEAN
387,1193,1193,412,-119.02,35.33,2.75,65800,INLAND
748,1790,1790,884,-118.3,33.79,2.9154,203300,<1H OCEAN
366,1203,1203,388,-117.88,33.87,3.2083,145300,<1H OCEAN
1453,4636,4636,1842,-117.33,33.9,5.1512,187800,INLAND
420,1235,1235,478,-117.58,33.88,2.2969,116100,INLAND
258,616,616,273,-122.04,37.37,3.6765,252800,<1H OCEAN
1178,5389,5389,1209,-117.98,34.1,3.7727,159700,INLAND
644,2075,2075,657,-120.93,37.67,3.3844,138500,INLAND
341,817,817,377,-118.32,34.01,3.1548,157700,<1H OCEAN
212,995,995,233,-118.2,33.77,2.225,106300,NEAR OCEAN
1209,3107,3107,1281,-117.8,33.87,4.2566,206100,<1H OCEAN
378,899,899,372,-121.05,38.92,3.3021,158800,INLAND
218,782,782,232,-121.25,37.94,2.3269,55900,INLAND
246,775,775,280,-119.44,36.61,3.9073,91600,INLAND
607,1258,1258,642,-119.86,34.42,1.179,225000,NEAR OCEAN
418,955,955,447,-121.2,39.23,5.2359,213300,INLAND
593,1342,1342,644,-120.6,35.12,3.4509,217700,<1H OCEAN
321,1024,1024,344,-121.78,37.67,5.2649,199800,INLAND
567,1475,1475,601,-117.83,33.75,3.4152,210200,<1H OCEAN
418,1774,1774,410,-121.78,37.34,7.0671,378200,<1H OCEAN
628,2266,2266,654,-117.87,33.7,5.0956,246000,<1H OCEAN
498,951,951,571,-118.29,33.79,3.3427,154200,<1H OCEAN
229,551,551,242,-120.83,39.02,2.6319,97700,INLAND
308,810,810,332,-118.11,34.14,6.0948,358700,<1H OCEAN
337,815,815,366,-122.81,38.08,3.4609,238800,NEAR OCEAN
1049,2626,2626,1157,-122.28,37.49,6.5475,500001,NEAR OCEAN
188,543,543,181,-117.41,34.24,5.2072,164300,INLAND
531,1878,1878,543,-122.25,38.15,3.7014,123600,NEAR BAY
683,2865,2865,671,-118.23,33.95,0.6831,87500,<1H OCEAN
632,1968,1968,616,-122.65,38.11,5.5524,279200,<1H OCEAN
7,52,52,8,-121.89,37.42,7.7197,225000,<1H OCEAN
479,1208,1208,562,-121.18,39.25,4.3646,185900,INLAND
576,1284,1284,628,-122.43,37.78,2.105,316700,NEAR BAY
162,434,434,155,-122.73,38.34,2.5819,209600,<1H OCEAN
672,1990,1990,647,-120.95,37.66,5.1473,188400,INLAND
678,2138,2138,681,-117.85,33.88,7.3658,288500,<1H OCEAN
222,713,713,196,-117.06,32.99,6.2683,180700,<1H OCEAN
573,2120,2120,575,-117.87,34.02,6.4333,271500,<1H OCEAN
384,984,984,447,-118.12,34.15,3.4167,198200,<1H OCEAN
314,822,822,338,-118.14,33.95,6.7744,294100,<1H OCEAN
118,355,355,105,-118.34,33.9,5.5133,227300,<1H OCEAN
429,742,742,427,-118.15,34.12,3.8529,350000,<1H OCEAN
370,929,929,419,-122.37,41.41,1.27,53100,INLAND
102,191,191,112,-122.24,37.49,2.5833,500001,NEAR OCEAN
273,599,599,329,-122.59,38.92,2.1953,75000,INLAND
647,2270,2270,738,-122.43,37.73,3.8934,251800,NEAR BAY
340,678,678,309,-117.06,33.03,7.0913,265400,<1H OCEAN
371,1004,1004,380,-122.29,37.89,5.1696,261400,NEAR BAY
654,1862,1862,634,-121.27,38.13,1.9238,70700,INLAND
488,1301,1301,606,-117.24,34.14,3.016,107500,INLAND
446,1148,1148,447,-122.13,37.44,5.9277,446600,NEAR BAY
103,405,405,101,-119.18,34.16,5.2783,167400,NEAR OCEAN
664,2653,2653,639,-118.06,34.02,5.2557,188800,<1H OCEAN
391,1195,1195,385,-117.31,34.15,3.9231,96000,INLAND
185,463,463,191,-121.29,37.99,3.4141,90600,INLAND
304,1138,1138,278,-122.43,37.71,4.0234,266500,NEAR BAY
109,375,375,113,-117.91,33.83,3.6607,160600,<1H OCEAN
581,2644,2644,610,-115.51,32.68,2.625,72700,INLAND
97,314,314,107,-117.04,33.01,8.4721,342300,<1H OCEAN
341,1119,1119,343,-118.14,33.88,4.3646,161400,<1H OCEAN
136,351,351,149,-122.26,37.51,5.3264,258100,NEAR OCEAN
705,1375,1375,790,-122.26,38.13,1.6368,91200,NEAR BAY
142,476,476,155,-117.37,34.0,2.4306,88900,INLAND
414,1577,1577,385,-122.46,37.69,4.0833,266700,NEAR OCEAN
532,1419,1419,592,-119.31,36.32,2.5733,88800,INLAND
445,786,786,463,-118.33,34.01,1.9231,188500,<1H OCEAN
467,1195,1195,484,-123.2,39.16,1.7929,82300,<1H OCEAN
595,1393,1393,617,-117.41,33.96,2.3798,118800,INLAND
790,2783,2783,816,-119.17,34.22,4.1949,197100,NEAR OCEAN
930,3881,3881,955,-117.89,34.01,3.6275,154100,<1H OCEAN
134,328,328,118,-122.04,37.62,3.8125,204200,NEAR BAY
185,703,703,247,-117.37,34.01,3.6415,124200,INLAND
309,879,879,313,-121.15,38.89,5.2903,239400,INLAND
280,991,991,286,-117.34,34.13,2.125,70600,INLAND
330,546,546,348,-122.27,37.81,0.76,162500,NEAR BAY
350,1001,1001,352,-122.03,37.62,4.7109,198700,NEAR BAY
626,1604,1604,675,-119.78,36.86,4.2071,128300,INLAND
134,331,331,117,-121.34,38.67,3.0417,120700,INLAND
521,1499,1499,562,-122.51,37.76,3.2792,260800,NEAR OCEAN
207,604,604,215,-121.87,37.34,2.6667,325900,<1H OCEAN
306,1602,1602,297,-117.86,33.72,2.3333,157700,<1H OCEAN
416,1693,1693,465,-117.48,33.94,2.7813,112900,INLAND
1294,3827,3827,1279,-122.05,37.68,5.1701,216800,NEAR BAY
226,515,515,337,-114.57,33.64,3.1917,73400,INLAND
268,706,706,293,-122.2,37.8,4.7721,217100,NEAR BAY
367,933,933,413,-121.92,38.37,2.7051,193800,INLAND
1235,3288,3288,1294,-121.99,37.56,4.3393,231200,<1H OCEAN
1393,4768,4768,1557,-118.52,34.4,5.305,311200,<1H OCEAN
1473,6161,6161,1480,-118.4,34.28,3.3304,154900,<1H OCEAN
341,821,821,331,-117.25,32.73,6.3331,400000,NEAR OCEAN
143,457,457,142,-118.15,34.04,3.6875,162500,<1H OCEAN
1924,4757,4757,1985,-118.33,34.2,3.1051,206500,<1H OCEAN
476,1233,1233,467,-118.43,34.16,4.0474,379700,<1H OCEAN
830,2328,2328,857,-118.03,33.84,4.0156,196000,<1H OCEAN
437,1349,1349,436,-122.08,37.66,2.1382,166600,NEAR BAY
872,3002,3002,846,-117.04,32.6,3.9076,152900,NEAR OCEAN
1118,3555,3555,1185,-117.03,33.13,4.7022,172800,<1H OCEAN
589,3232,3232,594,-117.88,33.73,3.2037,163500,<1H OCEAN
540,1209,1209,576,-122.41,37.75,3.5912,284900,NEAR BAY
591,1981,1981,577,-121.89,37.49,9.7194,500001,<1H OCEAN
333,764,764,363,-117.7,33.47,4.1563,320800,<1H OCEAN
501,1349,1349,506,-117.64,35.61,4.25,83200,INLAND
290,835,835,286,-120.4,34.95,5.0206,261000,<1H OCEAN
783,1205,1205,791,-117.09,32.64,1.62,131300,NEAR OCEAN
548,1166,1166,576,-118.12,33.94,2.7317,264700,<1H OCEAN
398,973,973,410,-121.91,37.33,4.8854,330600,<1H OCEAN
131,288,288,132,-122.28,37.87,3.5156,200000,NEAR BAY
395,994,994,387,-122.3,37.52,5.5902,417000,NEAR OCEAN
350,882,882,327,-122.03,37.99,4.59,166600,NEAR BAY
554,1544,1544,623,-118.44,34.2,2.7375,234900,<1H OCEAN
581,1297,1297,631,-117.2,32.85,4.7891,295300,NEAR OCEAN
472,1920,1920,502,-117.11,32.7,1.8125,83300,NEAR OCEAN
177,480,480,180,-118.35,33.88,4.4,225800,<1H OCEAN
496,1024,1024,526,-120.33,37.97,2.0057,118900,INLAND
287,791,791,281,-122.46,37.74,10.959,500001,NEAR BAY
365,1526,1526,398,-117.92,34.13,2.8643,132600,INLAND
226,726,726,247,-121.55,39.06,2.25,63400,INLAND
351,926,926,336,-118.41,33.9,7.5552,500001,<1H OCEAN
452,1108,1108,430,-117.9,33.65,5.2549,261800,<1H OCEAN
314,951,951,316,-117.35,33.96,8.2405,235200,INLAND
270,588,588,248,-118.14,34.71,1.1917,86900,INLAND
391,1313,1313,411,-119.21,34.26,4.9079,234100,NEAR OCEAN
238,638,638,227,-119.73,34.42,5.3279,413900,NEAR OCEAN
90,284,284,107,-121.55,39.48,2.2045,41800,INLAND
401,1321,1321,420,-122.24,37.8,2.957,122800,NEAR BAY
410,1055,1055,416,-122.09,37.38,6.1995,407200,NEAR BAY
499,1496,1496,489,-117.83,33.83,8.3818,377600,<1H OCEAN
252,729,729,352,-121.72,37.7,6.1023,450000,INLAND
781,2030,2030,848,-118.12,33.89,2.5432,180900,<1H OCEAN
1043,2936,2936,1100,-122.72,38.58,5.0555,240800,<1H OCEAN
373,1931,1931,412,-122.14,37.47,3.7917,160600,NEAR BAY
151,333,333,160,-118.37,34.06,4.5192,446000,<1H OCEAN
602,1873,1873,638,-122.04,37.6,4.3875,238500,NEAR BAY
386,835,835,422,-117.89,33.87,3.0465,148900,<1H OCEAN
1352,3511,3511,1440,-118.43,34.11,12.7296,500001,<1H OCEAN
963,3615,3615,993,-117.4,34.09,4.4034,133200,INLAND
334,1100,1100,352,-118.26,33.97,1.55,100600,<1H OCEAN
269,1065,1065,300,-122.21,37.78,1.8472,137000,NEAR BAY
1142,2691,2691,1404,-118.34,33.91,2.4741,185700,<1H OCEAN
1061,3319,3319,1051,-121.92,37.24,6.3663,279400,<1H OCEAN
375,1042,1042,389,-119.91,37.23,3.625,94400,INLAND
166,485,485,190,-118.22,33.89,2.7434,95200,<1H OCEAN
527,1623,1623,545,-118.04,33.76,7.1572,294900,<1H OCEAN
322,1014,1014,328,-118.03,33.86,4.535,289300,<1H OCEAN
412,1197,1197,476,-122.28,40.5,2.6488,83100,INLAND
241,672,672,316,-117.65,35.0,1.9107,39800,INLAND
402,1239,1239,402,-118.06,34.08,3.2569,201500,<1H OCEAN
3197,9419,9419,5033,-117.2,33.58,4.5936,174300,<1H OCEAN
433,1363,1363,433,-118.31,33.99,1.6559,101400,<1H OCEAN
268,700,700,304,-119.72,34.44,3.8819,289900,<1H OCEAN
519,1419,1419,579,-122.49,37.78,3.6429,328400,NEAR BAY
614,1439,1439,624,-122.51,37.76,2.8448,268900,NEAR OCEAN
674,2147,2147,846,-122.39,37.74,2.5694,201000,NEAR BAY
436,1510,1510,524,-118.35,34.03,2.2273,123300,<1H OCEAN
354,810,810,336,-122.53,37.98,8.5759,500001,NEAR BAY
454,1524,1524,468,-117.9,33.84,3.5329,187400,<1H OCEAN
308,529,529,320,-118.33,34.0,0.9304,151600,<1H OCEAN
309,899,899,310,-119.18,36.4,2.6648,129200,INLAND
474,1141,1141,507,-117.17,34.05,4.2059,121500,INLAND
216,447,447,241,-121.26,38.66,4.0781,124300,INLAND
426,1742,1742,427,-121.25,37.92,2.4097,66000,INLAND
787,2235,2235,829,-119.74,36.83,4.1098,108200,INLAND
550,1131,1131,608,-117.23,32.75,2.4779,165000,NEAR OCEAN
593,1421,1421,622,-122.46,37.78,3.0265,350000,NEAR BAY
443,905,905,451,-118.35,34.05,2.8841,290800,<1H OCEAN
987,1758,1758,1097,-122.3,37.54,2.9405,340500,NEAR OCEAN
171,340,340,153,-122.13,37.72,6.5095,371200,NEAR BAY
75,253,253,76,-117.9,34.05,7.6286,330400,<1H OCEAN
317,702,702,376,-121.58,39.15,1.4946,55500,INLAND
366,973,973,351,-122.42,37.74,3.4583,240900,NEAR BAY
561,1366,1366,585,-121.52,38.53,4.2885,160300,INLAND
394,1454,1454,409,-121.76,36.92,3.2216,238300,<1H OCEAN
1008,2465,2465,1118,-118.29,34.07,2.5386,290600,<1H OCEAN
357,933,933,357,-119.83,36.78,2.5223,66200,INLAND
426,1276,1276,421,-118.02,33.9,5.5601,205200,<1H OCEAN
512,1288,1288,527,-122.01,37.97,3.6449,211500,NEAR BAY
370,967,967,368,-118.25,34.23,5.0862,261300,<1H OCEAN
427,1490,1490,424,-118.52,34.21,4.3261,206700,<1H OCEAN
310,817,817,306,-122.47,37.72,3.0,246700,NEAR OCEAN
208,528,528,217,-122.26,37.78,3.3438,201300,NEAR BAY
642,2052,2052,659,-120.98,37.64,1.6952,65000,INLAND
388,1269,1269,397,-118.13,34.69,2.75,96800,INLAND
527,1261,1261,567,-117.99,33.88,4.2422,159400,<1H OCEAN
368,1305,1305,352,-118.07,33.81,8.5407,398800,<1H OCEAN
325,1127,1127,332,-118.0,33.9,4.5144,206300,<1H OCEAN
108,316,316,105,-117.85,33.62,10.3893,500001,<1H OCEAN
337,1414,1414,349,-118.4,34.23,4.1181,172700,<1H OCEAN
416,966,966,396,-118.27,34.13,2.9392,230300,<1H OCEAN
1102,3221,3221,1119,-120.95,37.65,2.6964,107000,INLAND
220,538,538,229,-120.96,37.67,4.2969,163200,INLAND
223,755,755,517,-119.95,38.94,2.5875,173400,INLAND
401,1384,1384,428,-121.25,37.95,1.9402,62200,INLAND
289,640,640,325,-121.65,39.53,1.4833,65200,INLAND
218,655,655,241,-118.26,33.91,2.5882,92800,<1H OCEAN
494,1083,1083,584,-122.24,40.17,1.577,51900,INLAND
423,1076,1076,427,-119.77,36.79,2.9937,81100,INLAND
978,2355,2355,1180,-118.42,34.0,3.1603,287500,<1H OCEAN
126,268,268,131,-118.42,34.15,4.615,371400,<1H OCEAN
684,1271,1271,752,-118.34,34.1,2.5434,232100,<1H OCEAN
664,1864,1864,663,-117.01,32.79,4.3152,159300,<1H OCEAN
107,276,276,112,-119.27,34.27,2.375,198400,NEAR OCEAN
251,655,655,299,-120.43,38.02,3.6875,186000,INLAND
547,1317,1317,665,-118.31,34.16,3.2112,349300,<1H OCEAN
586,1528,1528,583,-121.7,36.55,7.6245,336600,<1H OCEAN
411,1041,1041,436,-119.71,34.42,2.925,246900,<1H OCEAN
261,598,598,290,-117.81,35.65,1.8984,54300,INLAND
481,1227,1227,491,-120.98,37.79,2.7857,110900,INLAND
433,1393,1393,437,-117.93,33.92,4.2443,174400,<1H OCEAN
388,1786,1786,424,-118.22,33.9,1.4091,105600,<1H OCEAN
313,470,470,311,-117.27,33.22,1.8849,90800,<1H OCEAN
1224,5034,5034,1250,-119.74,36.71,2.1905,61800,INLAND
578,1054,1054,618,-118.37,34.16,3.6375,262500,<1H OCEAN
447,1126,1126,484,-120.84,37.5,2.2083,97300,INLAND
205,760,760,246,-117.13,32.71,1.1563,82700,NEAR OCEAN
607,1304,1304,636,-121.47,39.51,2.6921,97500,INLAND
593,2042,2042,600,-118.08,33.84,3.625,170400,<1H OCEAN
429,1684,1684,444,-117.03,32.71,3.25,99600,NEAR OCEAN
300,539,539,408,-117.92,33.61,3.5682,500001,<1H OCEAN
697,1516,1516,781,-120.46,38.15,2.3816,116000,INLAND
1299,4429,4429,1332,-117.88,34.01,4.7589,178200,<1H OCEAN
320,950,950,317,-117.02,32.81,4.0656,164000,<1H OCEAN
677,1367,1367,642,-117.87,33.87,4.6563,162400,<1H OCEAN
118,460,460,129,-118.1,33.94,3.1607,189000,<1H OCEAN
430,1316,1316,428,-121.98,37.97,5.2442,213200,INLAND
349,926,926,400,-117.44,34.1,2.075,95100,INLAND
189,763,763,201,-118.23,33.88,2.6719,109800,<1H OCEAN
460,1407,1407,430,-121.38,38.55,4.3288,133700,INLAND
623,3504,3504,636,-119.16,34.2,1.9704,160300,NEAR OCEAN
135,315,315,151,-119.61,36.94,4.2679,151800,INLAND
502,2334,2334,553,-118.23,33.9,1.641,96800,<1H OCEAN
363,1166,1166,431,-123.72,41.09,1.8208,50000,<1H OCEAN
327,1371,1371,323,-117.09,32.57,3.6736,139500,NEAR OCEAN
219,808,808,261,-122.12,37.75,6.86,250000,NEAR BAY
342,784,784,375,-117.13,32.8,3.7237,108300,NEAR OCEAN
109,222,222,110,-118.82,34.15,7.8528,337500,NEAR OCEAN
125,542,542,132,-121.67,36.93,2.1875,187500,<1H OCEAN
193,462,462,183,-121.35,37.96,5.8995,189900,INLAND
212,712,712,221,-121.22,37.79,1.7228,105000,INLAND
948,2432,2432,971,-121.23,38.67,3.8954,133000,INLAND
518,2052,2052,508,-119.55,36.71,1.9076,55800,INLAND
314,635,635,364,-117.86,33.6,6.6265,500001,<1H OCEAN
646,2228,2228,651,-122.18,38.17,5.2523,161300,NEAR BAY
590,1630,1630,610,-122.42,37.76,1.65,265000,NEAR BAY
70,436,436,110,-119.06,34.62,2.2222,262500,<1H OCEAN
409,1232,1232,390,-121.98,37.97,5.9617,231100,INLAND
35,125,125,26,-118.24,34.12,0.8907,154200,<1H OCEAN
1036,3240,3240,1066,-117.56,33.86,5.2898,177100,INLAND
350,813,813,333,-122.21,37.82,7.0549,331400,NEAR BAY
444,1668,1668,470,-118.22,34.05,1.0714,137500,<1H OCEAN
351,1043,1043,347,-121.93,37.73,6.2048,275000,<1H OCEAN
401,1062,1062,403,-120.83,37.77,1.6759,116700,INLAND
537,1063,1063,544,-118.18,33.84,3.835,418600,NEAR OCEAN
488,1230,1230,484,-117.59,33.43,6.5964,358800,NEAR OCEAN
1125,2703,2703,1174,-117.83,33.75,4.9957,296400,<1H OCEAN
274,706,706,310,-121.47,38.55,0.9948,65400,INLAND
250,825,825,268,-118.3,33.84,4.7222,239600,<1H OCEAN
170,605,605,159,-118.32,33.91,3.6654,184500,<1H OCEAN
279,852,852,264,-117.08,32.7,3.1786,100600,NEAR OCEAN
578,2135,2135,632,-118.15,34.16,1.6887,148600,<1H OCEAN
484,1482,1482,540,-119.7,36.82,2.3173,68200,INLAND
344,1237,1237,288,-118.17,33.91,3.9333,162300,<1H OCEAN
234,382,382,311,-118.31,33.83,2.775,225000,<1H OCEAN
504,1300,1300,553,-124.1,40.5,1.7574,57500,<1H OCEAN
684,2375,2375,682,-118.98,35.39,1.2618,46900,INLAND
269,706,706,261,-121.24,38.79,3.1875,110200,INLAND
264,752,752,245,-117.18,34.07,3.3924,97400,INLAND
423,1342,1342,402,-121.88,37.36,4.2149,199000,<1H OCEAN
470,826,826,536,-118.01,34.11,2.5114,212200,INLAND
581,1329,1329,682,-117.06,32.77,1.7951,161800,NEAR OCEAN
884,2177,2177,929,-121.33,38.0,3.2889,98900,INLAND
434,1151,1151,458,-118.38,33.97,7.4897,362600,<1H OCEAN
375,1301,1301,418,-117.08,32.7,2.875,98900,NEAR OCEAN
863,2264,2264,881,-121.75,36.93,3.1327,218100,<1H OCEAN
322,823,823,345,-120.61,35.12,2.6974,165400,<1H OCEAN
385,1164,1164,380,-117.38,33.94,4.0625,136800,INLAND
80,102,102,75,-119.14,34.23,2.5714,500001,NEAR OCEAN
1002,3114,3114,1043,-117.37,34.13,4.0294,133200,INLAND
454,1247,1247,481,-122.5,37.75,4.0985,283200,NEAR OCEAN
382,1056,1056,420,-124.13,40.78,2.1101,86900,NEAR OCEAN
971,3188,3188,1013,-118.9,34.3,5.5925,208600,<1H OCEAN
200,641,641,226,-119.29,36.12,2.4722,129200,INLAND
286,777,777,315,-118.33,33.99,3.2083,149600,<1H OCEAN
341,919,919,426,-119.57,34.38,5.759,425000,<1H OCEAN
589,1351,1351,667,-118.31,34.06,2.0547,410000,<1H OCEAN
915,2455,2455,955,-117.25,34.53,4.1333,158200,INLAND
169,467,467,184,-122.28,37.81,1.8088,118800,NEAR BAY
394,1243,1243,405,-118.03,33.92,3.6731,167000,<1H OCEAN
657,1986,1986,664,-118.51,34.24,8.6454,483500,<1H OCEAN
259,1369,1369,268,-117.86,33.73,3.5694,150500,<1H OCEAN
133,303,303,132,-121.29,38.14,3.875,127400,INLAND
400,914,914,420,-122.61,38.23,2.9871,193800,<1H OCEAN
158,371,371,149,-121.91,37.29,5.6266,320500,<1H OCEAN
228,567,567,770,-116.89,34.27,4.4063,152600,INLAND
555,1862,1862,659,-117.58,33.6,11.0567,495400,<1H OCEAN
370,994,994,366,-119.69,36.81,2.5446,93800,INLAND
6,8,8,3,-117.76,35.22,1.625,275000,INLAND
1220,1799,1799,1352,-118.38,34.09,2.5784,272900,<1H OCEAN
551,2086,2086,552,-117.35,34.15,2.2974,84500,INLAND
120,401,401,132,-117.27,34.07,1.7206,82100,INLAND
40,77,77,45,-117.2,32.77,3.2679,137500,NEAR OCEAN
815,2125,2125,906,-120.98,39.08,3.0403,148000,INLAND
331,685,685,395,-122.79,39.09,1.625,66800,INLAND
271,899,899,277,-118.16,33.92,3.5938,161300,<1H OCEAN
217,602,602,226,-122.41,37.63,3.0,229100,NEAR OCEAN
371,1254,1254,444,-118.21,33.88,2.1782,126800,<1H OCEAN
195,446,446,265,-116.87,33.57,3.038,128100,INLAND
358,1254,1254,365,-117.96,33.85,4.8438,185700,<1H OCEAN
1555,4089,4089,1657,-121.94,37.8,7.8287,369200,<1H OCEAN
670,1428,1428,746,-122.07,37.89,4.3864,266800,NEAR BAY
320,911,911,322,-122.57,38.03,6.5253,387700,NEAR BAY
616,1551,1551,554,-122.03,37.3,5.8521,326300,<1H OCEAN
360,866,866,383,-117.21,32.82,3.8529,212000,NEAR OCEAN
352,956,956,343,-118.1,33.83,5.3735,234400,<1H OCEAN
405,1154,1154,418,-118.0,33.85,4.0455,197200,<1H OCEAN
356,953,953,378,-120.46,37.31,2.7344,87800,INLAND
408,1178,1178,401,-122.17,37.48,5.9629,352700,NEAR BAY
169,623,623,191,-115.37,32.81,1.7604,68600,INLAND
217,1086,1086,240,-118.22,33.89,2.25,126600,<1H OCEAN
932,1675,1675,1018,-118.43,34.06,5.1999,500001,<1H OCEAN
593,2028,2028,650,-118.3,34.05,1.9152,115600,<1H OCEAN
505,1735,1735,532,-118.29,33.92,2.7368,162800,<1H OCEAN
488,1012,1012,587,-117.06,32.76,1.7452,156800,NEAR OCEAN
377,981,981,458,-118.37,34.02,2.6154,193200,<1H OCEAN
311,913,913,361,-118.02,33.96,4.5446,244700,<1H OCEAN
492,1110,1110,525,-122.24,37.76,3.6719,229800,NEAR BAY
245,608,608,246,-118.34,34.02,4.0357,187800,<1H OCEAN
1580,4620,4620,1729,-122.2,38.1,4.4821,210000,NEAR BAY
1036,3496,3496,1082,-118.14,34.06,3.3906,237200,<1H OCEAN
560,1787,1787,542,-117.84,33.89,6.7837,264300,<1H OCEAN
314,802,802,424,-122.64,41.95,1.8242,53500,INLAND
306,882,882,335,-120.84,37.07,2.2019,100000,INLAND
36,92,92,39,-120.88,37.53,5.3168,175000,INLAND
3061,10988,10988,3079,-117.88,33.96,5.5469,265200,<1H OCEAN
1055,2703,2703,1164,-116.91,33.71,3.1591,189700,INLAND
357,849,849,342,-122.09,37.38,6.2884,414700,NEAR BAY
546,1277,1277,587,-122.43,37.78,2.9792,350000,NEAR BAY
693,2040,2040,683,-118.49,34.23,5.2668,242300,<1H OCEAN
968,1470,1470,1017,-122.0,37.4,2.9706,81300,<1H OCEAN
243,672,672,249,-120.95,37.57,3.1125,154800,INLAND
380,880,880,378,-117.07,32.76,2.5125,176600,NEAR OCEAN
708,2529,2529,720,-121.41,38.52,1.8689,66800,INLAND
733,2385,2385,768,-118.12,34.0,2.7308,173800,<1H OCEAN
311,1177,1177,317,-118.37,34.23,3.6,164600,<1H OCEAN
358,791,791,465,-117.93,33.61,3.8125,366700,<1H OCEAN
377,1194,1194,367,-119.2,34.26,5.4087,223200,NEAR OCEAN
316,965,965,303,-119.69,36.75,4.7463,93100,INLAND
438,1038,1038,509,-118.11,34.15,2.6172,196100,<1H OCEAN
139,585,585,111,-118.17,33.98,3.1786,132100,<1H OCEAN
433,930,930,439,-117.62,33.77,4.6369,186400,<1H OCEAN
826,2062,2062,896,-118.61,34.59,4.0579,167100,INLAND
314,743,743,360,-123.91,41.68,2.9688,152700,<1H OCEAN
478,2003,2003,490,-118.2,34.04,2.181,147200,<1H OCEAN
281,1248,1248,292,-118.17,34.03,2.761,120000,<1H OCEAN
582,1501,1501,667,-121.23,40.29,2.1524,77100,INLAND
536,1822,1822,554,-117.17,32.8,3.4706,157600,NEAR OCEAN
249,660,660,250,-122.01,39.21,2.4559,75000,INLAND
248,490,490,249,-122.28,37.9,4.1212,287500,NEAR BAY
662,1883,1883,709,-121.97,37.95,5.431,246700,INLAND
818,2249,2249,853,-117.83,33.77,4.275,285400,<1H OCEAN
331,899,899,332,-119.22,34.28,5.533,299700,NEAR OCEAN
438,735,735,453,-122.27,37.82,0.9218,171900,NEAR BAY
243,555,555,236,-122.82,38.44,4.6792,304700,<1H OCEAN
93,238,238,90,-118.43,34.08,15.0001,500001,<1H OCEAN
614,1674,1674,645,-118.18,33.86,3.6719,161300,<1H OCEAN
145,371,371,137,-122.02,38.38,6.0767,216400,INLAND
772,2670,2670,802,-117.98,33.75,3.8158,180000,<1H OCEAN
531,1065,1065,542,-117.28,33.22,2.3844,98600,<1H OCEAN
250,1309,1309,284,-118.36,33.94,3.4063,152300,<1H OCEAN
308,776,776,306,-118.37,34.05,3.625,440900,<1H OCEAN
497,1472,1472,518,-116.92,32.86,2.3693,127000,<1H OCEAN
584,1759,1759,651,-118.47,34.02,2.3382,297500,<1H OCEAN
938,4027,4027,959,-117.99,34.04,3.185,168300,<1H OCEAN
319,843,843,307,-122.27,37.85,1.3785,142300,NEAR BAY
586,1411,1411,597,-122.49,38.31,3.25,195500,<1H OCEAN
501,939,939,520,-122.44,37.77,3.2239,488900,NEAR BAY
217,676,676,203,-117.82,33.84,10.1299,454300,<1H OCEAN
1131,3266,3266,1170,-121.94,38.02,2.7907,113900,INLAND
375,598,598,376,-117.9,33.63,3.2125,455000,<1H OCEAN
735,1580,1580,831,-118.04,33.98,2.3182,182100,<1H OCEAN
450,1588,1588,439,-117.82,33.67,6.276,290700,<1H OCEAN
928,2866,2866,984,-121.76,38.66,4.1997,133400,INLAND
268,793,793,254,-117.27,34.13,3.0721,83800,INLAND
242,799,799,251,-121.91,37.44,5.0808,212500,<1H OCEAN
391,1705,1705,394,-121.82,37.29,5.0225,222800,<1H OCEAN
429,862,862,442,-118.36,34.16,4.3542,417900,<1H OCEAN
45,137,137,47,-118.24,34.03,1.8333,312500,<1H OCEAN
133,320,320,424,-118.96,36.66,3.1964,80000,INLAND
1004,2873,2873,1141,-118.03,33.85,3.9156,224100,<1H OCEAN
227,598,598,244,-121.37,39.03,2.8235,65500,INLAND
296,1022,1022,367,-117.97,33.86,3.6471,141700,<1H OCEAN
352,1035,1035,351,-117.24,33.19,2.9191,159400,<1H OCEAN
465,1197,1197,481,-122.11,37.68,2.5772,170200,NEAR BAY
606,1301,1301,621,-122.33,37.57,3.1111,318400,NEAR OCEAN
322,982,982,350,-122.23,39.86,1.8375,79800,INLAND
346,947,947,339,-121.79,37.67,6.0797,211000,INLAND
9,22,22,8,-120.92,37.63,1.7679,450000,INLAND
246,861,861,265,-118.25,34.12,2.4856,181300,<1H OCEAN
220,658,658,255,-122.46,37.72,4.0859,228600,NEAR OCEAN
255,467,467,386,-119.94,38.96,1.5536,212500,INLAND
481,1138,1138,490,-122.11,37.4,4.9519,500001,NEAR BAY
377,807,807,389,-122.33,37.94,3.1571,141600,NEAR BAY
1241,3754,3754,1268,-117.76,33.79,8.2653,374000,<1H OCEAN
170,599,599,184,-117.96,33.98,5.7407,302200,<1H OCEAN
265,732,732,279,-118.05,33.82,5.123,159600,<1H OCEAN
309,774,774,320,-122.15,37.44,7.2543,500001,NEAR BAY
324,1207,1207,325,-117.62,34.02,5.0431,164100,INLAND
427,1130,1130,453,-124.13,40.79,2.8833,83000,NEAR OCEAN
377,979,979,382,-121.75,38.55,4.7308,236200,INLAND
695,1571,1571,832,-118.16,34.68,2.5902,85400,INLAND
217,513,513,229,-117.23,32.74,4.1806,263800,NEAR OCEAN
714,1879,1879,703,-122.06,37.88,6.5378,340900,NEAR BAY
851,1818,1818,862,-122.05,37.9,4.8088,321200,NEAR BAY
311,771,771,351,-117.37,33.95,4.3542,142600,INLAND
1075,2414,2414,1169,-121.53,38.58,1.9728,76400,INLAND
750,2025,2025,839,-118.12,33.97,3.183,191100,<1H OCEAN
406,913,913,413,-117.81,33.68,5.1583,192200,<1H OCEAN
965,2484,2484,1058,-118.84,34.11,5.8788,500001,NEAR OCEAN
384,1427,1427,363,-119.2,36.3,1.3444,45600,INLAND
380,1267,1267,386,-119.68,34.43,3.5208,251200,<1H OCEAN
176,363,363,188,-121.94,37.29,4.0962,214100,<1H OCEAN
301,1689,1689,333,-117.79,34.07,3.7583,116300,INLAND
2437,6763,6763,2696,-117.23,33.94,3.5851,142000,INLAND
289,1088,1088,276,-117.88,34.12,4.0938,165300,<1H OCEAN
309,547,547,344,-118.37,34.09,3.2159,383300,<1H OCEAN
514,1001,1001,516,-118.43,34.02,4.3906,500001,<1H OCEAN
205,702,702,209,-119.87,36.93,4.3625,111800,INLAND
265,782,782,258,-122.49,37.69,4.5,275600,NEAR OCEAN
387,1893,1893,420,-118.18,34.03,2.2991,137500,<1H OCEAN
256,903,903,256,-118.26,33.91,1.9038,93100,<1H OCEAN
696,1584,1584,773,-122.46,37.78,3.7887,500001,NEAR BAY
212,611,611,222,-119.38,36.56,2.0729,84700,INLAND
483,1185,1185,503,-122.08,40.09,2.3657,94000,INLAND
297,822,822,296,-121.87,39.75,3.6625,126600,INLAND
398,1076,1076,417,-122.04,37.3,6.9238,345900,<1H OCEAN
47,122,122,94,-120.26,38.13,4.0583,87500,INLAND
319,737,737,361,-118.33,33.96,2.3,189200,<1H OCEAN
622,989,989,665,-117.23,32.79,3.5484,238000,NEAR OCEAN
432,1418,1418,420,-118.84,34.22,7.5118,361900,<1H OCEAN
639,1970,1970,655,-121.32,38.41,5.8239,247500,INLAND
418,1440,1440,442,-117.9,33.8,4.375,212500,<1H OCEAN
362,846,846,332,-122.2,37.47,4.2083,278200,NEAR BAY
248,1122,1122,245,-118.27,34.05,2.7634,137500,<1H OCEAN
415,1402,1402,454,-119.06,36.09,3.6786,72900,INLAND
406,1273,1273,387,-121.97,37.53,5.4299,236400,<1H OCEAN
435,1277,1277,484,-119.01,35.36,1.056,51600,INLAND
546,1594,1594,512,-122.48,37.69,4.4821,252400,NEAR OCEAN
228,599,599,232,-116.94,32.85,4.7578,161000,<1H OCEAN
314,996,996,327,-121.56,38.26,2.9744,136800,INLAND
590,2202,2202,628,-119.4,36.55,2.5141,67400,INLAND
838,1929,1929,937,-117.12,32.9,2.8588,92500,<1H OCEAN
571,1512,1512,597,-117.22,32.83,3.7841,176900,NEAR OCEAN
724,1667,1667,786,-119.07,35.34,4.8839,134100,INLAND
1674,4336,4336,1716,-118.3,33.76,5.7764,290500,<1H OCEAN
374,1075,1075,363,-121.89,37.36,2.8971,186100,<1H OCEAN
362,981,981,369,-117.97,33.93,4.5461,194000,<1H OCEAN
148,408,408,136,-122.09,37.09,3.9408,222600,NEAR OCEAN
349,715,715,381,-121.95,37.29,4.6371,234300,<1H OCEAN
5,23,23,6,-121.3,37.94,2.375,67500,INLAND
472,1166,1166,479,-118.51,34.2,4.2344,262500,<1H OCEAN
274,617,617,329,-121.53,39.49,1.5313,50300,INLAND
213,601,601,207,-118.37,33.83,4.7308,353400,<1H OCEAN
425,1466,1466,427,-117.49,34.02,3.6711,108200,INLAND
37,64,64,380,-119.34,37.12,3.875,125000,INLAND
313,388,388,329,-118.5,33.97,2.2643,350000,<1H OCEAN
950,3866,3866,953,-121.56,37.0,2.5387,160100,INLAND
409,1252,1252,432,-122.04,37.29,12.2145,500001,<1H OCEAN
445,1775,1775,458,-118.13,33.93,3.5227,202400,<1H OCEAN
416,1107,1107,427,-118.05,34.1,4.2321,252200,INLAND
585,3546,3546,628,-124.15,41.81,2.2868,103100,NEAR OCEAN
338,725,725,334,-122.44,37.75,5.0505,380400,NEAR BAY
420,1005,1005,396,-121.31,38.26,1.8846,88300,INLAND
437,1047,1047,445,-117.1,32.9,5.149,184300,<1H OCEAN
386,879,879,410,-118.52,34.18,3.1923,221800,<1H OCEAN
514,1920,1920,564,-121.88,37.32,3.2806,164200,<1H OCEAN
207,577,577,207,-122.21,37.46,15.0001,500001,NEAR OCEAN
317,824,824,373,-122.25,38.1,2.75,109900,NEAR BAY
685,1818,1818,698,-122.07,37.31,7.2986,500001,<1H OCEAN
567,1538,1538,580,-117.11,32.59,2.1179,153100,NEAR OCEAN
648,2053,2053,675,-121.26,38.13,2.0875,83100,INLAND
360,966,966,440,-122.22,38.09,2.2734,88700,NEAR BAY
72,202,202,92,-120.92,40.02,2.6458,102500,INLAND
448,1109,1109,503,-122.1,37.68,2.535,174000,NEAR BAY
915,2585,2585,924,-117.95,33.7,5.343,231900,<1H OCEAN
1000,2967,2967,1088,-122.82,38.55,3.8616,195100,<1H OCEAN
412,962,962,435,-118.43,34.04,5.8587,494700,<1H OCEAN
359,895,895,353,-122.32,37.95,4.45,196600,NEAR BAY
274,413,413,290,-122.06,37.39,3.6875,40000,NEAR BAY
237,609,609,248,-120.85,37.78,2.2386,87200,INLAND
463,1139,1139,489,-118.43,34.16,4.0347,353600,<1H OCEAN
481,1130,1130,534,-121.4,38.59,2.5363,124600,INLAND
149,240,240,295,-122.01,37.59,2.875,237500,NEAR BAY
281,905,905,304,-117.21,34.11,3.4103,90900,INLAND
394,1206,1206,411,-118.15,34.03,2.6806,189300,<1H OCEAN
656,1192,1192,687,-118.05,33.72,4.1862,188900,<1H OCEAN
546,1156,1156,591,-118.24,34.16,3.3333,374300,<1H OCEAN
441,777,777,447,-118.36,34.07,2.3375,355200,<1H OCEAN
438,1284,1284,485,-117.66,34.15,8.5282,360100,INLAND
282,762,762,299,-118.52,34.21,5.1265,211000,<1H OCEAN
319,802,802,351,-121.82,37.69,4.9375,227700,INLAND
659,1881,1881,641,-122.0,37.99,5.4607,192300,INLAND
215,656,656,199,-118.14,34.07,4.1902,235000,<1H OCEAN
666,1521,1521,695,-118.43,34.13,8.2954,500001,<1H OCEAN
808,1502,1502,798,-118.36,34.02,3.8643,195800,<1H OCEAN
401,840,840,407,-122.18,37.68,5.4858,187800,NEAR BAY
502,1208,1208,495,-122.22,37.46,4.3214,342700,NEAR OCEAN
399,1158,1158,406,-118.27,34.18,6.2976,498400,<1H OCEAN
382,1407,1407,383,-119.76,36.75,2.19,53400,INLAND
242,905,905,269,-118.03,34.07,3.1042,152000,<1H OCEAN
544,1922,1922,526,-118.34,33.98,3.163,137800,<1H OCEAN
332,949,949,314,-117.14,32.92,5.2864,174400,<1H OCEAN
137,327,327,134,-122.17,37.74,2.15,97200,NEAR BAY
313,1007,1007,291,-119.8,36.71,2.0043,53500,INLAND
465,872,872,524,-118.1,33.74,4.537,495500,NEAR OCEAN
310,1148,1148,293,-122.08,37.63,4.0326,164700,NEAR BAY
244,700,700,264,-121.57,38.19,2.4353,162500,INLAND
553,2121,2121,587,-118.23,34.1,2.2788,152900,<1H OCEAN
383,929,929,443,-122.15,37.68,4.2841,213400,NEAR BAY
424,1699,1699,429,-118.2,34.08,2.2222,126000,<1H OCEAN
242,609,609,233,-117.66,33.46,5.1024,312700,<1H OCEAN
530,1532,1532,569,-124.16,41.74,2.1829,69500,NEAR OCEAN
562,1912,1912,580,-121.2,37.83,4.4423,161400,INLAND
466,1288,1288,518,-117.21,33.2,5.04,253700,<1H OCEAN
817,2748,2748,866,-116.99,32.96,4.8854,181300,<1H OCEAN
544,1364,1364,542,-122.46,37.78,3.4605,441700,NEAR BAY
216,326,326,216,-122.21,37.48,2.9286,237500,NEAR BAY
269,1545,1545,275,-118.08,33.89,3.0357,123400,<1H OCEAN
259,798,798,262,-117.93,34.06,5.4635,202100,<1H OCEAN
47,152,152,44,-121.9,37.33,4.05,200000,<1H OCEAN
539,1710,1710,529,-118.56,34.23,5.5126,248400,<1H OCEAN
212,949,949,212,-118.44,34.26,4.0792,165100,<1H OCEAN
322,1535,1535,299,-118.18,33.91,3.0134,128100,<1H OCEAN
325,792,792,324,-122.0,36.98,3.5562,239200,NEAR OCEAN
221,522,522,312,-119.98,38.92,2.0708,89600,INLAND
45,133,133,62,-117.55,33.52,5.136,447400,<1H OCEAN
369,981,981,393,-122.36,38.03,4.3173,175400,NEAR BAY
185,454,454,193,-116.51,33.84,4.0729,100000,INLAND
468,1573,1573,496,-117.97,34.07,3.2,157100,<1H OCEAN
334,1119,1119,354,-118.36,34.18,2.3056,200000,<1H OCEAN
765,2867,2867,800,-119.52,34.41,4.806,279700,<1H OCEAN
383,1021,1021,438,-118.31,33.94,2.2448,175000,<1H OCEAN
393,1165,1165,388,-121.94,37.24,7.3522,363800,<1H OCEAN
261,703,703,305,-117.7,33.56,6.9343,298500,<1H OCEAN
249,932,932,259,-119.18,35.5,2.1635,110400,INLAND
815,1926,1926,985,-122.27,41.2,1.5923,56000,INLAND
682,1978,1978,716,-120.97,38.91,4.8311,172200,INLAND
625,1287,1287,659,-118.1,34.14,3.5804,324400,<1H OCEAN
561,1501,1501,619,-121.28,38.61,2.7356,96100,INLAND
17,37,37,25,-115.95,33.28,1.8958,53800,INLAND
312,1026,1026,354,-118.3,34.0,2.0,128000,<1H OCEAN
957,2468,2468,1002,-122.47,37.99,7.494,439200,NEAR BAY
278,1575,1575,291,-117.9,33.75,3.425,159500,<1H OCEAN
45,120,120,38,-122.08,39.25,3.017,112500,INLAND
967,2258,2258,1083,-118.48,34.2,2.4375,255400,<1H OCEAN
846,2315,2315,945,-118.26,34.15,2.8884,252300,<1H OCEAN
235,530,530,224,-122.49,37.73,3.9219,433300,NEAR OCEAN
558,2156,2156,576,-117.49,33.93,3.9522,124600,INLAND
319,723,723,540,-122.7,38.97,3.2375,114200,INLAND
302,924,924,308,-122.39,37.74,2.1767,185300,NEAR BAY
302,824,824,298,-120.98,37.67,2.7621,109100,INLAND
363,1396,1396,413,-117.13,32.71,1.5474,83300,NEAR OCEAN
1178,3401,3401,1231,-118.21,34.17,8.1325,472700,<1H OCEAN
286,904,904,299,-121.97,39.79,3.5735,89600,INLAND
40,121,121,59,-121.04,37.7,3.3036,197500,INLAND
312,1219,1219,306,-118.97,35.36,1.5743,46700,INLAND
387,1368,1368,393,-118.03,33.87,5.93,277600,<1H OCEAN
761,1856,1856,790,-121.51,38.49,4.1,158300,INLAND
411,1337,1337,405,-117.97,33.71,5.3737,252900,<1H OCEAN
336,1322,1322,345,-120.54,34.97,1.8185,97800,<1H OCEAN
144,310,310,154,-122.7,38.45,3.9766,190600,<1H OCEAN
276,814,814,283,-120.84,37.05,5.3988,165500,INLAND
287,727,727,323,-122.62,38.73,2.1474,85300,INLAND
405,1131,1131,399,-118.31,33.9,3.5417,198400,<1H OCEAN
626,1866,1866,645,-117.01,32.81,5.516,185100,<1H OCEAN
284,801,801,280,-117.69,33.54,6.5394,272000,<1H OCEAN
393,1492,1492,397,-117.92,34.1,4.375,150500,<1H OCEAN
348,1154,1154,366,-119.01,36.08,1.8857,55500,INLAND
1012,1947,1947,1227,-117.26,32.95,4.4375,500001,NEAR OCEAN
546,1382,1382,664,-117.87,33.89,3.343,184600,<1H OCEAN
256,666,666,322,-114.65,33.6,2.9653,94900,INLAND
474,1375,1375,479,-122.27,37.98,6.0289,218600,NEAR BAY
940,3533,3533,1008,-117.4,34.06,3.9191,101600,INLAND
807,1297,1297,997,-117.18,32.76,3.6492,158900,NEAR OCEAN
947,1987,1987,994,-122.04,37.04,3.8854,312300,NEAR OCEAN
22,51,51,26,-117.9,36.95,1.7292,137500,INLAND
746,2693,2693,737,-121.8,37.27,5.0772,221500,<1H OCEAN
1509,5205,5205,1491,-117.59,33.91,5.4872,203400,INLAND
357,771,771,348,-118.42,34.04,6.626,500001,<1H OCEAN
911,2581,2581,962,-122.2,37.96,6.7741,310700,NEAR BAY
200,779,779,269,-121.76,37.0,3.1987,279800,<1H OCEAN
348,850,850,357,-117.9,33.64,5.0532,310900,<1H OCEAN
513,978,978,496,-117.72,34.1,3.1477,291200,INLAND
379,1016,1016,376,-119.82,36.83,6.1175,144700,INLAND
398,1247,1247,371,-117.86,33.62,10.1989,500001,<1H OCEAN
1351,3405,3405,1535,-117.35,33.64,2.5395,109200,<1H OCEAN
831,2637,2637,930,-117.64,34.02,4.0611,158000,INLAND
219,725,725,228,-117.99,33.86,3.4167,187200,<1H OCEAN
668,1661,1661,739,-121.39,38.63,2.7813,118900,INLAND
226,639,639,224,-118.32,33.94,4.0,192000,<1H OCEAN
825,2232,2232,903,-121.83,37.23,6.6659,500001,<1H OCEAN
453,1184,1184,634,-123.82,40.16,1.2227,76800,<1H OCEAN
480,1179,1179,539,-122.26,38.04,2.694,123000,NEAR BAY
548,785,785,608,-118.39,34.09,4.4167,425000,<1H OCEAN
463,1192,1192,490,-117.81,33.66,5.8752,274200,<1H OCEAN
40,136,136,42,-117.56,33.94,1.625,164300,INLAND
538,1300,1300,541,-118.36,33.87,3.4208,290000,<1H OCEAN
523,1580,1580,501,-118.12,34.69,3.7804,113500,INLAND
649,1687,1687,665,-121.82,37.38,5.4949,330800,<1H OCEAN
181,1045,1045,174,-117.88,33.74,3.1964,151900,<1H OCEAN
642,1702,1702,732,-118.18,33.86,2.375,160800,<1H OCEAN
335,1174,1174,353,-118.09,34.0,3.045,160600,<1H OCEAN
687,2302,2302,716,-121.92,37.72,5.347,219500,<1H OCEAN
293,1035,1035,292,-117.25,33.21,2.6339,117000,<1H OCEAN
320,841,841,335,-117.3,34.14,1.9432,89000,INLAND
222,726,726,228,-121.31,38.97,2.7083,82100,INLAND
549,1519,1519,561,-117.91,34.07,4.5594,204200,<1H OCEAN
402,1218,1218,452,-118.01,33.86,3.4306,194200,<1H OCEAN
1408,5041,5041,1449,-118.02,34.04,2.8821,158100,<1H OCEAN
986,1810,1810,1039,-117.32,33.22,2.4375,108900,NEAR OCEAN
329,987,987,315,-118.29,34.08,1.6806,316700,<1H OCEAN
551,1820,1820,559,-118.0,33.82,4.5294,224800,<1H OCEAN
529,2064,2064,554,-117.62,34.08,4.4946,136000,INLAND
397,1239,1239,416,-118.09,34.63,1.9722,99200,INLAND
558,1162,1162,621,-118.35,34.0,3.25,301000,<1H OCEAN
380,1156,1156,422,-118.31,33.97,2.7917,125800,<1H OCEAN
506,1490,1490,521,-120.7,35.31,4.6719,337000,NEAR OCEAN
875,2710,2710,868,-118.51,34.3,7.5078,344000,<1H OCEAN
170,629,629,211,-121.22,37.95,2.8676,76900,INLAND
588,1746,1746,597,-119.28,35.99,1.7372,51000,INLAND
253,865,865,250,-117.05,32.8,6.4797,249000,<1H OCEAN
332,944,944,324,-121.71,36.78,5.9175,240200,<1H OCEAN
866,2771,2771,861,-117.88,33.93,7.6486,306700,<1H OCEAN
442,836,836,460,-121.49,38.55,3.3844,151100,INLAND
362,1729,1729,408,-121.83,37.29,3.3833,115200,<1H OCEAN
417,999,999,398,-122.53,37.91,7.9892,500001,NEAR BAY
271,1292,1292,250,-120.97,37.67,4.3851,117300,INLAND
601,1478,1478,615,-121.28,38.68,3.75,147300,INLAND
521,1214,1214,565,-117.99,33.94,3.7045,212300,<1H OCEAN
406,936,936,399,-118.45,34.05,2.1875,181300,<1H OCEAN
413,1163,1163,410,-118.3,33.74,4.4671,270800,NEAR OCEAN
523,1608,1608,574,-122.22,37.79,2.1494,132500,NEAR BAY
470,996,996,527,-118.45,34.17,3.2386,277300,<1H OCEAN
367,916,916,389,-123.02,38.81,3.2425,138800,<1H OCEAN
375,875,875,408,-121.34,38.61,2.6023,142200,INLAND
337,927,927,342,-117.67,35.64,6.1935,115700,INLAND
554,1141,1141,584,-118.41,33.92,4.5729,337500,<1H OCEAN
267,588,588,274,-118.45,34.14,7.9625,490800,<1H OCEAN
278,962,962,284,-118.76,34.26,4.5673,190400,<1H OCEAN
313,366,366,364,-118.08,33.76,1.2813,46700,<1H OCEAN
166,722,722,164,-118.05,34.06,2.1406,162500,<1H OCEAN
309,854,854,323,-118.97,35.4,3.1906,76200,INLAND
330,695,695,292,-122.14,37.7,4.5859,187200,NEAR BAY
158,417,417,172,-118.37,33.88,5.5335,342600,<1H OCEAN
31,89,89,28,-117.35,33.99,2.6071,112500,INLAND
285,692,692,304,-122.39,40.53,2.125,80800,INLAND
723,2274,2274,738,-118.3,34.07,3.425,281700,<1H OCEAN
406,1272,1272,425,-122.29,38.28,3.6083,134200,NEAR BAY
563,1182,1182,600,-117.95,33.74,3.7162,201200,<1H OCEAN
942,3440,3440,1074,-121.29,38.0,1.9698,112300,INLAND
228,898,898,246,-121.92,38.57,1.9327,193800,INLAND
789,1245,1245,843,-122.43,37.78,1.3062,220000,NEAR BAY
1840,4936,4936,2130,-117.46,33.9,3.3187,144800,INLAND
710,1695,1695,721,-117.67,33.55,3.7609,222300,<1H OCEAN
176,559,559,173,-119.1,36.21,2.4653,49500,INLAND
400,1121,1121,437,-118.37,34.05,4.0583,444300,<1H OCEAN
412,994,994,416,-122.16,37.73,4.1164,198200,NEAR BAY
429,876,876,439,-118.14,33.84,3.2024,339400,<1H OCEAN
190,432,432,356,-120.73,39.63,3.8826,92400,INLAND
380,984,984,394,-122.02,36.98,2.1734,187500,NEAR OCEAN
1451,4674,4674,1493,-122.53,37.66,5.4694,272400,NEAR OCEAN
244,947,947,230,-119.31,36.62,1.4481,51700,INLAND
663,2079,2079,695,-117.66,34.04,4.2054,159900,INLAND
635,1852,1852,624,-117.81,33.77,7.2392,334600,<1H OCEAN
239,867,867,235,-121.23,37.82,4.6821,138500,INLAND
424,1199,1199,432,-118.16,33.84,4.1538,218800,<1H OCEAN
123,529,529,140,-118.27,33.99,1.9531,100000,<1H OCEAN
664,2337,2337,710,-121.2,36.14,3.9647,135000,<1H OCEAN
294,721,721,291,-118.12,33.81,4.6875,250700,<1H OCEAN
366,1012,1012,349,-118.54,34.2,4.1597,201600,<1H OCEAN
722,2356,2356,766,-121.9,38.01,3.5129,110600,INLAND
590,1880,1880,708,-118.29,33.94,1.6716,123800,<1H OCEAN
433,1543,1543,466,-119.19,34.16,3.9722,189000,NEAR OCEAN
332,1021,1021,372,-117.99,33.9,3.5859,199700,<1H OCEAN
1480,3836,3836,1782,-117.98,33.91,5.0923,257200,<1H OCEAN
319,1172,1172,353,-118.27,34.06,1.494,187500,<1H OCEAN
616,1766,1766,653,-117.9,34.1,3.7083,166000,<1H OCEAN
334,864,864,327,-121.75,39.4,2.4943,81900,INLAND
27,67,67,25,-118.68,34.33,2.9821,325000,<1H OCEAN
3329,7919,7919,3457,-121.5,38.62,3.7188,134500,INLAND
572,1640,1640,575,-118.04,33.78,5.7705,247100,<1H OCEAN
421,1366,1366,474,-118.36,33.91,4.1,243100,<1H OCEAN
127,374,374,363,-114.98,33.07,3.1607,57500,INLAND
308,864,864,331,-118.32,33.98,1.9732,101000,<1H OCEAN
253,909,909,262,-118.92,35.13,1.9236,106300,INLAND
352,833,833,295,-122.32,37.94,5.5196,210800,NEAR BAY
299,926,926,308,-121.91,37.69,5.9345,259600,<1H OCEAN
430,1500,1500,456,-118.23,34.09,2.6923,150000,<1H OCEAN
343,1145,1145,390,-119.02,35.34,1.5357,56500,INLAND
366,1125,1125,375,-121.67,39.18,3.3958,94600,INLAND
658,1388,1388,687,-118.45,34.17,4.3333,261300,<1H OCEAN
642,1574,1574,636,-117.81,33.75,5.021,252200,<1H OCEAN
576,1427,1427,615,-117.13,32.58,3.1645,156000,NEAR OCEAN
181,510,510,247,-117.22,33.48,6.9136,493300,<1H OCEAN
368,949,949,501,-117.24,32.83,7.4351,445700,NEAR OCEAN
350,1082,1082,379,-118.21,33.88,3.225,138200,<1H OCEAN
736,2006,2006,1600,-119.15,34.83,4.5724,168400,INLAND
1035,3533,3533,1134,-118.33,33.93,3.2862,152300,<1H OCEAN
1042,2461,2461,1168,-122.07,37.66,3.875,179300,NEAR BAY
819,2381,2381,783,-121.92,37.28,7.9819,397000,<1H OCEAN
484,1391,1391,490,-117.0,32.64,4.9792,170400,NEAR OCEAN
207,588,588,205,-122.36,37.57,10.7339,500001,NEAR OCEAN
506,1990,1990,541,-121.87,37.34,2.4306,289100,<1H OCEAN
657,2104,2104,720,-122.47,37.69,3.449,239100,NEAR OCEAN
754,3712,3712,809,-117.74,34.03,3.4609,123300,INLAND
249,890,890,227,-117.95,34.05,5.8722,204800,<1H OCEAN
190,459,459,230,-117.19,32.75,8.1548,500001,NEAR OCEAN
208,705,705,235,-121.79,36.85,2.7321,150000,NEAR OCEAN
627,1516,1516,623,-117.07,32.78,4.7143,268300,NEAR OCEAN
419,1056,1056,464,-118.39,33.89,6.3434,460400,<1H OCEAN
337,1441,1441,335,-118.2,34.06,2.1136,111800,<1H OCEAN
568,1152,1152,582,-118.39,33.86,4.8971,400700,<1H OCEAN
591,1704,1704,641,-117.97,33.79,3.6849,211400,<1H OCEAN
374,996,996,393,-124.1,40.5,2.2357,72300,<1H OCEAN
428,1013,1013,467,-121.89,37.34,1.6708,204200,<1H OCEAN
286,880,880,316,-119.31,35.99,1.3676,47800,INLAND
279,1054,1054,348,-117.35,34.16,2.4444,73400,INLAND
266,1333,1333,275,-118.44,34.27,3.5347,158100,<1H OCEAN
717,2298,2298,735,-118.22,34.52,6.5538,311600,INLAND
676,1696,1696,753,-122.44,37.78,2.5721,475000,NEAR BAY
282,757,757,299,-121.37,38.64,3.6786,159700,INLAND
387,922,922,389,-117.6,33.41,4.5476,309200,NEAR OCEAN
887,3612,3612,921,-118.28,34.0,2.125,118800,<1H OCEAN
284,847,847,272,-122.44,37.72,3.7143,260000,NEAR BAY
485,1959,1959,529,-118.21,33.96,2.1389,168900,<1H OCEAN
977,3071,3071,1010,-121.61,37.03,5.6754,298500,<1H OCEAN
556,1497,1497,577,-122.06,40.55,3.5189,101000,INLAND
201,525,525,186,-121.26,38.09,2.0625,155000,INLAND
1209,1897,1897,1381,-118.38,34.07,3.3725,375000,<1H OCEAN
275,877,877,264,-118.12,33.96,4.625,191300,<1H OCEAN
328,955,955,392,-121.99,37.05,5.2486,353000,NEAR OCEAN
1240,3985,3985,1296,-118.1,34.08,2.6884,204600,<1H OCEAN
719,3121,3121,791,-118.28,34.03,1.8539,147500,<1H OCEAN
309,844,844,310,-119.04,35.41,3.0625,69400,INLAND
312,888,888,321,-121.45,38.52,2.5592,70300,INLAND
306,983,983,332,-117.09,32.67,2.0972,117000,NEAR OCEAN
623,1007,1007,660,-122.4,37.79,1.4552,450000,NEAR BAY
561,926,926,689,-117.21,33.12,4.3672,258900,NEAR OCEAN
430,1193,1193,424,-122.45,37.73,5.0634,264200,NEAR BAY
960,2855,2855,973,-121.93,37.53,4.7478,243500,<1H OCEAN
1644,5303,5303,1678,-120.5,37.37,2.4012,79700,INLAND
442,810,810,457,-122.45,37.76,5.6235,500001,NEAR BAY
285,731,731,282,-120.14,34.59,4.2026,259800,NEAR OCEAN
516,1376,1376,545,-123.21,39.14,1.9032,100000,<1H OCEAN
244,674,674,225,-122.24,37.82,4.9306,313400,NEAR BAY
5189,16122,16122,5471,-117.74,33.89,7.4947,366300,<1H OCEAN
37,87,87,35,-123.43,40.22,3.625,67500,INLAND
584,774,774,621,-117.72,33.61,2.49,81100,<1H OCEAN
517,1528,1528,559,-122.36,40.66,2.0119,75800,INLAND
408,1217,1217,447,-117.22,34.48,3.6646,109900,INLAND
278,498,498,352,-117.89,33.6,5.6336,500001,<1H OCEAN
389,1278,1278,381,-117.8,33.89,7.0217,357900,<1H OCEAN
1395,4205,4205,1443,-118.42,34.31,3.9583,163200,<1H OCEAN
894,1835,1835,982,-119.29,34.29,3.5294,323900,NEAR OCEAN
93,531,531,82,-117.15,32.71,1.6607,137500,NEAR OCEAN
219,861,861,201,-118.24,33.93,1.0625,89800,<1H OCEAN
785,1594,1594,781,-117.04,34.0,2.4167,104900,INLAND
397,1226,1226,411,-121.26,38.13,2.2188,68800,INLAND
879,2206,2206,963,-122.04,37.33,4.5721,351200,<1H OCEAN
596,2142,2142,631,-117.98,33.7,7.8195,390500,<1H OCEAN
407,1184,1184,423,-119.8,36.65,1.7692,74200,INLAND
492,1526,1526,516,-122.69,38.34,3.733,163500,<1H OCEAN
574,1968,1968,625,-119.48,36.5,2.9554,110300,INLAND
338,972,972,309,-118.0,33.9,4.3831,209800,<1H OCEAN
412,1835,1835,364,-121.84,37.32,5.3363,212800,<1H OCEAN
191,565,565,190,-118.13,34.02,2.2813,192000,<1H OCEAN
396,1134,1134,536,-119.94,38.95,2.32,91300,INLAND
288,1011,1011,279,-118.42,34.23,4.5375,189000,<1H OCEAN
586,1867,1867,662,-118.22,34.66,4.9,152400,INLAND
225,761,761,240,-118.24,33.91,1.4688,88200,<1H OCEAN
660,1697,1697,669,-122.49,37.6,4.0795,270600,NEAR OCEAN
298,1257,1257,306,-118.21,33.98,3.2788,169000,<1H OCEAN
450,1692,1692,556,-118.27,34.07,1.87,170800,<1H OCEAN
629,2392,2392,652,-117.77,34.07,2.8661,124000,INLAND
867,2300,2300,914,-119.85,36.8,2.9565,73000,INLAND
140,388,388,167,-116.96,33.62,4.2917,221900,INLAND
572,1566,1566,602,-122.02,38.26,3.6335,131600,INLAND
939,2199,2199,950,-121.75,38.55,3.7452,227700,INLAND
179,556,556,203,-122.23,37.82,8.7477,500001,NEAR BAY
427,1395,1395,423,-121.91,37.69,6.3132,259200,<1H OCEAN
465,1305,1305,485,-121.86,37.26,5.5121,224100,<1H OCEAN
615,1571,1571,669,-122.06,36.98,4.2254,320900,NEAR OCEAN
687,2315,2315,665,-118.65,34.21,9.6465,500001,<1H OCEAN
1853,7817,7817,1895,-121.83,37.31,5.6058,232700,<1H OCEAN
535,1527,1527,545,-122.49,37.54,6.3256,368000,NEAR OCEAN
353,1252,1252,339,-121.84,37.37,4.1615,214800,<1H OCEAN
435,1194,1194,501,-118.32,34.03,1.9531,227800,<1H OCEAN
194,599,599,171,-118.42,33.99,4.0893,248900,<1H OCEAN
722,1359,1359,792,-122.25,37.8,2.1429,250000,NEAR BAY
503,1118,1118,564,-117.97,33.83,3.2546,187500,<1H OCEAN
504,1583,1583,539,-121.61,39.13,1.4727,53000,INLAND
568,1559,1559,588,-121.28,38.11,3.8825,136800,INLAND
533,930,930,711,-120.84,35.35,2.6205,221100,NEAR OCEAN
268,1112,1112,289,-117.94,34.03,3.83,149000,<1H OCEAN
671,1834,1834,761,-120.7,35.55,3.5,172100,<1H OCEAN
507,1102,1102,510,-118.43,34.18,3.8906,282200,<1H OCEAN
365,1168,1168,378,-122.41,37.73,4.0642,272500,NEAR BAY
364,1016,1016,407,-117.03,34.87,3.9464,101500,INLAND
391,805,805,463,-117.16,32.72,0.9142,162500,NEAR OCEAN
1919,4781,4781,2190,-119.01,35.4,1.7109,44600,INLAND
410,920,920,460,-118.08,33.91,0.9946,159900,<1H OCEAN
1697,4876,4876,1826,-118.54,34.21,2.875,227100,<1H OCEAN
310,828,828,334,-116.99,32.77,6.1103,301600,<1H OCEAN
214,586,586,231,-121.14,37.52,3.1645,170800,INLAND
401,2177,2177,457,-118.27,33.98,2.125,92500,<1H OCEAN
337,952,952,340,-122.31,37.56,4.7917,316000,NEAR OCEAN
239,848,848,256,-122.0,37.95,6.8145,339200,INLAND
567,1887,1887,635,-118.09,33.88,3.8654,195300,<1H OCEAN
16,29,29,14,-118.23,33.76,5.0,87500,NEAR OCEAN
257,751,751,426,-120.02,39.24,1.7609,99300,INLAND
661,1777,1777,641,-117.68,35.63,6.0653,105300,INLAND
140,481,481,174,-119.27,36.05,2.2917,112500,INLAND
326,862,862,346,-117.66,33.5,4.4732,186300,<1H OCEAN
298,1038,1038,309,-117.91,34.12,4.1944,149500,<1H OCEAN
355,727,727,350,-118.35,34.08,4.5833,333900,<1H OCEAN
258,1257,1257,272,-118.19,33.98,2.8214,158000,<1H OCEAN
421,1190,1190,441,-118.49,34.14,10.6796,500001,<1H OCEAN
478,2052,2052,534,-121.87,37.38,7.0735,335600,<1H OCEAN
478,1508,1508,506,-121.39,38.69,3.865,88400,INLAND
842,1872,1872,895,-116.93,32.85,2.5388,119000,<1H OCEAN
298,953,953,323,-122.06,38.25,3.3153,99000,INLAND
1376,2880,2880,3923,-116.33,33.75,4.036,158500,INLAND
292,620,620,289,-122.17,37.73,3.7159,183300,NEAR BAY
520,1389,1389,527,-117.3,33.08,4.0,343200,NEAR OCEAN
836,2400,2400,850,-117.32,33.99,4.711,133500,INLAND
497,1462,1462,481,-117.69,33.48,6.1815,288500,<1H OCEAN
106,489,489,127,-119.18,34.2,2.6964,170800,NEAR OCEAN
86,384,384,108,-117.76,34.06,1.9583,92600,INLAND
436,1185,1185,480,-121.36,38.59,5.0508,225700,INLAND
459,1719,1719,504,-117.76,34.06,2.227,91900,INLAND
407,1887,1887,398,-118.2,34.05,2.625,150000,<1H OCEAN
612,1441,1441,620,-118.29,34.18,3.9041,320400,<1H OCEAN
293,691,691,314,-118.12,33.83,4.3594,221300,<1H OCEAN
793,3130,3130,821,-121.61,36.67,2.5224,119200,<1H OCEAN
218,588,588,207,-118.15,34.03,2.0536,186400,<1H OCEAN
208,671,671,239,-120.04,36.79,2.7917,82800,INLAND
524,1392,1392,507,-122.27,37.48,8.5184,500001,NEAR OCEAN
895,1987,1987,1035,-117.59,34.1,2.3603,139300,INLAND
363,1093,1093,388,-122.46,37.72,3.0703,211800,NEAR OCEAN
389,1014,1014,404,-121.89,37.31,4.3882,223600,<1H OCEAN
3441,8738,8738,3753,-117.31,33.19,4.3762,215500,NEAR OCEAN
356,1305,1305,348,-117.6,34.02,5.2849,160400,INLAND
507,1527,1527,494,-118.84,34.15,8.4443,358500,<1H OCEAN
441,1168,1168,481,-122.28,37.84,1.9615,115200,NEAR BAY
549,1395,1395,574,-122.48,37.76,3.9097,323800,NEAR BAY
371,1359,1359,388,-117.76,33.72,7.9739,368700,<1H OCEAN
423,1408,1408,412,-119.82,36.83,5.3241,123000,INLAND
276,939,939,309,-118.31,34.0,1.6892,129100,<1H OCEAN
213,543,543,223,-118.37,34.08,6.0338,423700,<1H OCEAN
523,1351,1351,567,-121.8,38.01,3.5179,130800,INLAND
457,1216,1216,464,-118.14,34.04,3.3214,209300,<1H OCEAN
742,1292,1292,757,-118.16,33.77,2.7614,272200,NEAR OCEAN
488,2284,2284,476,-117.15,32.8,3.7292,146300,NEAR OCEAN
326,813,813,337,-118.38,33.97,6.019,294500,<1H OCEAN
356,838,838,369,-121.37,38.59,4.775,194100,INLAND
512,1508,1508,589,-119.68,37.19,2.8167,96100,INLAND
224,535,535,212,-117.18,32.75,5.392,408500,NEAR OCEAN
527,1399,1399,594,-118.29,34.25,2.4727,175000,<1H OCEAN
607,1971,1971,614,-119.79,36.32,3.0667,75800,INLAND
326,879,879,360,-118.27,34.25,4.4485,261900,<1H OCEAN
302,574,574,1222,-116.26,33.65,10.2948,382400,INLAND
322,986,986,344,-121.97,37.54,4.6349,196200,<1H OCEAN
370,968,968,400,-122.36,38.41,3.7067,175000,INLAND
439,1177,1177,461,-118.03,33.99,3.4312,243800,<1H OCEAN
56,266,266,71,-118.18,34.06,0.8941,98200,<1H OCEAN
176,399,399,181,-118.6,34.08,6.91,380000,<1H OCEAN
317,1037,1037,328,-117.91,34.13,2.2132,138500,<1H OCEAN
515,1334,1334,546,-121.23,38.66,4.8088,169500,INLAND
457,1949,1949,479,-122.16,37.48,2.3769,157300,NEAR BAY
803,1745,1745,844,-118.23,34.14,2.9167,224300,<1H OCEAN
440,1764,1764,477,-118.22,33.8,3.875,165100,NEAR OCEAN
1444,4250,4250,1489,-119.12,35.33,5.1036,103400,INLAND
389,1464,1464,431,-122.24,37.79,2.1638,105500,NEAR BAY
1065,3096,3096,1155,-121.02,38.66,4.5246,198900,INLAND
490,1135,1135,464,-122.32,37.97,3.9722,161000,NEAR BAY
481,1591,1591,547,-121.87,37.39,4.9091,259700,<1H OCEAN
210,573,573,227,-121.12,37.73,2.3924,102200,INLAND
562,1791,1791,735,-121.94,38.36,5.0346,205100,INLAND
513,1132,1132,523,-121.33,38.65,2.6266,198500,INLAND
804,2191,2191,872,-119.34,36.23,3.5611,90200,INLAND
933,1573,1573,1079,-117.2,33.72,1.9912,98600,<1H OCEAN
662,1636,1636,727,-122.46,37.78,2.8553,360700,NEAR BAY
665,3029,3029,700,-117.74,34.05,2.1354,110700,INLAND
278,1175,1175,240,-121.29,37.92,3.1053,73100,INLAND
372,1028,1028,340,-121.45,38.48,3.5402,98700,INLAND
485,1349,1349,556,-117.11,34.43,2.8021,111200,INLAND
932,3010,3010,955,-120.98,37.62,1.9206,81300,INLAND
123,364,364,136,-120.96,41.12,2.5,59200,INLAND
292,905,905,285,-117.95,33.8,4.6389,214600,<1H OCEAN
522,1381,1381,532,-122.15,38.06,5.3661,195800,NEAR BAY
381,1015,1015,437,-122.89,38.42,5.1512,268300,<1H OCEAN
116,268,268,121,-119.68,36.32,1.7596,120800,INLAND
888,2363,2363,859,-118.27,34.27,6.1946,276100,<1H OCEAN
193,673,673,199,-120.43,36.99,2.9688,63800,INLAND
406,710,710,471,-121.88,37.26,3.8936,225900,<1H OCEAN
2406,7443,7443,2610,-118.3,34.07,1.8238,237500,<1H OCEAN
1002,2176,2176,1133,-118.15,33.78,3.5812,198600,NEAR OCEAN
2117,4868,4868,2292,-116.94,32.8,1.8937,109800,<1H OCEAN
382,1361,1361,421,-117.36,33.88,4.6875,189800,INLAND
254,717,717,393,-119.96,38.94,1.8906,104200,INLAND
313,1140,1140,330,-118.32,34.04,2.2554,165000,<1H OCEAN
235,653,653,244,-121.36,38.57,5.6485,129500,INLAND
400,1734,1734,382,-121.25,37.93,2.0833,48300,INLAND
303,891,891,346,-119.08,36.02,1.9439,62100,INLAND
347,1371,1371,372,-119.55,36.7,2.3687,63900,INLAND
923,2460,2460,920,-120.87,37.77,3.5959,142700,INLAND
190,463,463,184,-122.19,37.83,8.2049,335200,NEAR BAY
580,1635,1635,661,-117.66,34.11,5.0681,230500,INLAND
251,670,670,288,-118.33,33.92,3.267,185400,<1H OCEAN
134,482,482,141,-118.31,34.1,1.625,67500,<1H OCEAN
377,1370,1370,403,-115.54,32.79,1.275,60400,INLAND
95,195,195,141,-120.17,39.33,0.9283,116300,INLAND
470,1568,1568,533,-118.31,34.02,1.6955,115200,<1H OCEAN
545,1698,1698,611,-118.2,34.11,1.9355,166300,<1H OCEAN
385,654,654,369,-119.7,34.43,2.6205,318800,<1H OCEAN
145,472,472,142,-117.03,32.65,7.6344,290500,NEAR OCEAN
318,834,834,434,-121.64,40.9,1.7538,90300,INLAND
665,1509,1509,711,-117.2,34.13,3.4138,126700,INLAND
271,648,648,291,-122.04,38.25,2.7167,92200,INLAND
156,596,596,169,-117.31,33.67,3.1832,157400,<1H OCEAN
361,900,900,407,-122.31,37.92,4.1587,212200,NEAR BAY
364,876,876,333,-117.91,33.64,3.6406,326100,<1H OCEAN
361,1150,1150,357,-119.3,36.31,4.2778,97300,INLAND
183,428,428,198,-121.93,36.63,4.3571,287500,NEAR OCEAN
938,2677,2677,970,-117.64,33.68,6.5069,243400,<1H OCEAN
536,1351,1351,548,-122.08,37.95,5.0672,243000,NEAR BAY
579,1857,1857,607,-121.49,38.51,3.1768,79500,INLAND
679,2493,2493,711,-122.33,38.0,2.9781,109000,NEAR BAY
289,802,802,316,-117.09,32.91,6.5706,255700,<1H OCEAN
272,635,635,256,-117.25,32.73,4.5938,367400,NEAR OCEAN
278,671,671,263,-117.92,33.84,3.2969,220000,<1H OCEAN
428,967,967,432,-122.37,37.58,4.7404,500001,NEAR OCEAN
322,912,912,342,-122.17,37.77,3.3958,141900,NEAR BAY
282,807,807,280,-118.08,34.12,5.5067,325000,<1H OCEAN
197,358,358,197,-121.56,39.52,1.7708,79500,INLAND
229,778,778,216,-117.03,32.61,5.1538,171300,NEAR OCEAN
414,1201,1201,421,-116.95,32.77,6.3191,303400,<1H OCEAN
326,543,543,326,-117.02,32.76,1.0278,154200,<1H OCEAN
326,1016,1016,339,-118.65,34.18,4.925,240300,<1H OCEAN
538,1631,1631,526,-121.94,37.54,6.2179,305300,<1H OCEAN
935,1720,1720,1050,-118.35,34.1,3.358,364500,<1H OCEAN
452,1192,1192,454,-118.15,34.7,3.9615,116300,INLAND
341,1081,1081,362,-117.8,33.79,4.3269,231400,<1H OCEAN
514,1764,1764,521,-119.24,35.77,1.7813,67800,INLAND
32,85,85,32,-121.93,38.31,4.875,250000,INLAND
265,891,891,267,-118.31,34.09,1.8977,100000,<1H OCEAN
807,1941,1941,814,-122.26,37.55,5.9572,443800,NEAR BAY
1811,4783,4783,1915,-117.68,33.65,5.928,239900,<1H OCEAN
210,737,737,195,-122.2,37.79,2.6667,122000,NEAR BAY
764,2146,2146,782,-122.69,38.34,4.0844,165400,<1H OCEAN
215,888,888,237,-118.27,34.0,1.75,95800,<1H OCEAN
417,975,975,407,-122.31,37.54,4.0726,385400,NEAR OCEAN
329,1363,1363,342,-118.28,33.99,2.5848,101900,<1H OCEAN
64,822,822,72,-115.5,32.75,3.4107,142500,INLAND
673,1603,1603,692,-118.35,33.93,2.11,223300,<1H OCEAN
842,3913,3913,876,-118.23,33.96,3.0143,148200,<1H OCEAN
3510,9690,9690,3933,-117.27,33.23,4.1405,198500,<1H OCEAN
437,1226,1226,625,-120.76,38.6,2.5865,133800,INLAND
774,2473,2473,863,-119.58,36.83,5.4895,156700,INLAND
949,3298,3298,1095,-118.3,34.01,1.9152,122300,<1H OCEAN
557,1359,1359,622,-118.38,34.17,2.7708,192300,<1H OCEAN
798,2230,2230,832,-121.95,37.36,3.5625,208600,<1H OCEAN
335,748,748,326,-117.9,33.8,2.9231,45000,<1H OCEAN
399,1208,1208,428,-120.06,36.97,1.4044,61700,INLAND
419,966,966,426,-120.12,34.6,5.5106,290900,NEAR OCEAN
698,2042,2042,723,-119.08,34.34,2.7593,194800,<1H OCEAN
385,825,825,432,-122.14,38.02,2.0523,133900,NEAR BAY
588,1804,1804,574,-120.94,37.6,3.5331,102900,INLAND
487,2249,2249,483,-118.22,33.95,2.8167,160400,<1H OCEAN
624,2453,2453,667,-117.53,33.88,3.1312,91000,INLAND
724,1967,1967,762,-118.32,33.87,5.3244,271900,<1H OCEAN
794,2540,2540,776,-121.83,38.45,4.8611,146400,INLAND
418,1529,1529,577,-118.22,33.99,2.7708,186300,<1H OCEAN
1232,3613,3613,1264,-118.01,33.74,6.0609,264900,<1H OCEAN
269,1047,1047,284,-117.31,34.13,2.2865,65500,INLAND
714,2412,2412,748,-121.94,37.56,8.3996,442900,<1H OCEAN
530,855,855,557,-122.7,38.45,1.125,233300,<1H OCEAN
287,689,689,270,-122.24,37.47,6.1244,308800,NEAR OCEAN
455,1260,1260,460,-119.34,36.22,3.0905,78200,INLAND
423,1232,1232,411,-118.34,33.89,5.373,244500,<1H OCEAN
501,1779,1779,478,-117.91,34.1,4.25,166700,<1H OCEAN
1057,2528,2528,1137,-118.12,33.77,10.2233,500001,NEAR OCEAN
279,771,771,306,-121.62,37.61,5.7239,430600,INLAND
434,1033,1033,388,-122.27,37.77,5.5337,372000,NEAR BAY
405,1464,1464,373,-117.88,33.7,5.4836,225800,<1H OCEAN
922,2442,2442,985,-117.97,33.82,3.7655,197700,<1H OCEAN
179,494,494,193,-122.17,37.74,2.4776,101600,NEAR BAY
568,1202,1202,595,-122.48,37.77,3.8899,348500,NEAR BAY
276,739,739,299,-121.96,37.34,3.4375,252600,<1H OCEAN
609,1639,1639,604,-120.83,37.51,4.6635,198400,INLAND
394,990,990,420,-122.27,37.54,6.035,438800,NEAR BAY
396,1394,1394,423,-117.33,34.08,3.1799,86700,INLAND
209,599,599,194,-117.9,34.06,7.5,287200,<1H OCEAN
441,1680,1680,484,-118.23,34.09,2.6051,155500,<1H OCEAN
885,2307,2307,945,-120.66,35.49,2.8285,171300,<1H OCEAN
547,1482,1482,487,-122.61,38.26,4.6833,215200,<1H OCEAN
478,1862,1862,516,-117.78,34.09,3.7177,177200,INLAND
454,1106,1106,451,-122.19,37.79,4.6563,231800,NEAR BAY
365,922,922,385,-120.95,39.93,2.8125,83500,INLAND
1004,2519,2519,1012,-118.38,33.98,6.8112,500001,<1H OCEAN
627,1434,1434,664,-119.23,34.44,2.4777,260300,<1H OCEAN
667,1803,1803,718,-118.02,34.13,3.9464,273600,INLAND
300,943,943,300,-118.36,33.83,5.1984,353600,<1H OCEAN
218,573,573,796,-116.88,34.24,4.6394,226500,INLAND
249,736,736,237,-120.06,36.72,1.8,60400,INLAND
171,410,410,178,-117.91,33.61,11.075,500001,<1H OCEAN
1006,3943,3943,1206,-117.18,33.16,3.1793,159900,<1H OCEAN
452,1290,1290,451,-121.99,38.36,3.2768,117600,INLAND
104,485,485,125,-117.92,34.59,2.7396,125600,INLAND
604,1967,1967,610,-117.66,33.63,5.5085,223300,<1H OCEAN
83,219,219,96,-120.83,37.76,2.9125,112500,INLAND
413,915,915,444,-122.26,37.77,2.9899,228100,NEAR BAY
607,1304,1304,616,-117.11,32.76,2.0852,114400,NEAR OCEAN
374,927,927,370,-117.02,32.8,4.1162,177200,<1H OCEAN
150,432,432,167,-120.98,37.65,2.5,103100,INLAND
276,730,730,251,-117.96,33.82,3.6422,209400,<1H OCEAN
73,236,236,84,-119.36,35.55,2.7,125000,INLAND
539,2212,2212,562,-118.21,33.98,2.325,161500,<1H OCEAN
4012,9873,9873,4407,-118.72,34.14,5.4032,318500,NEAR OCEAN
250,751,751,286,-118.31,33.94,2.7401,131700,<1H OCEAN
679,1548,1548,752,-118.49,34.02,2.9125,475000,<1H OCEAN
348,1061,1061,337,-117.5,33.92,4.55,146800,INLAND
246,758,758,235,-122.23,37.45,7.7932,469900,NEAR OCEAN
423,940,940,421,-122.29,37.89,5.0551,232200,NEAR BAY
634,1478,1478,749,-117.25,32.99,7.472,439900,NEAR OCEAN
808,2357,2357,945,-117.09,32.71,1.5,106300,NEAR OCEAN
416,1460,1460,410,-117.85,33.92,8.0287,371800,<1H OCEAN
278,639,639,284,-121.89,37.3,5.8415,283300,<1H OCEAN
321,1054,1054,410,-121.01,37.33,1.6214,71500,INLAND
356,1080,1080,335,-119.85,36.83,6.7181,160300,INLAND
377,1575,1575,396,-120.45,34.96,2.875,121400,<1H OCEAN
990,2522,2522,1047,-121.89,37.38,5.7695,271400,<1H OCEAN
260,899,899,280,-117.07,32.58,3.8194,134400,NEAR OCEAN
70,171,171,71,-121.28,37.9,0.9614,55700,INLAND
566,1355,1355,673,-121.21,39.24,4.3702,226100,INLAND
431,1100,1100,591,-118.33,33.34,2.8333,414700,ISLAND
450,1464,1464,449,-119.67,36.65,3.9211,92300,INLAND
1419,4005,4005,1603,-117.79,33.84,8.3931,365300,<1H OCEAN
173,644,644,185,-122.05,36.96,4.2045,226500,NEAR OCEAN
432,926,926,458,-122.0,37.82,4.6042,256400,<1H OCEAN
797,2677,2677,843,-121.83,37.38,3.2222,184800,<1H OCEAN
404,1478,1478,396,-117.93,33.64,2.5301,192900,<1H OCEAN
282,1187,1187,297,-117.04,32.54,1.2667,67500,NEAR OCEAN
360,1067,1067,348,-117.21,34.49,3.6333,116200,INLAND
700,2286,2286,731,-118.2,33.85,2.3041,149100,<1H OCEAN
246,539,539,262,-122.58,38.59,3.5208,195800,INLAND
691,1674,1674,735,-117.04,34.04,2.5863,98300,INLAND
347,643,643,397,-121.33,37.98,2.7031,150000,INLAND
521,1504,1504,557,-122.35,38.3,5.6304,243100,NEAR BAY
994,1939,1939,1100,-118.33,34.11,2.2148,438300,<1H OCEAN
483,1359,1359,521,-119.61,36.57,1.5833,65100,INLAND
1259,3489,3489,1217,-121.77,37.67,5.7907,264200,INLAND
158,329,329,280,-116.0,32.74,1.4338,43900,INLAND
582,1714,1714,624,-118.33,34.03,1.7377,183900,<1H OCEAN
363,983,983,368,-120.45,34.63,4.9286,180100,NEAR OCEAN
198,996,996,198,-120.67,36.72,2.5,112500,INLAND
4,17,17,7,-118.43,33.97,7.7197,500001,<1H OCEAN
236,686,686,261,-118.13,33.9,3.9038,202700,<1H OCEAN
843,1513,1513,882,-117.24,32.8,3.101,238200,NEAR OCEAN
397,945,945,429,-121.56,39.52,1.7308,53600,INLAND
570,1289,1289,1152,-116.37,33.19,2.5795,98700,INLAND
404,1098,1098,387,-118.39,33.88,7.6685,474300,<1H OCEAN
300,668,668,313,-117.18,32.69,5.1009,500001,NEAR OCEAN
569,982,982,604,-117.32,33.23,1.6402,169300,NEAR OCEAN
481,1152,1152,573,-114.64,34.83,1.7062,86800,INLAND
317,1158,1158,320,-119.08,36.22,3.0324,55600,INLAND
383,1217,1217,416,-119.1,36.42,1.8801,57600,INLAND
618,1229,1229,661,-121.92,36.61,3.1359,268000,NEAR OCEAN
243,641,641,249,-122.14,37.67,4.0682,196200,NEAR BAY
395,1030,1030,418,-118.22,34.21,3.5707,341700,<1H OCEAN
214,551,551,386,-122.51,39.3,1.7463,68800,INLAND
415,722,722,404,-121.34,38.61,2.0926,166100,INLAND
496,1431,1431,469,-122.46,37.73,5.2088,344200,NEAR BAY
142,476,476,142,-117.46,33.92,3.5208,121100,INLAND
510,1733,1733,646,-117.96,34.71,3.46,123900,INLAND
649,1939,1939,685,-121.97,38.03,3.7043,139800,INLAND
27,47,47,262,-121.54,40.06,2.4028,67500,INLAND
263,1339,1339,267,-118.23,33.94,2.1607,97600,<1H OCEAN
502,669,669,550,-117.71,33.61,2.3438,72300,<1H OCEAN
2440,7030,7030,2574,-118.45,34.44,4.6861,187900,<1H OCEAN
881,1581,1581,1073,-118.43,34.05,5.2555,500001,<1H OCEAN
289,1279,1279,318,-118.0,34.08,4.6467,185100,INLAND
441,1165,1165,506,-124.15,40.88,1.725,57500,NEAR OCEAN
427,1395,1395,425,-117.65,33.63,8.4471,351300,<1H OCEAN
506,1753,1753,544,-118.4,34.21,2.9803,191500,<1H OCEAN
355,915,915,367,-121.42,37.74,1.1957,103100,INLAND
336,1153,1153,392,-117.49,33.99,4.84,116400,INLAND
284,713,713,322,-122.18,37.78,3.2984,160700,NEAR BAY
919,2293,2293,964,-119.45,35.15,3.1592,75400,INLAND
477,1087,1087,516,-122.71,38.46,3.0444,167200,<1H OCEAN
912,2494,2494,916,-116.89,33.93,2.0976,72600,INLAND
1772,5217,5217,1856,-118.25,34.14,2.506,184500,<1H OCEAN
309,870,870,332,-122.33,37.55,9.3694,500001,NEAR OCEAN
481,1391,1391,472,-117.93,33.67,8.1001,336500,<1H OCEAN
261,735,735,264,-118.53,34.04,9.1078,500001,<1H OCEAN
374,909,909,436,-120.96,39.12,2.5326,139100,INLAND
625,1926,1926,711,-122.68,38.46,7.3003,381300,<1H OCEAN
372,982,982,374,-118.28,34.08,2.9423,200000,<1H OCEAN
324,840,840,365,-122.29,40.44,1.3904,48100,INLAND
365,750,750,375,-118.33,34.17,2.473,251800,<1H OCEAN
309,998,998,333,-118.46,34.22,3.9625,168200,<1H OCEAN
817,1770,1770,884,-117.99,33.73,3.1912,220800,<1H OCEAN
602,2185,2185,573,-115.49,32.67,1.375,70100,INLAND
317,757,757,341,-118.08,34.12,4.2434,270500,<1H OCEAN
730,1658,1658,864,-121.34,38.62,2.4537,153000,INLAND
573,830,830,587,-122.15,37.73,2.1898,141700,NEAR BAY
355,851,851,394,-118.5,34.03,6.48,500001,<1H OCEAN
685,2086,2086,887,-121.27,38.74,2.6065,154900,INLAND
661,1807,1807,660,-118.3,33.83,3.5473,226300,<1H OCEAN
313,1102,1102,335,-117.02,32.59,3.0365,98100,NEAR OCEAN
315,905,905,307,-118.62,34.19,5.5101,267400,<1H OCEAN
583,1467,1467,579,-118.38,33.87,5.7415,321900,<1H OCEAN
497,1726,1726,541,-117.66,34.12,6.1195,251100,INLAND
350,850,850,347,-122.29,37.98,5.1046,209800,NEAR BAY
208,884,884,192,-117.96,33.81,5.2384,177400,<1H OCEAN
1001,2026,2026,1231,-117.07,33.03,5.09,268500,<1H OCEAN
25,45,45,20,-122.5,37.96,6.1359,212500,NEAR BAY
674,1940,1940,708,-121.91,37.36,3.2153,199700,<1H OCEAN
680,1986,1986,841,-120.97,37.69,3.072,114300,INLAND
617,1684,1684,636,-122.18,37.86,8.9571,399700,NEAR BAY
706,2101,2101,719,-122.43,37.72,3.0107,242000,NEAR BAY
114,383,383,117,-117.84,34.0,6.8758,253800,<1H OCEAN
654,2012,2012,858,-122.08,38.3,6.8872,305200,INLAND
647,1498,1498,648,-122.13,37.43,5.2114,438400,NEAR BAY
904,2340,2340,1074,-118.35,33.97,2.6734,143400,<1H OCEAN
293,721,721,379,-122.59,38.56,4.65,245000,<1H OCEAN
614,1520,1520,763,-122.41,37.78,1.4554,375000,NEAR BAY
618,1916,1916,607,-117.87,33.7,4.9153,266400,<1H OCEAN
256,688,688,338,-117.53,34.28,4.1083,108000,INLAND
651,1513,1513,693,-118.17,33.82,5.5106,252200,NEAR OCEAN
551,1457,1457,561,-121.03,37.32,2.2566,82100,INLAND
504,1507,1507,518,-122.34,37.55,13.3913,500001,NEAR OCEAN
320,933,933,358,-122.18,37.76,2.2917,107000,NEAR BAY
212,682,682,195,-122.41,37.66,3.2833,233300,NEAR OCEAN
315,724,724,355,-122.28,37.52,4.0313,435200,NEAR OCEAN
530,1387,1387,616,-121.24,39.37,2.3886,89400,INLAND
609,1987,1987,655,-118.4,34.2,2.8424,226400,<1H OCEAN
504,1205,1205,531,-122.26,37.89,6.6828,370900,NEAR BAY
949,2660,2660,922,-117.86,33.79,3.1792,146400,<1H OCEAN
245,705,705,254,-121.46,38.68,2.8333,103000,INLAND
541,1727,1727,601,-117.12,33.27,4.9375,232800,<1H OCEAN
557,1886,1886,537,-121.23,37.81,4.2431,137100,INLAND
455,1772,1772,500,-117.19,34.07,2.189,72500,INLAND
525,1365,1365,614,-119.67,36.74,2.7813,120300,INLAND
100,228,228,118,-122.3,37.87,2.1705,150000,NEAR BAY
217,470,470,208,-117.15,33.14,2.3062,158900,<1H OCEAN
122,406,406,128,-119.82,36.74,1.8967,43800,INLAND
277,888,888,307,-118.96,35.87,3.7794,96200,INLAND
166,484,484,162,-117.98,34.03,2.625,191100,<1H OCEAN
307,1097,1097,297,-118.22,33.97,2.6384,162900,<1H OCEAN
215,719,719,216,-116.99,32.72,3.8295,149600,<1H OCEAN
213,514,514,203,-118.28,34.11,4.2019,352100,<1H OCEAN
393,922,922,403,-122.14,37.73,4.6042,251900,NEAR BAY
410,1002,1002,456,-118.42,34.0,3.9798,458600,<1H OCEAN
215,669,669,224,-121.99,36.98,4.3409,256300,NEAR OCEAN
1391,4389,4389,1344,-121.86,37.7,6.6827,313700,INLAND
542,1760,1760,548,-119.58,36.77,4.0227,126500,INLAND
816,1547,1547,875,-117.17,32.77,4.5481,164800,NEAR OCEAN
1555,5690,5690,1767,-117.47,34.12,4.1797,141000,INLAND
319,909,909,425,-120.02,37.57,2.7188,113100,INLAND
960,2184,2184,1012,-118.39,34.12,8.2816,500001,<1H OCEAN
411,1386,1386,416,-118.03,33.93,5.2736,179500,<1H OCEAN
439,671,671,454,-118.33,34.08,3.5083,500001,<1H OCEAN
346,855,855,359,-124.13,40.79,3.5833,92800,NEAR OCEAN
96,235,235,216,-119.94,38.92,4.6,136800,INLAND
870,3072,3072,907,-118.11,34.07,2.3393,202300,<1H OCEAN
288,819,819,277,-118.31,33.97,3.725,142600,<1H OCEAN
516,1292,1292,518,-118.42,34.13,12.7823,500001,<1H OCEAN
430,857,857,450,-122.06,37.64,3.5541,350000,NEAR BAY
291,761,761,285,-122.29,37.54,5.0081,298100,NEAR OCEAN
1034,2909,2909,1098,-118.14,34.08,2.7036,170000,<1H OCEAN
384,1038,1038,427,-118.19,33.81,4.4559,198500,NEAR OCEAN
221,508,508,211,-118.13,33.79,5.3441,480600,NEAR OCEAN
228,1046,1046,232,-118.26,34.02,2.2356,119500,<1H OCEAN
860,1815,1815,891,-118.54,34.17,2.8528,425000,<1H OCEAN
459,1092,1092,502,-122.49,37.76,3.5302,329600,NEAR BAY
162,469,469,185,-122.0,38.37,3.625,125000,INLAND
375,1074,1074,401,-118.48,34.03,3.5076,381800,<1H OCEAN
1845,3397,3397,1978,-118.4,34.03,3.4058,275000,<1H OCEAN
370,952,952,389,-122.11,37.67,3.8,187500,NEAR BAY
500,1503,1503,537,-117.43,34.07,2.3768,95300,INLAND
157,425,425,238,-123.85,41.32,1.0486,36700,<1H OCEAN
400,1067,1067,394,-118.29,33.9,1.7714,159400,<1H OCEAN
353,1096,1096,356,-122.41,37.66,4.475,246700,NEAR OCEAN
919,2994,2994,1096,-118.19,33.79,1.8109,137500,NEAR OCEAN
427,723,723,557,-122.91,39.03,1.3532,95800,INLAND
697,1567,1567,753,-118.4,34.11,15.0001,500001,<1H OCEAN
275,977,977,287,-118.45,34.31,4.4773,173100,<1H OCEAN
501,1185,1185,494,-122.1,37.65,4.5417,194400,NEAR BAY
705,2165,2165,710,-117.14,32.91,3.7837,160300,<1H OCEAN
709,1447,1447,733,-122.04,38.0,3.2484,91100,NEAR BAY
348,772,772,356,-122.45,37.75,4.95,322600,NEAR BAY
893,2315,2315,968,-122.32,37.99,4.2852,173500,NEAR BAY
422,1501,1501,411,-121.43,38.64,2.0417,65900,INLAND
93,302,302,93,-119.89,36.73,2.6146,81300,INLAND
378,1248,1248,384,-122.02,37.31,5.9714,332500,<1H OCEAN
588,2377,2377,614,-122.32,37.57,3.2891,237900,NEAR OCEAN
319,583,583,330,-117.89,34.09,2.3971,188900,<1H OCEAN
1001,3281,3281,1030,-118.02,33.79,6.1142,240400,<1H OCEAN
545,1598,1598,550,-118.33,33.99,2.8274,122500,<1H OCEAN
734,3456,3456,903,-118.34,33.94,2.182,147500,<1H OCEAN
383,1325,1325,373,-118.75,34.26,5.4604,193400,<1H OCEAN
593,1758,1758,649,-117.96,33.83,3.3831,197400,<1H OCEAN
301,955,955,335,-122.04,36.97,3.8259,253100,NEAR OCEAN
386,960,960,448,-119.79,36.79,1.5122,47500,INLAND
309,1511,1511,331,-118.03,34.05,3.5129,142300,<1H OCEAN
136,306,306,134,-121.97,37.36,4.575,247600,<1H OCEAN
270,721,721,283,-118.45,37.25,3.0817,118800,INLAND
631,2082,2082,592,-117.02,32.71,3.5388,118500,NEAR OCEAN
308,1119,1119,334,-120.12,36.01,2.2167,48500,INLAND
505,1488,1488,522,-118.74,34.27,4.18,215000,<1H OCEAN
290,665,665,328,-118.02,33.83,3.2933,260000,<1H OCEAN
160,467,467,154,-117.1,32.83,6.2047,248100,<1H OCEAN
251,1439,1439,310,-118.23,33.98,2.39,183300,<1H OCEAN
291,759,759,274,-118.31,34.27,6.0808,215600,<1H OCEAN
343,936,936,378,-121.45,41.04,2.67,77500,INLAND
485,1265,1265,491,-121.35,38.56,4.5066,140200,INLAND
396,972,972,427,-118.12,33.86,4.8516,213600,<1H OCEAN
307,849,849,356,-122.24,38.1,2.9432,103500,NEAR BAY
173,422,422,214,-118.48,33.43,2.6042,287500,ISLAND
476,1463,1463,515,-117.29,33.08,5.7787,346700,NEAR OCEAN
386,1434,1434,398,-117.01,32.7,3.5341,120800,NEAR OCEAN
749,2149,2149,794,-118.31,34.07,2.2653,445000,<1H OCEAN
737,1801,1801,765,-118.47,34.0,2.6042,305800,<1H OCEAN
107,391,391,108,-122.08,37.63,4.0682,156900,NEAR BAY
401,1105,1105,425,-122.49,37.75,3.7054,308500,NEAR OCEAN
507,1346,1346,534,-122.27,37.32,5.3951,277700,NEAR OCEAN
183,537,537,208,-118.35,34.03,1.9,110900,<1H OCEAN
295,750,750,280,-118.23,34.2,5.3925,317900,<1H OCEAN
426,1503,1503,391,-117.61,34.09,4.6167,144000,INLAND
153,347,347,148,-118.46,34.01,4.2813,297200,<1H OCEAN
331,1657,1657,349,-118.24,33.97,2.0819,111800,<1H OCEAN
601,1499,1499,622,-117.96,33.82,3.63,183400,<1H OCEAN
341,1326,1326,345,-117.05,32.59,4.2679,131900,NEAR OCEAN
1585,3335,3335,1707,-118.44,34.0,3.1579,243100,<1H OCEAN
1150,3141,3141,1186,-118.27,34.22,7.2812,462200,<1H OCEAN
328,924,924,340,-122.13,37.68,3.6,179400,NEAR BAY
345,1302,1302,349,-117.88,33.87,5.6409,190900,<1H OCEAN
427,1326,1326,473,-117.07,33.11,3.0915,139900,<1H OCEAN
2023,6931,6931,2062,-117.72,33.97,5.228,187800,<1H OCEAN
943,3671,3671,937,-117.86,34.02,5.9716,262100,<1H OCEAN
293,802,802,306,-122.04,36.96,4.1964,202000,NEAR OCEAN
538,1858,1858,559,-117.96,33.72,6.8645,318200,<1H OCEAN
444,1312,1312,419,-117.42,34.08,3.4844,127700,INLAND
229,638,638,222,-118.35,34.22,4.1302,258300,<1H OCEAN
271,1068,1068,255,-118.09,33.98,3.1607,172200,<1H OCEAN
252,881,881,249,-118.21,34.04,2.2454,165000,<1H OCEAN
97,380,380,119,-118.97,35.37,1.4125,42500,INLAND
374,1093,1093,393,-122.08,37.65,3.6818,165400,NEAR BAY
723,1706,1706,748,-122.57,38.11,3.4705,228600,NEAR BAY
226,959,959,222,-118.52,34.22,5.0282,195400,<1H OCEAN
201,600,600,194,-117.75,34.08,4.0368,139100,INLAND
179,486,486,204,-120.17,39.33,4.119,110900,INLAND
1329,3250,3250,1489,-122.02,37.37,4.2782,327700,<1H OCEAN
362,1099,1099,390,-117.05,33.13,5.2323,167500,<1H OCEAN
113,310,310,90,-119.26,36.61,2.5417,118800,INLAND
792,1674,1674,853,-121.94,37.34,3.4233,229300,<1H OCEAN
636,2786,2786,684,-117.97,34.06,4.0469,166800,<1H OCEAN
438,1274,1274,444,-122.38,40.67,2.212,65600,INLAND
558,1342,1342,642,-117.83,33.77,4.1151,203200,<1H OCEAN
1222,2490,2490,1304,-118.52,34.2,2.6437,195000,<1H OCEAN
269,669,669,279,-118.39,34.04,3.9038,308300,<1H OCEAN
807,1802,1802,1182,-118.45,35.58,1.8819,69700,INLAND
713,1656,1656,787,-117.84,33.78,4.25,248000,<1H OCEAN
540,2010,2010,579,-118.21,33.9,2.0817,104600,<1H OCEAN
538,842,842,591,-117.28,33.18,2.1205,157300,NEAR OCEAN
654,1676,1676,649,-118.33,34.16,3.4286,247900,<1H OCEAN
375,1506,1506,399,-118.2,33.98,2.0,172700,<1H OCEAN
192,614,614,186,-121.32,38.56,4.5766,108700,INLAND
102,177,177,103,-118.37,33.9,3.3409,256300,<1H OCEAN
412,763,763,445,-118.18,34.1,4.975,166700,<1H OCEAN
246,1095,1095,268,-117.06,32.6,2.4191,107300,NEAR OCEAN
715,2230,2230,827,-121.81,38.49,3.9309,178500,INLAND
323,739,739,334,-118.13,34.15,2.5903,125000,<1H OCEAN
694,2830,2830,702,-118.2,33.97,2.754,166200,<1H OCEAN
720,1953,1953,763,-117.08,32.73,1.4254,111300,NEAR OCEAN
282,1076,1076,333,-119.45,36.35,2.3365,69600,INLAND
370,950,950,386,-122.06,37.95,4.7386,186400,NEAR BAY
693,2028,2028,723,-122.07,37.63,2.4808,157600,NEAR BAY
443,1549,1549,477,-121.22,37.79,4.4766,169400,INLAND
263,702,702,299,-121.75,37.68,5.2443,183400,INLAND
466,1108,1108,477,-120.51,37.32,2.3099,89600,INLAND
935,2725,2725,1039,-116.24,33.72,3.775,93400,INLAND
328,1097,1097,295,-122.02,37.6,3.2386,149600,NEAR BAY
652,2269,2269,722,-118.01,33.75,4.525,186000,<1H OCEAN
1520,4552,4552,1540,-121.95,37.55,6.6478,333400,<1H OCEAN
535,2223,2223,549,-117.91,33.78,4.0362,177900,<1H OCEAN
581,1742,1742,589,-121.24,38.67,4.0182,131700,INLAND
484,1210,1210,508,-121.03,37.62,2.5313,77700,INLAND
1014,2768,2768,947,-122.33,38.31,6.1953,258900,NEAR BAY
766,2248,2248,744,-121.0,37.8,3.6107,141300,INLAND
278,661,661,262,-123.21,39.14,3.0,114600,<1H OCEAN
246,705,705,255,-118.38,34.03,2.6402,185700,<1H OCEAN
243,757,757,265,-117.19,33.64,3.235,210700,<1H OCEAN
600,2119,2119,629,-118.13,34.01,2.075,151100,<1H OCEAN
491,2091,2091,506,-120.04,36.96,1.3713,51800,INLAND
343,861,861,345,-117.09,32.79,3.8333,170000,NEAR OCEAN
694,1875,1875,791,-122.05,37.95,3.1838,182000,NEAR BAY
1072,2654,2654,1111,-117.22,32.75,4.5878,291000,NEAR OCEAN
623,1322,1322,605,-121.41,38.61,3.4784,105500,INLAND
426,1344,1344,428,-117.09,32.62,2.4866,129700,NEAR OCEAN
307,735,735,308,-118.43,34.04,5.2954,485100,<1H OCEAN
444,1293,1293,468,-118.01,33.93,3.275,189900,<1H OCEAN
692,2292,2292,709,-121.86,37.27,5.6876,246500,<1H OCEAN
329,748,748,358,-119.71,34.4,4.2283,326800,NEAR OCEAN
607,1390,1390,610,-118.47,34.14,7.629,500001,<1H OCEAN
302,1201,1201,312,-117.95,33.92,4.0,178200,<1H OCEAN
606,1441,1441,586,-121.28,38.1,2.5556,133100,INLAND
430,1465,1465,456,-122.49,37.69,4.9375,277000,NEAR OCEAN
799,1886,1886,815,-117.01,32.79,3.4421,155300,<1H OCEAN
1304,3887,3887,1373,-117.55,33.85,4.8686,195300,INLAND
1281,4108,4108,1361,-121.6,37.13,7.5,344500,<1H OCEAN
344,945,945,351,-117.26,34.17,3.8906,123700,INLAND
340,804,804,354,-122.2,37.8,5.1184,239600,NEAR BAY
429,821,821,471,-117.16,32.73,1.9597,200000,NEAR OCEAN
598,2824,2824,668,-118.26,34.01,1.9074,99600,<1H OCEAN
1535,2688,2688,1547,-117.95,33.63,3.9917,271600,<1H OCEAN
927,3702,3702,986,-118.19,33.89,2.9293,113600,<1H OCEAN
1148,3502,3502,1179,-122.44,37.52,5.9919,345100,NEAR OCEAN
375,811,811,358,-121.48,38.55,4.3929,162500,INLAND
258,800,800,284,-121.83,37.37,3.2279,182400,<1H OCEAN
220,503,503,224,-122.55,37.9,7.9606,453400,NEAR BAY
502,1868,1868,527,-118.33,34.05,3.375,257800,<1H OCEAN
698,1565,1565,727,-117.88,33.92,5.457,308800,<1H OCEAN
358,1376,1376,349,-118.37,33.95,2.2297,262500,<1H OCEAN
697,1815,1815,746,-118.29,33.71,3.7596,300000,NEAR OCEAN
411,1652,1652,405,-119.62,36.58,2.6858,62400,INLAND
231,1010,1010,207,-118.29,34.01,1.6036,137500,<1H OCEAN
320,999,999,342,-120.43,34.89,5.0286,158000,<1H OCEAN
506,1015,1015,556,-118.41,34.06,4.1411,500001,<1H OCEAN
234,822,822,266,-123.21,39.13,4.0469,127400,<1H OCEAN
344,1011,1011,363,-118.06,34.04,2.6288,160300,<1H OCEAN
538,1469,1469,513,-117.03,32.79,5.8683,220500,<1H OCEAN
241,1044,1044,264,-118.26,33.79,3.5488,205600,<1H OCEAN
433,1142,1142,408,-118.45,34.0,4.575,326700,<1H OCEAN
426,998,998,454,-121.97,37.26,4.6827,255100,<1H OCEAN
615,1700,1700,623,-121.8,38.67,3.1875,172000,INLAND
901,1447,1447,997,-122.43,37.63,3.5214,144200,NEAR OCEAN
712,2109,2109,685,-117.11,32.58,2.2755,125000,NEAR OCEAN
1049,2532,2532,1018,-121.37,38.63,4.6127,151800,INLAND
1136,2140,2140,1243,-121.35,38.61,2.5511,134100,INLAND
484,1645,1645,484,-121.91,37.44,5.0362,255100,<1H OCEAN
225,749,749,226,-122.17,37.74,3.0298,107600,NEAR BAY
256,509,509,263,-117.23,32.73,2.7273,269700,NEAR OCEAN
174,935,935,172,-118.43,34.26,2.9519,140900,<1H OCEAN
420,1099,1099,466,-122.4,38.46,4.635,248500,INLAND
365,956,956,339,-122.31,38.33,4.0132,174700,NEAR BAY
214,558,558,209,-118.11,33.81,3.9722,235600,<1H OCEAN
231,565,565,225,-118.35,33.9,3.9485,230000,<1H OCEAN
774,1644,1644,780,-118.01,33.67,5.041,397600,NEAR OCEAN
255,522,522,268,-120.45,34.71,6.4678,249300,NEAR OCEAN
726,2500,2500,773,-117.47,33.92,3.6583,126100,INLAND
313,749,749,340,-119.29,36.28,2.2333,120100,INLAND
408,1291,1291,409,-117.86,33.9,7.2478,299200,<1H OCEAN
239,638,638,256,-119.68,36.63,3.0139,65300,INLAND
442,1414,1414,437,-118.08,33.92,3.7238,166800,<1H OCEAN
1030,2371,2371,1056,-121.37,38.66,2.4574,103300,INLAND
164,420,420,161,-117.09,32.63,1.8417,150000,NEAR OCEAN
228,599,599,228,-121.34,38.58,7.8031,267200,INLAND
1165,2383,2383,1319,-120.66,35.26,2.2656,226200,NEAR OCEAN
736,1460,1460,786,-118.16,33.77,2.875,232500,NEAR OCEAN
1024,1589,1589,1062,-116.98,33.74,1.8446,85700,INLAND
414,1177,1177,423,-123.79,39.44,3.2171,116200,<1H OCEAN
386,1129,1129,424,-121.33,37.98,5.143,176500,INLAND
456,1330,1330,477,-118.47,34.25,4.5417,238900,<1H OCEAN
451,1904,1904,464,-117.74,34.02,3.7454,116400,INLAND
716,1958,1958,814,-117.26,33.08,5.3905,299600,NEAR OCEAN
582,1255,1255,624,-117.09,32.76,2.5909,159100,NEAR OCEAN
477,1408,1408,405,-117.63,33.47,6.3369,256000,NEAR OCEAN
291,779,779,307,-118.13,33.82,4.3056,228600,<1H OCEAN
212,539,539,238,-124.15,40.59,2.0938,79600,NEAR OCEAN
359,1074,1074,390,-117.31,34.35,5.0198,151900,INLAND
136,323,323,168,-118.93,34.82,3.5,113900,INLAND
387,1119,1119,420,-117.96,33.8,3.4821,231300,<1H OCEAN
632,1236,1236,802,-120.81,35.19,3.7635,336200,NEAR OCEAN
276,799,799,301,-117.18,34.07,2.9485,112500,INLAND
238,610,610,259,-122.19,37.8,4.744,257300,NEAR BAY
594,1317,1317,612,-122.02,37.94,4.125,267100,NEAR BAY
439,853,853,414,-122.19,37.45,5.1032,464600,NEAR OCEAN
328,755,755,289,-118.13,34.11,4.825,351100,<1H OCEAN
421,1161,1161,418,-118.51,34.19,5.3028,229200,<1H OCEAN
127,443,443,132,-120.99,37.61,1.2857,60000,INLAND
380,1062,1062,407,-117.21,32.81,5.5413,302100,NEAR OCEAN
411,1275,1275,433,-122.42,40.6,3.4464,122900,INLAND
945,3378,3378,959,-121.24,37.82,5.1047,157900,INLAND
1697,5102,5102,1946,-116.78,33.0,5.5102,221000,<1H OCEAN
461,1260,1260,460,-122.04,37.34,7.5372,432600,<1H OCEAN
1749,4776,4776,2306,-117.38,33.67,2.2423,132600,<1H OCEAN
565,1335,1335,578,-121.34,38.64,3.8068,161000,INLAND
724,1756,1756,772,-122.14,38.05,3.2891,150600,NEAR BAY
345,787,787,356,-118.27,34.16,3.0114,255500,<1H OCEAN
1497,4188,4188,1615,-118.01,33.87,3.139,185700,<1H OCEAN
1083,3538,3538,1089,-117.95,34.16,6.2654,273800,INLAND
1919,4907,4907,2011,-121.65,36.69,2.7367,160300,<1H OCEAN
88,904,904,87,-122.28,37.8,0.8668,137500,NEAR BAY
359,995,995,373,-118.03,34.13,4.9583,445700,INLAND
365,975,975,373,-122.27,37.89,8.8342,430500,NEAR BAY
745,1293,1293,785,-117.63,33.62,3.7139,196700,<1H OCEAN
417,1088,1088,426,-118.23,34.13,2.975,244500,<1H OCEAN
676,1825,1825,706,-117.12,32.59,2.6724,144500,NEAR OCEAN
171,587,587,205,-122.44,37.73,5.0224,261900,NEAR BAY
485,1284,1284,465,-118.32,34.17,5.1008,247100,<1H OCEAN
363,1153,1153,398,-118.29,33.99,1.9375,112900,<1H OCEAN
528,1558,1558,548,-118.02,34.17,9.4667,500001,INLAND
347,886,886,350,-118.13,33.9,3.4868,208400,<1H OCEAN
363,1128,1128,341,-119.83,36.83,6.9903,141200,INLAND
330,765,765,313,-121.44,38.61,1.8792,63300,INLAND
440,952,952,459,-121.57,39.78,2.0458,105700,INLAND
352,1256,1256,327,-117.69,33.66,8.2953,350500,<1H OCEAN
453,1776,1776,492,-118.26,34.0,1.6221,104200,<1H OCEAN
315,853,853,633,-117.28,34.24,5.2185,128600,INLAND
718,1806,1806,762,-120.98,37.68,3.1848,112800,INLAND
216,455,455,198,-122.03,37.35,7.2779,292900,<1H OCEAN
291,534,534,287,-122.25,37.83,3.1429,231600,NEAR BAY
310,1145,1145,319,-121.85,37.4,5.5968,243200,<1H OCEAN
642,1890,1890,717,-121.85,36.6,2.4864,140400,<1H OCEAN
300,1262,1262,304,-117.94,34.05,3.3409,161200,<1H OCEAN
462,1284,1284,482,-121.59,39.39,2.1776,73800,INLAND
323,1603,1603,358,-118.17,34.01,3.0225,130800,<1H OCEAN
765,2899,2899,772,-117.78,34.07,3.9784,113500,INLAND
596,2007,2007,629,-122.42,37.76,2.5701,266700,NEAR BAY
781,2344,2344,851,-116.94,33.73,3.7175,120000,INLAND
2358,7417,7417,2613,-117.1,33.0,5.9094,261100,<1H OCEAN
425,1564,1564,422,-117.9,34.13,3.1597,133000,<1H OCEAN
562,1459,1459,562,-119.74,34.43,5.0434,340400,NEAR OCEAN
317,850,850,391,-117.66,35.6,2.5812,91700,INLAND
648,2536,2536,649,-118.04,34.07,2.3098,173100,<1H OCEAN
399,1463,1463,374,-117.54,34.11,3.9241,131500,INLAND
2492,6897,6897,2604,-118.42,33.75,8.2831,500001,NEAR OCEAN
75,233,233,81,-119.83,36.71,2.4167,73900,INLAND
319,845,845,317,-117.37,33.2,1.6318,187500,NEAR OCEAN
1036,3723,3723,1176,-118.27,34.06,1.3241,112500,<1H OCEAN
189,1066,1066,163,-117.9,33.74,4.7679,173100,<1H OCEAN
514,1518,1518,550,-122.04,37.38,4.2028,273600,<1H OCEAN
470,1071,1071,493,-121.42,38.54,2.925,94300,INLAND
879,2734,2734,951,-121.31,38.02,2.7981,92100,INLAND
97,936,936,121,-120.64,35.47,2.1154,117200,<1H OCEAN
152,546,546,147,-117.97,33.85,5.1057,170700,<1H OCEAN
174,430,430,174,-121.28,38.67,4.3625,158800,INLAND
203,445,445,220,-119.25,34.3,4.8824,396400,NEAR OCEAN
617,1809,1809,596,-121.54,39.48,1.8047,53800,INLAND
371,999,999,492,-121.33,37.97,2.0043,90800,INLAND
1497,2549,2549,1706,-118.43,34.15,3.2241,295800,<1H OCEAN
228,799,799,211,-117.87,34.11,4.5234,192200,<1H OCEAN
315,477,477,308,-122.66,38.27,2.1696,75000,<1H OCEAN
279,1132,1132,267,-117.2,34.04,5.9915,153200,INLAND
569,2409,2409,575,-121.82,37.35,3.4509,182400,<1H OCEAN
287,827,827,311,-121.07,39.05,3.6087,182100,INLAND
354,969,969,335,-122.31,37.52,7.7364,435800,NEAR OCEAN
275,695,695,294,-119.03,35.35,2.6875,73700,INLAND
301,1126,1126,294,-122.13,37.47,4.983,166700,NEAR BAY
603,1985,1985,626,-118.05,33.86,5.4089,265600,<1H OCEAN
624,1433,1433,702,-118.38,33.8,8.0838,500001,NEAR OCEAN
279,1056,1056,272,-119.74,36.73,2.3269,50800,INLAND
185,500,500,192,-121.99,37.27,7.598,347800,<1H OCEAN
383,891,891,404,-120.39,38.0,3.212,105200,INLAND
477,1375,1375,476,-118.26,34.12,2.7348,209100,<1H OCEAN
413,1215,1215,394,-118.07,34.17,5.5418,326100,INLAND
496,1761,1761,491,-117.72,34.08,3.2481,128800,INLAND
105,181,181,224,-122.7,38.99,2.3558,134700,INLAND
277,836,836,312,-119.76,36.68,1.8355,74200,INLAND
495,1353,1353,519,-119.09,35.3,3.6852,109800,INLAND
500,1034,1034,550,-119.71,36.81,1.6618,69700,INLAND
459,995,995,481,-118.17,34.12,4.2944,354700,<1H OCEAN
385,1033,1033,393,-117.15,34.03,6.5648,237200,INLAND
222,764,764,237,-121.38,38.59,3.0156,103000,INLAND
397,1147,1147,388,-117.8,33.67,8.284,302500,<1H OCEAN
250,709,709,250,-118.15,34.71,3.5625,101400,INLAND
406,1578,1578,423,-118.31,34.05,2.5313,305800,<1H OCEAN
879,2374,2374,962,-122.01,37.39,3.5586,222200,<1H OCEAN
457,1462,1462,462,-117.96,34.06,2.067,167300,<1H OCEAN
413,1807,1807,428,-118.21,33.81,3.0882,160700,NEAR OCEAN
461,1077,1077,455,-120.66,35.27,1.6875,174200,NEAR OCEAN
597,1611,1611,698,-117.31,34.51,2.0243,82300,INLAND
288,424,424,300,-117.33,33.21,2.2882,85800,NEAR OCEAN
871,2670,2670,894,-122.07,37.08,6.0809,270000,NEAR OCEAN
58,184,184,73,-118.21,33.93,2.7679,108900,<1H OCEAN
64,385,385,69,-121.9,37.34,2.619,212500,<1H OCEAN
529,1238,1238,639,-122.26,38.11,2.6708,109700,NEAR BAY
196,699,699,213,-118.25,33.89,2.9643,103200,<1H OCEAN
449,1100,1100,462,-122.6,38.0,4.1098,246600,<1H OCEAN
185,753,753,195,-118.41,34.23,4.5909,179200,<1H OCEAN
505,1409,1409,542,-121.96,38.02,3.016,95300,INLAND
107,247,247,161,-122.31,40.89,2.2583,78800,INLAND
375,1016,1016,359,-121.98,37.31,5.8127,288300,<1H OCEAN
311,953,953,328,-118.32,34.04,2.3526,156300,<1H OCEAN
722,1395,1395,803,-122.55,38.0,3.9265,301100,NEAR BAY
279,826,826,259,-122.2,37.76,1.75,85700,NEAR BAY
754,2952,2952,773,-118.05,33.87,5.8855,313800,<1H OCEAN
683,1888,1888,707,-117.99,33.79,3.2857,213300,<1H OCEAN
443,616,616,479,-118.25,34.15,0.8185,187500,<1H OCEAN
1177,4797,4797,1217,-117.09,32.55,3.9583,144400,NEAR OCEAN
349,757,757,330,-118.35,33.97,3.8056,323800,<1H OCEAN
580,1996,1996,578,-117.68,34.15,6.7813,286300,INLAND
53,113,113,435,-120.3,38.9,0.9227,95500,INLAND
340,1291,1291,369,-118.27,33.79,2.9375,174000,<1H OCEAN
1920,6080,6080,2248,-117.17,34.12,6.2178,173900,INLAND
372,1114,1114,419,-121.91,37.24,4.7279,272000,<1H OCEAN
283,872,872,273,-117.53,33.97,4.0833,141000,INLAND
119,412,412,112,-118.33,33.93,6.0718,156000,<1H OCEAN
197,658,658,226,-120.68,37.47,2.3043,66300,INLAND
699,1123,1123,652,-117.13,33.13,2.082,80000,<1H OCEAN
132,228,228,119,-122.53,37.97,1.9063,200000,NEAR BAY
593,1936,1936,595,-117.14,32.92,4.9706,184700,<1H OCEAN
845,2254,2254,781,-122.24,37.46,6.1043,343500,NEAR OCEAN
691,2065,2065,785,-120.47,35.74,3.7303,162700,<1H OCEAN
236,572,572,240,-122.27,37.9,6.174,358800,NEAR BAY
233,745,745,257,-118.14,33.86,4.625,213400,<1H OCEAN
323,1535,1535,286,-118.16,34.04,2.7026,145000,<1H OCEAN
340,958,958,331,-121.1,37.8,3.3578,149000,INLAND
480,1181,1181,511,-121.09,39.23,2.7813,109200,INLAND
629,1740,1740,642,-121.32,38.7,3.0703,126000,INLAND
330,850,850,308,-118.51,34.2,4.1806,209000,<1H OCEAN
363,1040,1040,364,-120.66,35.5,3.3125,163900,<1H OCEAN
528,1596,1596,515,-121.35,38.03,4.1739,131300,INLAND
843,2428,2428,876,-122.18,37.91,10.9405,500001,NEAR BAY
401,837,837,396,-121.58,39.15,1.9122,55500,INLAND
459,1773,1773,465,-118.13,34.44,4.8295,319100,INLAND
64,149,149,59,-118.6,34.07,4.625,433300,<1H OCEAN
380,1500,1500,397,-118.13,34.13,4.8304,493200,<1H OCEAN
248,693,693,237,-118.1,34.13,9.7912,500001,<1H OCEAN
770,1477,1477,824,-118.39,37.37,1.8325,105800,INLAND
672,1805,1805,682,-122.26,37.48,5.6038,451300,NEAR OCEAN
620,1128,1128,688,-118.18,33.77,1.1483,112500,NEAR OCEAN
193,640,640,196,-117.04,32.98,6.0226,192900,<1H OCEAN
136,406,406,137,-122.25,38.17,4.2955,121300,NEAR BAY
243,610,610,258,-122.2,37.48,3.4427,263500,NEAR BAY
339,872,872,335,-118.4,34.0,4.85,329400,<1H OCEAN
365,911,911,373,-121.7,39.37,1.7885,57000,INLAND
191,615,615,202,-115.56,32.78,4.6154,86200,INLAND
628,1881,1881,635,-119.27,36.32,4.7723,113100,INLAND
559,1186,1186,558,-118.11,34.15,3.6474,184100,<1H OCEAN
505,1339,1339,534,-120.05,36.95,2.2527,65200,INLAND
295,805,805,281,-122.49,37.79,10.7058,500001,NEAR BAY
135,837,837,134,-117.89,33.73,4.0769,163900,<1H OCEAN
375,1109,1109,415,-122.19,37.78,4.3125,164400,NEAR BAY
325,1438,1438,338,-121.88,37.32,2.6607,169300,<1H OCEAN
561,2114,2114,621,-118.18,33.8,2.0579,132700,NEAR OCEAN
684,2398,2398,729,-119.03,34.21,5.3044,319000,<1H OCEAN
264,730,730,248,-117.34,34.08,3.2305,93700,INLAND
548,1033,1033,637,-117.7,33.56,4.1379,183300,<1H OCEAN
380,1100,1100,389,-117.26,34.15,3.5978,88300,INLAND
330,1048,1048,339,-118.14,33.89,4.5735,195500,<1H OCEAN
281,911,911,303,-119.59,36.57,3.5987,131700,INLAND
1293,4983,4983,1422,-118.05,34.08,2.7254,143500,<1H OCEAN
57,182,182,73,-121.25,38.0,2.8958,135000,INLAND
1157,3196,3196,1164,-118.83,34.33,5.4493,242600,<1H OCEAN
377,922,922,369,-118.33,33.97,4.1635,156400,<1H OCEAN
463,2211,2211,445,-120.45,34.96,4.0603,117600,<1H OCEAN
488,1464,1464,493,-122.04,38.28,5.2527,130600,INLAND
351,961,961,370,-119.72,34.42,2.6983,260100,NEAR OCEAN
212,525,525,203,-121.85,36.59,3.3156,186300,<1H OCEAN
512,1738,1738,467,-122.06,37.73,7.0568,412500,NEAR BAY
104,301,301,102,-121.06,38.25,3.6528,200000,INLAND
335,833,833,343,-117.94,33.88,5.3738,365100,<1H OCEAN
561,1933,1933,603,-117.92,34.1,4.0052,160700,<1H OCEAN
492,1158,1158,493,-121.33,38.64,2.4342,119500,INLAND
721,2685,2685,729,-121.87,37.42,5.6965,261100,<1H OCEAN
92,171,171,107,-118.24,34.04,1.0769,112500,<1H OCEAN
997,2699,2699,1016,-122.75,38.54,5.4886,254200,<1H OCEAN
1350,3690,3690,1412,-117.69,34.03,3.4184,162500,INLAND
292,836,836,284,-122.09,37.64,3.9063,184200,NEAR BAY
269,813,813,274,-121.07,38.66,4.6394,173400,INLAND
139,568,568,143,-119.01,35.37,1.7321,84400,INLAND
317,1086,1086,312,-117.98,33.76,4.32,196900,<1H OCEAN
185,551,551,206,-118.35,33.85,5.6426,348200,<1H OCEAN
509,1653,1653,501,-117.55,33.92,4.8167,163300,INLAND
293,696,696,308,-122.14,37.43,8.2664,500001,NEAR BAY
386,1510,1510,394,-121.78,37.33,6.68,359500,<1H OCEAN
145,420,420,136,-122.1,37.19,7.1831,273300,NEAR OCEAN
1057,2554,2554,1209,-117.63,34.1,2.6582,122800,INLAND
353,711,711,394,-122.14,37.73,3.0673,218400,NEAR BAY
403,1189,1189,436,-122.3,37.57,4.7917,276100,NEAR BAY
611,1718,1718,634,-118.03,33.79,4.1548,216600,<1H OCEAN
348,1014,1014,345,-122.71,38.37,5.6018,253000,<1H OCEAN
580,2612,2612,630,-117.48,34.09,3.6394,99200,INLAND
545,1538,1538,529,-121.96,37.53,4.9615,228000,<1H OCEAN
526,1396,1396,568,-118.38,34.18,3.0061,190800,<1H OCEAN
415,965,965,462,-118.06,33.82,4.5833,190900,<1H OCEAN
1777,5247,5247,1796,-116.96,32.85,4.1716,166100,<1H OCEAN
495,1484,1484,507,-117.81,33.78,5.7934,270500,<1H OCEAN
306,799,799,295,-118.31,33.73,5.0874,368500,NEAR OCEAN
316,1347,1347,358,-119.83,36.73,2.4137,62100,INLAND
344,1204,1204,398,-118.18,34.11,2.3984,152200,<1H OCEAN
549,1743,1743,568,-121.31,38.03,3.7413,105300,INLAND
1151,2992,2992,1222,-116.97,33.96,2.4322,112100,INLAND
250,1349,1349,236,-122.25,37.87,1.1696,500001,NEAR BAY
843,2736,2736,906,-116.87,33.94,2.218,73400,INLAND
355,1469,1469,327,-119.58,36.1,1.3967,46500,INLAND
400,1006,1006,390,-121.37,38.58,7.3343,280400,INLAND
1139,3004,3004,1237,-117.07,33.11,3.0054,142300,<1H OCEAN
473,1051,1051,566,-118.26,34.04,2.462,162500,<1H OCEAN
258,721,721,241,-122.16,37.89,8.7589,434500,NEAR BAY
311,1214,1214,363,-117.33,34.13,2.2449,93200,INLAND
73,268,268,70,-118.41,34.0,2.55,271400,<1H OCEAN
160,386,386,174,-118.54,34.17,6.1274,315900,<1H OCEAN
357,945,945,353,-117.19,32.82,4.9219,192900,NEAR OCEAN
651,2223,2223,693,-119.19,34.21,3.8239,208200,NEAR OCEAN
124,355,355,137,-122.5,37.51,8.2364,371800,NEAR OCEAN
352,820,820,349,-117.07,32.8,3.9828,168900,<1H OCEAN
1056,2917,2917,1112,-118.46,34.32,4.1514,194100,<1H OCEAN
251,575,575,257,-118.32,34.08,3.125,380400,<1H OCEAN
250,1016,1016,280,-118.22,33.88,2.125,101900,<1H OCEAN
269,1196,1196,265,-118.43,34.29,3.2095,167000,<1H OCEAN
1113,3244,3244,1130,-118.27,33.87,4.2768,181400,<1H OCEAN
695,2965,2965,664,-119.15,34.25,4.0878,186800,NEAR OCEAN
367,821,821,347,-121.63,39.18,2.0978,134000,INLAND
582,1387,1387,930,-123.04,38.49,2.6161,132500,NEAR OCEAN
728,1924,1924,727,-117.22,32.83,5.4605,190200,NEAR OCEAN
460,1374,1374,503,-122.45,38.28,5.7984,297600,NEAR BAY
1863,4656,4656,2035,-117.67,33.67,5.7797,309200,<1H OCEAN
264,928,928,271,-118.94,34.17,5.5681,235600,<1H OCEAN
350,1044,1044,382,-117.13,32.8,3.9732,174900,NEAR OCEAN
115,530,530,121,-119.78,36.72,2.1458,34400,INLAND
509,1668,1668,532,-118.03,33.83,4.625,229600,<1H OCEAN
248,970,970,250,-118.15,33.97,2.1591,181500,<1H OCEAN
426,1268,1268,453,-118.31,34.06,2.8202,500001,<1H OCEAN
431,1280,1280,426,-122.07,37.68,3.25,218100,NEAR BAY
390,1579,1579,399,-118.3,34.04,2.006,150000,<1H OCEAN
367,839,839,371,-119.81,36.78,3.5972,89900,INLAND
385,1087,1087,372,-121.58,39.51,1.6389,56700,INLAND
403,1231,1231,430,-120.97,37.84,2.883,141900,INLAND
429,1329,1329,440,-121.24,38.66,6.2082,250300,INLAND
580,2095,2095,585,-117.93,33.72,7.6709,319500,<1H OCEAN
461,1236,1236,460,-117.1,32.64,2.5658,134700,NEAR OCEAN
184,505,505,239,-122.94,38.53,3.7143,148800,<1H OCEAN
27,86,86,18,-122.91,39.18,2.0208,72500,INLAND
513,1597,1597,517,-118.62,34.21,6.1074,258600,<1H OCEAN
389,1486,1486,404,-118.21,34.07,2.3859,153100,<1H OCEAN
104,287,287,160,-123.48,40.79,1.9107,79200,INLAND
291,1028,1028,333,-121.9,37.36,2.7333,182500,<1H OCEAN
794,1729,1729,824,-121.08,38.93,2.4278,167700,INLAND
268,729,729,278,-120.95,37.6,2.9821,97400,INLAND
329,868,868,353,-122.43,37.76,3.8261,250000,NEAR BAY
202,499,499,209,-118.17,33.94,4.6389,165500,<1H OCEAN
706,1310,1310,748,-118.47,34.04,4.516,350000,<1H OCEAN
309,828,828,332,-122.33,37.94,4.0526,150800,NEAR BAY
615,1455,1455,603,-122.29,37.52,6.8787,386800,NEAR OCEAN
321,1008,1008,312,-119.82,36.64,2.2466,96000,INLAND
288,906,906,291,-121.33,38.03,4.918,130600,INLAND
759,2569,2569,806,-117.85,33.87,5.6549,301900,<1H OCEAN
1182,2642,2642,1281,-118.28,34.07,2.4632,216700,<1H OCEAN
234,687,687,225,-120.79,37.49,3.4167,160700,INLAND
147,531,531,159,-120.76,37.61,3.2604,87900,INLAND
1501,4439,4439,1521,-116.99,32.81,6.2787,250000,<1H OCEAN
399,870,870,422,-119.34,36.31,2.7,88900,INLAND
463,1412,1412,543,-120.97,37.73,5.7476,248600,INLAND
691,2951,2951,758,-118.18,33.8,1.7689,117600,NEAR OCEAN
308,882,882,288,-118.01,33.96,5.3054,273500,<1H OCEAN
364,909,909,368,-118.36,33.99,4.6406,268900,<1H OCEAN
458,1617,1617,491,-117.06,32.66,3.5066,133400,NEAR OCEAN
770,2693,2693,793,-117.03,33.0,7.7569,387400,<1H OCEAN
1024,2957,2957,1046,-121.01,38.73,4.7276,197500,INLAND
433,1277,1277,444,-116.98,32.71,3.4551,121400,<1H OCEAN
293,856,856,309,-121.86,39.75,3.5046,118300,INLAND
524,1577,1577,518,-118.41,34.21,5.35,210500,<1H OCEAN
314,1111,1111,331,-118.28,34.07,1.9233,207100,<1H OCEAN
251,697,697,270,-118.1,33.84,4.5417,219600,<1H OCEAN
883,2338,2338,906,-122.03,37.34,6.0577,451800,<1H OCEAN
287,1429,1429,311,-117.06,32.57,1.3362,95000,NEAR OCEAN
94,189,189,89,-121.28,38.75,2.108,83800,INLAND
208,894,894,251,-117.14,32.71,1.8456,103100,NEAR OCEAN
260,831,831,254,-121.91,37.68,6.177,262900,<1H OCEAN
625,1545,1545,695,-118.31,33.87,4.7543,296300,<1H OCEAN
249,1312,1312,250,-118.43,34.27,3.024,148000,<1H OCEAN
260,685,685,261,-118.34,34.02,3.1442,130300,<1H OCEAN
711,1679,1679,748,-118.31,33.81,4.1169,362600,<1H OCEAN
270,810,810,291,-118.49,34.05,13.8556,500001,<1H OCEAN
203,531,531,207,-121.33,38.01,5.9191,151900,INLAND
455,1165,1165,492,-121.93,37.32,2.5833,167500,<1H OCEAN
250,880,880,249,-118.26,33.97,1.5962,95700,<1H OCEAN
263,607,607,266,-122.32,37.55,4.8068,369700,NEAR OCEAN
945,2258,2258,1059,-122.48,37.67,2.964,319700,NEAR OCEAN
649,1507,1507,665,-119.77,36.8,2.9244,84600,INLAND
986,2496,2496,1036,-122.04,37.34,3.6991,271500,<1H OCEAN
902,2565,2565,931,-117.08,33.01,6.1949,238700,<1H OCEAN
424,918,918,428,-117.03,32.77,2.875,161200,<1H OCEAN
978,3538,3538,1001,-118.02,34.04,5.065,215400,<1H OCEAN
432,1698,1698,448,-118.25,34.02,1.6302,130700,<1H OCEAN
846,2440,2440,874,-122.37,37.56,11.6833,500001,NEAR OCEAN
345,1301,1301,406,-121.2,37.6,2.3173,86500,INLAND
362,903,903,335,-122.26,37.9,7.8336,371300,NEAR BAY
409,1356,1356,453,-121.83,37.29,4.5943,123500,<1H OCEAN
247,750,750,289,-117.1,33.56,4.3833,307600,<1H OCEAN
1444,2805,2805,1559,-117.19,34.06,2.5643,102700,INLAND
847,2240,2240,895,-122.23,38.1,2.4201,92800,NEAR BAY
363,994,994,386,-118.41,34.03,3.7277,500001,<1H OCEAN
810,2587,2587,895,-122.09,39.13,2.331,65500,INLAND
293,855,855,301,-117.92,33.83,3.6042,166400,<1H OCEAN
386,1359,1359,443,-118.29,33.75,2.5795,192400,NEAR OCEAN
384,1167,1167,365,-121.55,39.09,1.4958,53400,INLAND
738,2050,2050,820,-121.26,37.98,2.1265,55700,INLAND
455,686,686,523,-118.42,33.9,5.5347,500001,<1H OCEAN
172,547,547,182,-122.7,38.44,2.1912,165000,<1H OCEAN
403,815,815,518,-117.34,33.06,4.3182,357100,NEAR OCEAN
157,396,396,236,-122.18,37.77,2.0786,97500,NEAR BAY
340,973,973,359,-122.48,38.54,4.2096,256600,INLAND
497,1219,1219,474,-118.37,33.88,5.9619,335900,<1H OCEAN
597,1480,1480,663,-118.28,34.09,2.3333,196500,<1H OCEAN
1124,4014,4014,1255,-117.9,33.97,5.4155,213200,<1H OCEAN
635,2268,2268,685,-121.28,37.94,1.8814,57700,INLAND
465,1407,1407,472,-118.09,33.96,2.7647,163000,<1H OCEAN
219,683,683,230,-118.36,33.85,4.8906,334400,<1H OCEAN
312,1055,1055,340,-119.64,36.36,5.2134,97400,INLAND
691,1769,1769,708,-117.78,33.86,4.1064,246100,<1H OCEAN
337,821,821,368,-118.15,35.04,2.16,56800,INLAND
362,952,952,369,-118.42,34.01,3.099,335400,<1H OCEAN
186,733,733,194,-115.54,32.79,1.6607,56100,INLAND
267,1180,1180,312,-120.41,36.77,1.947,68900,INLAND
380,1004,1004,430,-117.65,33.6,5.133,316100,<1H OCEAN
230,1165,1165,239,-118.04,33.93,3.1979,161800,<1H OCEAN
383,1420,1420,380,-121.83,37.27,6.6712,311500,<1H OCEAN
335,1026,1026,409,-122.27,37.84,1.7969,110400,NEAR BAY
446,1567,1567,461,-118.75,34.27,5.5983,233300,<1H OCEAN
1581,4737,4737,1664,-122.38,37.73,1.4133,203400,NEAR BAY
829,1888,1888,886,-118.24,34.21,3.5777,245600,<1H OCEAN
429,1849,1849,394,-117.07,32.77,3.5446,185500,NEAR OCEAN
525,1404,1404,654,-121.3,38.03,2.505,95000,INLAND
72,188,188,78,-122.72,40.17,1.3889,87500,INLAND
633,1961,1961,692,-118.53,34.19,2.625,192300,<1H OCEAN
177,444,444,184,-118.1,33.81,3.7031,245300,<1H OCEAN
1453,3517,3517,1470,-121.39,38.56,4.3644,137400,INLAND
176,374,374,185,-122.23,37.76,4.1458,248500,NEAR BAY
333,982,982,359,-118.31,33.99,2.0915,126600,<1H OCEAN
308,1024,1024,334,-119.67,36.83,5.0864,113700,INLAND
753,2663,2663,804,-117.89,33.71,4.5814,233300,<1H OCEAN
586,1399,1399,578,-122.32,40.71,2.4036,105400,INLAND
249,389,389,262,-117.16,32.74,2.6042,225000,NEAR OCEAN
597,1527,1527,631,-119.02,35.44,4.0125,84400,INLAND
769,2135,2135,844,-118.16,33.79,2.875,164000,NEAR OCEAN
390,1784,1784,397,-117.03,32.69,4.5662,175500,NEAR OCEAN
359,990,990,366,-124.17,40.77,2.2227,81300,NEAR OCEAN
480,2282,2282,519,-118.18,33.92,3.2734,136400,<1H OCEAN
334,893,893,408,-121.5,39.83,1.6948,87500,INLAND
243,578,578,255,-122.24,38.12,4.0114,166900,NEAR BAY
361,918,918,371,-118.38,33.87,6.9021,337600,<1H OCEAN
14,29,29,85,-116.5,33.82,2.1042,87500,INLAND
217,622,622,274,-120.36,36.14,1.8264,62000,INLAND
237,677,677,250,-122.62,38.25,4.0962,170200,<1H OCEAN
762,2962,2962,768,-121.84,37.35,2.2031,164000,<1H OCEAN
180,647,647,179,-118.8,34.15,6.8474,356700,NEAR OCEAN
592,2623,2623,607,-117.65,34.04,2.5048,100000,INLAND
465,1425,1425,520,-118.42,37.36,1.7388,54400,INLAND
150,356,356,144,-121.38,38.62,3.5625,115300,INLAND
553,974,974,568,-121.87,37.29,2.3715,228000,<1H OCEAN
448,1143,1143,476,-118.48,34.03,2.8981,353600,<1H OCEAN
335,979,979,345,-122.63,38.34,5.1966,325400,<1H OCEAN
507,1538,1538,499,-117.22,34.12,2.809,82500,INLAND
256,582,582,243,-122.19,37.79,2.9514,198100,NEAR BAY
225,598,598,245,-122.55,37.59,4.1827,345500,NEAR OCEAN
663,1715,1715,658,-117.26,34.16,3.7125,98000,INLAND
321,926,926,370,-121.97,37.35,4.2273,269900,<1H OCEAN
533,1507,1507,515,-122.64,38.25,3.8,162600,<1H OCEAN
187,588,588,195,-120.85,35.37,2.8173,226900,NEAR OCEAN
503,2105,2105,562,-118.22,34.08,1.9704,152100,<1H OCEAN
551,1638,1638,541,-119.17,34.26,6.1885,267300,NEAR OCEAN
252,638,638,267,-122.01,37.98,4.0507,161000,NEAR BAY
472,1703,1703,518,-118.07,33.86,3.7091,225900,<1H OCEAN
244,1203,1203,258,-118.22,33.94,2.5938,115400,<1H OCEAN
299,885,885,325,-118.0,33.84,4.0039,195100,<1H OCEAN
466,1143,1143,504,-118.79,34.14,5.8548,500001,NEAR OCEAN
326,831,831,337,-117.65,34.1,3.0284,115800,INLAND
707,2085,2085,718,-121.71,37.99,3.3558,129700,INLAND
418,1233,1233,397,-122.32,38.0,4.0437,162800,NEAR BAY
495,1639,1639,492,-117.7,33.62,5.0686,225600,<1H OCEAN
964,3004,3004,959,-122.44,37.63,4.7625,281300,NEAR OCEAN
361,1035,1035,362,-121.25,38.05,3.5735,106800,INLAND
242,817,817,212,-118.68,34.27,5.477,209100,<1H OCEAN
363,1055,1055,366,-117.69,34.05,4.3264,128900,INLAND
256,645,645,256,-118.13,33.86,4.4,209500,<1H OCEAN
314,640,640,338,-117.28,32.84,2.9306,360300,NEAR OCEAN
14,66,66,8,-117.99,33.81,4.1667,162500,<1H OCEAN
335,1018,1018,335,-122.22,37.82,13.499,500001,NEAR BAY
115,335,335,697,-119.21,37.25,4.1838,85600,INLAND
105,272,272,120,-122.94,39.1,2.8906,140600,INLAND
115,275,275,115,-120.89,37.54,2.2679,250000,INLAND
257,734,734,299,-118.42,34.0,3.2708,325000,<1H OCEAN
1466,3571,3571,1588,-121.92,37.49,5.1643,193100,<1H OCEAN
478,1781,1781,489,-122.42,37.71,3.6827,215300,NEAR BAY
114,392,392,112,-119.69,34.42,2.5978,258300,<1H OCEAN
245,1067,1067,330,-121.27,37.56,2.8558,100000,INLAND
1339,3386,3386,1375,-121.98,37.54,3.1326,220800,<1H OCEAN
438,1173,1173,471,-122.18,37.77,3.2552,120100,NEAR BAY
471,1322,1322,484,-118.14,33.84,4.933,228900,<1H OCEAN
617,1747,1747,659,-118.15,33.87,3.3713,198200,<1H OCEAN
413,1041,1041,426,-118.97,35.38,1.375,57500,INLAND
836,2521,2521,862,-118.3,33.94,2.5679,114900,<1H OCEAN
414,1031,1031,434,-118.51,34.2,4.0924,188400,<1H OCEAN
445,1292,1292,469,-117.11,32.75,2.0893,101100,NEAR OCEAN
724,2324,2324,765,-118.35,33.95,3.0519,137500,<1H OCEAN
424,1166,1166,412,-122.47,37.78,4.0652,421300,NEAR BAY
303,782,782,308,-118.44,33.99,4.3333,303900,<1H OCEAN
653,1521,1521,690,-118.63,34.11,5.8735,448100,<1H OCEAN
303,1326,1326,288,-117.7,34.07,3.7969,128400,INLAND
230,702,702,243,-119.92,36.77,3.6204,119800,INLAND
999,2803,2803,1028,-118.55,34.38,6.3002,282900,<1H OCEAN
580,1837,1837,646,-118.7,34.28,4.4964,238300,<1H OCEAN
1131,2667,2667,1264,-118.45,34.06,2.2444,500000,<1H OCEAN
262,662,662,256,-122.05,37.37,5.6533,291400,<1H OCEAN
269,871,871,296,-118.4,34.03,8.1484,500001,<1H OCEAN
291,863,863,296,-118.32,33.94,3.1563,186200,<1H OCEAN
480,1378,1378,541,-122.04,37.99,3.8897,139900,NEAR BAY
1339,2966,2966,1544,-117.88,33.7,3.4835,116700,<1H OCEAN
426,815,815,498,-117.58,33.65,3.375,500001,<1H OCEAN
1138,4168,4168,1225,-121.57,37.0,4.5714,260300,INLAND
772,2127,2127,826,-117.1,34.03,2.5172,96000,INLAND
275,931,931,270,-118.08,33.88,5.1645,244900,<1H OCEAN
3595,6270,6270,3984,-118.43,33.96,5.1064,283200,<1H OCEAN
192,681,681,251,-117.23,33.83,4.0833,100000,INLAND
365,903,903,413,-122.03,37.25,7.8711,500001,<1H OCEAN
560,1372,1372,636,-121.51,38.58,1.2542,76000,INLAND
509,1463,1463,529,-116.93,32.83,3.944,172500,<1H OCEAN
411,1051,1051,414,-119.04,35.36,1.8362,66900,INLAND
201,569,569,204,-118.14,33.91,4.475,182300,<1H OCEAN
554,1513,1513,571,-118.31,34.05,2.1162,229200,<1H OCEAN
876,1676,1676,1008,-118.38,34.06,2.7824,450000,<1H OCEAN
510,1592,1592,532,-117.92,33.85,2.3704,166100,<1H OCEAN
362,1406,1406,397,-118.27,33.94,1.449,93100,<1H OCEAN
306,872,872,312,-124.14,40.8,2.5,72600,NEAR OCEAN
236,1034,1034,262,-118.25,34.01,1.2857,99300,<1H OCEAN
501,1962,1962,511,-118.16,34.02,1.8715,139600,<1H OCEAN
535,1303,1303,542,-122.23,37.76,5.1039,273800,NEAR BAY
510,1128,1128,537,-121.3,37.97,4.061,113600,INLAND
534,1970,1970,628,-117.71,34.06,1.4722,91300,INLAND
259,606,606,254,-117.08,32.76,3.0833,155400,NEAR OCEAN
611,1684,1684,659,-120.85,37.78,3.3169,131200,INLAND
1055,3067,3067,1185,-117.68,34.08,3.3482,137300,INLAND
348,866,866,359,-117.87,33.61,7.79,500001,<1H OCEAN
365,1143,1143,380,-121.89,37.35,3.2083,181900,<1H OCEAN
542,1318,1318,549,-118.48,34.07,12.8665,500001,<1H OCEAN
270,719,719,224,-118.56,34.18,4.8264,251000,<1H OCEAN
918,1933,1933,954,-121.43,38.58,3.9167,155700,INLAND
172,451,451,161,-118.4,33.97,5.6169,411200,<1H OCEAN
351,933,933,346,-122.05,37.33,5.3167,416300,<1H OCEAN
522,1535,1535,591,-117.8,34.02,5.0869,230600,<1H OCEAN
252,735,735,265,-122.47,37.74,8.1189,500001,NEAR BAY
503,1100,1100,576,-121.43,38.61,2.1694,95700,INLAND
364,1327,1327,351,-117.88,34.12,4.1836,164300,<1H OCEAN
346,1180,1180,350,-117.8,33.83,11.1228,500001,<1H OCEAN
278,832,832,278,-121.14,38.82,5.07,233000,INLAND
483,1224,1224,491,-122.44,37.79,4.0882,468800,NEAR BAY
736,2792,2792,783,-119.17,34.18,2.9118,172400,NEAR OCEAN
519,1209,1209,533,-122.18,37.7,4.0268,205500,NEAR BAY
950,2814,2814,1045,-118.63,34.2,6.7785,336100,<1H OCEAN
718,1275,1275,779,-117.87,33.6,4.498,482900,<1H OCEAN
566,1806,1806,570,-121.85,38.0,4.2647,133400,INLAND
152,338,338,282,-119.78,38.69,2.45,117600,INLAND
310,1293,1293,332,-118.04,33.93,4.3849,144100,<1H OCEAN
407,1010,1010,407,-122.24,37.48,6.2154,362700,NEAR OCEAN
595,1720,1720,629,-117.21,34.51,5.086,148400,INLAND
435,1681,1681,415,-117.33,34.09,2.9292,84500,INLAND
427,1325,1325,408,-117.26,33.21,3.0197,136000,<1H OCEAN
159,523,523,144,-121.13,37.74,2.4598,97100,INLAND
368,838,838,357,-121.4,38.56,7.143,327800,INLAND
250,661,661,358,-120.57,38.35,2.2604,84800,INLAND
608,1431,1431,820,-114.55,32.8,1.275,56100,INLAND
359,1098,1098,363,-117.86,34.14,6.2089,283400,INLAND
372,1149,1149,381,-120.43,34.88,5.0113,158600,<1H OCEAN
526,1319,1319,641,-120.9,38.2,2.0472,93200,INLAND
141,1722,1722,159,-122.08,37.84,11.7064,500001,NEAR BAY
838,1606,1606,993,-121.96,37.55,4.1387,162500,<1H OCEAN
158,325,325,177,-121.0,37.64,1.1875,90600,INLAND
698,1606,1606,707,-121.96,37.99,2.9591,210100,INLAND
916,2761,2761,926,-122.45,37.66,4.7755,280700,NEAR OCEAN
755,1240,1240,864,-121.44,38.6,2.8231,137500,INLAND
1929,4762,4762,2181,-117.67,33.66,4.7341,237400,<1H OCEAN
291,1267,1267,294,-121.82,37.31,5.5145,219400,<1H OCEAN
1447,2518,2518,1481,-122.33,37.58,3.4836,287900,NEAR OCEAN
315,1083,1083,345,-122.45,37.72,4.475,221200,NEAR BAY
363,728,728,404,-118.36,34.05,3.3824,322600,<1H OCEAN
230,613,613,209,-121.42,38.6,3.8672,111400,INLAND
510,1082,1082,519,-118.27,34.1,6.4459,421600,<1H OCEAN
284,662,662,290,-119.71,36.81,2.0536,55000,INLAND
701,1812,1812,708,-122.41,38.07,6.0433,435900,NEAR BAY
277,1062,1062,284,-118.07,34.07,3.5156,199300,<1H OCEAN
363,875,875,426,-122.27,37.85,1.5817,153600,NEAR BAY
343,712,712,347,-122.65,38.23,3.1711,200800,<1H OCEAN
354,1261,1261,392,-120.16,37.12,1.9073,79200,INLAND
327,1357,1357,362,-118.29,33.95,2.0917,99300,<1H OCEAN
307,917,917,316,-118.49,34.24,6.0965,262300,<1H OCEAN
243,745,745,244,-117.3,34.09,2.1842,75200,INLAND
1120,4253,4253,1233,-118.94,34.24,8.9063,500001,<1H OCEAN
266,731,731,262,-119.06,34.38,3.9464,230300,<1H OCEAN
415,747,747,420,-117.13,32.76,2.375,154400,NEAR OCEAN
643,2204,2204,624,-118.04,33.81,5.8527,241000,<1H OCEAN
587,1255,1255,610,-122.07,37.66,2.6719,161200,NEAR BAY
437,1217,1217,451,-121.89,39.71,3.7007,139200,INLAND
315,733,733,327,-118.31,34.26,3.0583,160300,<1H OCEAN
312,1462,1462,331,-117.96,34.03,3.9803,152600,<1H OCEAN
172,458,458,166,-122.72,38.44,3.1797,140400,<1H OCEAN
369,1990,1990,373,-118.43,34.26,3.5104,140900,<1H OCEAN
119,343,343,142,-122.27,38.68,3.1563,98400,INLAND
174,620,620,181,-119.63,36.64,3.4107,110400,INLAND
130,372,372,150,-118.41,34.16,4.1875,275000,<1H OCEAN
264,654,654,269,-118.45,33.99,4.5673,343100,<1H OCEAN
525,1670,1670,526,-118.17,33.85,3.07,173000,<1H OCEAN
487,1019,1019,542,-118.48,34.02,2.7072,375000,<1H OCEAN
266,753,753,280,-119.45,36.58,3.7813,87300,INLAND
179,544,544,213,-121.79,37.03,3.934,228600,<1H OCEAN
193,435,435,199,-118.24,34.06,1.1979,350000,<1H OCEAN
284,611,611,266,-117.15,32.78,5.25,205100,NEAR OCEAN
388,919,919,471,-116.47,33.94,3.2578,85200,INLAND
187,434,434,419,-124.25,40.28,1.9417,76100,NEAR OCEAN
246,764,764,227,-119.79,36.29,4.2917,104200,INLAND
621,1486,1486,632,-121.49,38.55,5.0359,224100,INLAND
381,1131,1131,411,-117.93,33.83,2.4942,186300,<1H OCEAN
132,545,545,180,-117.14,32.7,1.8008,86500,NEAR OCEAN
363,1379,1379,357,-118.09,34.05,3.5357,199000,<1H OCEAN
376,1224,1224,387,-121.91,37.42,4.1389,174100,<1H OCEAN
446,1216,1216,463,-118.35,33.86,3.9732,281500,<1H OCEAN
344,905,905,361,-118.29,33.74,2.75,238300,NEAR OCEAN
300,861,861,320,-121.7,37.94,2.8828,131100,INLAND
1088,3148,3148,1106,-123.22,39.28,3.1455,142900,<1H OCEAN
1072,2728,2728,1138,-117.66,35.62,4.15,85700,INLAND
96,470,470,103,-118.28,34.02,1.9375,38800,<1H OCEAN
477,1429,1429,457,-122.5,37.75,4.0217,272400,NEAR OCEAN
309,1195,1195,335,-118.1,33.96,4.1711,160100,<1H OCEAN
839,3041,3041,810,-117.64,33.61,5.826,247900,<1H OCEAN
778,2410,2410,828,-122.48,37.73,3.1359,350000,NEAR OCEAN
1268,3169,3169,1357,-122.28,37.54,3.9699,293200,NEAR OCEAN
321,905,905,379,-120.2,39.33,3.7841,109500,INLAND
378,849,849,387,-119.32,36.32,4.3816,88600,INLAND
798,1297,1297,942,-122.43,37.81,4.6781,500001,NEAR BAY
89,224,224,206,-122.68,41.15,3.631,90400,INLAND
262,659,659,262,-122.31,37.52,6.8336,457200,NEAR OCEAN
405,1017,1017,395,-117.07,32.8,5.1488,181000,<1H OCEAN
357,1286,1286,392,-117.13,32.7,1.4632,80200,NEAR OCEAN
538,1287,1287,617,-122.12,37.7,2.9922,179900,NEAR BAY
172,403,403,188,-122.28,37.88,3.2344,245500,NEAR BAY
1125,2701,2701,1187,-117.68,33.63,3.929,143100,<1H OCEAN
463,1099,1099,482,-120.81,38.74,2.3314,121600,INLAND
119,583,583,107,-118.22,33.9,1.9423,98400,<1H OCEAN
317,974,974,386,-117.38,33.2,1.3903,184400,NEAR OCEAN
283,3424,3424,397,-115.22,33.54,1.625,53500,INLAND
540,1267,1267,595,-122.11,37.42,6.4949,417800,NEAR BAY
642,2482,2482,572,-117.46,34.07,2.9973,113400,INLAND
219,706,706,223,-121.92,37.68,7.2211,291900,<1H OCEAN
5,9,9,4,-120.85,37.75,1.625,85000,INLAND
236,656,656,222,-124.18,40.78,2.5096,72200,NEAR OCEAN
159,451,451,198,-121.83,39.1,3.2917,97900,INLAND
386,1035,1035,437,-122.66,38.47,3.7617,172600,<1H OCEAN
403,1306,1306,396,-118.09,33.95,4.5,166600,<1H OCEAN
426,795,795,425,-118.43,34.15,2.8448,360600,<1H OCEAN
697,1613,1613,754,-118.04,33.99,3.2359,198600,<1H OCEAN
530,1715,1715,578,-118.08,34.09,2.9196,208800,<1H OCEAN
1752,3390,3390,1866,-118.41,34.02,3.0965,320000,<1H OCEAN
293,911,911,298,-117.74,34.08,3.4398,134300,INLAND
986,1512,1512,1014,-122.06,37.86,4.4551,252400,NEAR BAY
387,1659,1659,399,-118.08,33.96,4.0096,165000,<1H OCEAN
568,1749,1749,568,-119.05,36.09,4.0217,99200,INLAND
196,503,503,201,-118.37,33.93,4.4861,246300,<1H OCEAN
532,1948,1948,515,-118.43,34.32,4.233,157400,<1H OCEAN
619,1627,1627,648,-117.02,34.03,4.2361,191600,INLAND
304,937,937,333,-118.06,33.8,3.6217,195300,<1H OCEAN
521,1543,1543,545,-117.87,33.79,4.192,219900,<1H OCEAN
458,1323,1323,453,-118.32,33.89,4.2813,210100,<1H OCEAN
141,505,505,159,-121.12,38.0,3.4265,158900,INLAND
227,597,597,229,-118.32,34.1,1.5284,200000,<1H OCEAN
293,883,883,302,-118.19,34.13,3.1287,198000,<1H OCEAN
626,1541,1541,632,-122.51,37.99,5.5791,433300,NEAR BAY
240,633,633,245,-119.81,36.78,2.0324,55500,INLAND
93,229,229,93,-122.13,37.75,5.3602,330000,NEAR BAY
339,1021,1021,356,-117.96,33.81,4.4663,183900,<1H OCEAN
580,1406,1406,703,-117.38,33.97,2.6895,150000,INLAND
254,719,719,261,-117.78,33.76,11.4537,500001,<1H OCEAN
262,624,624,326,-114.57,33.57,1.925,65500,INLAND
427,1015,1015,464,-122.23,37.46,4.2232,363700,NEAR OCEAN
1243,2487,2487,1384,-119.71,36.77,2.1461,75900,INLAND
184,710,710,219,-118.32,33.92,4.8304,152800,<1H OCEAN
537,1856,1856,509,-121.79,36.93,3.1815,189100,<1H OCEAN
422,1338,1338,407,-119.25,34.27,4.7727,219000,NEAR OCEAN
233,731,731,253,-118.17,34.66,5.7049,173200,INLAND
329,989,989,360,-118.02,34.12,6.1536,366000,INLAND
402,1622,1622,444,-118.3,33.95,2.2031,96900,<1H OCEAN
404,1283,1283,361,-118.01,34.09,3.1944,181700,INLAND
276,567,567,296,-122.83,38.96,1.8692,93800,INLAND
430,947,947,433,-122.34,37.94,3.942,143300,NEAR BAY
413,1183,1183,425,-118.13,33.86,5.1805,201600,<1H OCEAN
337,1376,1376,387,-115.52,32.97,1.9911,67500,INLAND
288,1385,1385,271,-118.19,33.9,2.3214,104800,<1H OCEAN
378,863,863,447,-122.28,37.84,1.9274,122300,NEAR BAY
277,756,756,279,-118.42,33.92,5.0594,346000,<1H OCEAN
307,811,811,287,-118.37,34.03,3.3636,140900,<1H OCEAN
242,770,770,246,-117.09,32.72,2.0938,102500,NEAR OCEAN
274,781,781,290,-122.49,38.22,3.5647,251800,NEAR BAY
557,1534,1534,595,-118.33,33.77,9.8214,500001,NEAR OCEAN
221,772,772,246,-119.32,36.2,2.2262,64500,INLAND
671,2261,2261,769,-122.42,37.73,2.888,246400,NEAR BAY
671,2170,2170,713,-119.12,35.37,4.8266,146200,INLAND
536,1767,1767,606,-115.55,32.78,2.8025,84300,INLAND
293,912,912,354,-118.31,34.01,1.7386,109400,<1H OCEAN
333,1106,1106,312,-118.33,33.91,3.3491,181800,<1H OCEAN
315,1303,1303,378,-119.34,36.2,2.0333,54400,INLAND
728,1996,1996,750,-122.26,37.46,7.0001,500001,NEAR OCEAN
264,655,655,366,-122.18,38.49,3.3393,146900,INLAND
353,1158,1158,369,-117.05,32.72,3.4107,117000,NEAR OCEAN
144,729,729,151,-118.28,33.92,3.055,105400,<1H OCEAN
428,1629,1629,449,-118.75,34.27,5.8096,264400,<1H OCEAN
1316,3258,3258,1404,-121.88,37.37,3.5745,333700,<1H OCEAN
57,206,206,81,-115.73,32.8,2.2083,93800,INLAND
737,2606,2606,733,-120.85,37.49,1.9429,76400,INLAND
425,1255,1255,486,-117.34,33.71,3.1513,154300,<1H OCEAN
224,695,695,247,-121.1,38.33,4.1974,157800,INLAND
267,1025,1025,272,-117.12,33.14,4.1641,163600,<1H OCEAN
1412,3993,3993,1538,-118.29,33.81,5.0532,218200,<1H OCEAN
363,1001,1001,362,-122.12,37.88,8.0448,433300,NEAR BAY
483,1145,1145,529,-120.47,37.96,2.006,103000,INLAND
241,700,700,292,-117.97,33.68,5.5105,232100,<1H OCEAN
464,1187,1187,495,-117.8,34.1,6.2456,161700,INLAND
262,1164,1164,274,-118.19,34.04,2.8542,146900,<1H OCEAN
