Households,Population,Total_rooms,Total_bedrooms,Longitude,Latitude,Median_income,Median_house_value,Ocean_proximity
794,1900,1900,1157,-117.13,32.63,8.7991,452396.29,NEAR OCEAN
362,805,805,357,-118.41,34.02,3.3462,300903.03,<1H OCEAN
322,765,765,397,-122.48,38.48,4.6379,299794.0,INLAND
367,1102,1102,347,-122.44,37.72,4.3125,259391.0,NEAR BAY
520,1150,1150,529,-122.68,38.43,3.5885,190222.0,<1H OCEAN
368,829,829,374,-124.15,40.78,3.3984,105738.0,NEAR OCEAN
1404,4319,4319,1373,-122.03,37.55,6.992,385193.09,NEAR BAY
292,761,761,263,-118.48,34.23,6.5268,323132.03,<1H OCEAN
237,693,693,277,-120.27,34.72,3.2569,232344.02,<1H OCEAN
100,307,307,97,-122.04,37.5,3.1696,176889.0,NEAR BAY
379,649,649,394,-122.43,37.79,5.0049,473092.6,NEAR BAY
566,2222,2222,617,-118.46,34.22,2.6299,193386.0,<1H OCEAN
250,637,637,379,-115.84,33.49,2.0347,55243.0,INLAND
154,400,400,150,-122.65,38.4,6.8586,322499.03,<1H OCEAN
7,25,25,9,-117.61,34.02,7.7197,230802.02,INLAND
614,1170,1170,629,-122.43,37.77,3.6894,372244.12,NEAR BAY
414,907,907,443,-118.31,34.13,7.2692,462126.42,<1H OCEAN
139,390,390,159,-120.94,37.7,4.4,175148.0,INLAND
245,976,976,243,-117.95,33.74,5.4485,218614.0,<1H OCEAN
823,2797,2797,825,-117.13,32.94,4.9375,215320.0,<1H OCEAN
424,938,938,448,-121.89,37.3,5.0662,278038.01,<1H OCEAN
297,701,701,330,-122.31,37.56,3.32,314819.02,NEAR OCEAN
567,1227,1227,585,-118.28,34.1,4.0602,306094.0,<1H OCEAN
49,106,106,52,-119.02,35.39,2.0455,83036.0,INLAND
261,718,718,280,-118.02,34.11,4.625,256300.0,INLAND
173,649,649,171,-115.4,32.86,3.3182,87179.0,INLAND
151,406,406,184,-119.8,37.5,3.1771,115412.0,INLAND
391,1056,1056,414,-118.44,34.18,4.375,254654.0,<1H OCEAN
272,673,673,274,-121.96,37.35,5.2019,259338.0,<1H OCEAN
632,1426,1426,689,-121.85,39.74,1.5633,72247.0,INLAND
350,1618,1618,371,-117.99,34.13,2.9605,151653.0,INLAND
337,969,969,302,-121.54,38.54,3.0536,123251.0,INLAND
293,901,901,311,-118.36,33.82,6.2247,347121.01,<1H OCEAN
387,1046,1046,398,-120.31,38.02,3.8203,134692.0,INLAND
747,1373,1373,835,-122.25,37.81,3.225,265745.01,NEAR BAY
286,860,860,266,-117.66,33.61,7.1497,286319.0,<1H OCEAN
87,354,354,74,-118.24,33.93,2.75,105361.0,<1H OCEAN
1019,3785,3785,1106,-121.3,38.0,1.7774,96557.0,INLAND
846,1535,1535,909,-118.4,34.15,3.0398,364499.15,<1H OCEAN
813,2098,2098,817,-121.91,37.28,6.4285,319960.0,<1H OCEAN
159,448,448,161,-121.53,39.52,2.4821,74797.0,INLAND
390,1199,1199,384,-118.86,34.2,4.125,218495.01,<1H OCEAN
1778,4432,4432,2121,-119.74,36.85,3.9032,138886.0,INLAND
186,764,764,227,-119.0,35.36,0.9407,47705.0,INLAND
306,704,704,330,-118.15,34.11,3.7895,259964.0,<1H OCEAN
632,2272,2272,644,-117.11,32.74,2.2,112204.0,NEAR OCEAN
610,2143,2143,618,-117.55,33.88,2.2372,122790.0,INLAND
197,625,625,222,-122.14,39.97,3.1319,90604.0,INLAND
588,2042,2042,574,-117.76,33.7,7.9125,357315.0,<1H OCEAN
368,931,931,390,-122.14,37.73,3.8125,199646.0,NEAR BAY
170,474,474,176,-117.96,33.83,6.1001,260304.03,<1H OCEAN
453,1075,1075,460,-118.46,33.99,4.337,366965.16,<1H OCEAN
444,989,989,451,-122.34,37.94,3.125,140211.0,NEAR BAY
258,652,652,257,-118.14,33.86,4.2062,217001.0,<1H OCEAN
700,2165,2165,747,-122.36,37.54,10.1675,478724.7,NEAR OCEAN
451,1299,1299,452,-122.18,37.76,1.8407,115632.0,NEAR BAY
371,1044,1044,382,-117.64,34.03,4.8281,163676.0,INLAND
424,1207,1207,451,-119.69,36.79,2.7404,73678.0,INLAND
325,1061,1061,369,-122.34,40.63,3.6853,94500.0,INLAND
179,426,426,170,-121.43,37.74,3.0865,129159.0,INLAND
398,957,957,433,-121.98,37.16,5.3468,315179.01,<1H OCEAN
420,911,911,476,-117.41,33.94,2.87,121771.0,INLAND
769,1294,1294,842,-122.43,37.79,3.4375,439318.28,NEAR BAY
370,1039,1039,370,-118.11,33.79,5.7942,301174.01,<1H OCEAN
247,759,759,244,-118.85,34.14,8.7657,485453.76,<1H OCEAN
628,1598,1598,623,-121.96,37.36,3.5199,255199.0,<1H OCEAN
546,1672,1672,601,-118.35,34.04,1.8685,156779.0,<1H OCEAN
1451,3946,3946,1527,-117.94,33.91,5.6441,260545.0,<1H OCEAN
1059,2749,2749,1042,-121.84,37.37,2.3199,165644.0,<1H OCEAN
374,1053,1053,409,-121.31,38.65,5.5,178533.0,INLAND
321,640,640,334,-118.42,34.06,6.871,480689.8,<1H OCEAN
815,1986,1986,839,-122.47,37.95,3.9712,306005.09,NEAR BAY
1036,2866,2866,1216,-120.56,35.07,3.3603,212298.0,<1H OCEAN
1484,2496,2496,1593,-117.16,32.75,2.9112,212040.0,NEAR OCEAN
689,2341,2341,693,-116.96,32.79,2.6087,146458.0,<1H OCEAN
207,487,487,213,-122.49,37.74,3.8333,327089.0,NEAR OCEAN
617,1082,1082,648,-117.23,32.79,3.625,269910.03,NEAR OCEAN
306,905,905,310,-122.27,37.54,8.9083,494540.93,NEAR BAY
252,736,736,268,-118.13,34.01,2.7083,185101.0,<1H OCEAN
426,1267,1267,429,-122.01,37.36,6.6329,344605.01,<1H OCEAN
699,2758,2758,718,-118.07,34.06,2.5985,166480.0,<1H OCEAN
382,1008,1008,438,-121.43,38.62,2.0639,87929.0,INLAND
652,971,971,674,-118.14,34.15,0.8438,261363.19,<1H OCEAN
402,1002,1002,414,-117.9,33.9,4.9743,235977.0,<1H OCEAN
1029,2808,2808,1115,-122.51,38.17,3.6392,236320.0,NEAR BAY
221,316,316,232,-117.32,33.22,2.7417,132589.0,NEAR OCEAN
403,1154,1154,470,-122.5,37.74,4.3611,286151.0,NEAR OCEAN
414,1181,1181,421,-117.99,33.73,3.8365,203513.0,<1H OCEAN
438,1506,1506,472,-122.23,37.78,1.9338,112370.0,NEAR BAY
356,1691,1691,389,-115.49,32.69,1.899,77014.0,INLAND
536,1457,1457,549,-118.09,34.14,5.3377,346056.02,INLAND
500,1536,1536,580,-118.0,33.82,3.2326,197286.0,<1H OCEAN
107,349,349,107,-118.29,34.16,4.3438,265854.0,<1H OCEAN
266,825,825,272,-117.9,34.09,4.125,181344.0,<1H OCEAN
418,2198,2198,438,-122.45,37.78,3.6667,406448.12,NEAR BAY
450,1047,1047,442,-119.72,36.8,2.625,74151.0,INLAND
421,1255,1255,394,-117.92,33.94,4.7813,197038.0,<1H OCEAN
312,1005,1005,317,-115.6,32.87,4.1293,115385.0,INLAND
288,691,691,299,-122.32,37.56,5.549,332766.03,NEAR OCEAN
707,1364,1364,740,-118.27,34.1,5.7778,332210.17,<1H OCEAN
216,763,763,206,-117.97,34.05,3.5179,163875.0,<1H OCEAN
1087,3012,3012,1217,-120.86,37.69,3.0809,128668.0,INLAND
170,709,709,182,-118.09,34.07,3.175,194810.0,<1H OCEAN
340,862,862,349,-117.8,33.68,6.9133,333042.04,<1H OCEAN
545,2237,2237,573,-118.18,33.98,2.3444,159500.0,<1H OCEAN
326,1474,1474,318,-119.54,36.61,1.4937,50949.0,INLAND
603,2830,2830,632,-118.02,34.08,2.3333,161053.0,INLAND
863,2471,2471,893,-118.11,33.9,3.5052,203802.0,<1H OCEAN
266,975,975,253,-121.78,36.92,4.3906,247713.02,<1H OCEAN
754,2486,2486,791,-118.16,34.04,1.5078,159472.0,<1H OCEAN
1219,3645,3645,1269,-122.01,37.91,7.6877,362507.01,NEAR BAY
168,316,316,139,-122.41,37.76,3.0865,292331.1,NEAR BAY
138,479,479,218,-119.31,34.7,3.3438,136507.0,INLAND
446,1151,1151,427,-117.27,34.16,6.2236,203298.0,INLAND
373,1166,1166,377,-118.01,33.78,6.0,271031.0,<1H OCEAN
308,817,817,310,-118.5,34.21,5.5675,276199.0,<1H OCEAN
281,598,598,291,-118.36,33.87,3.9868,252349.0,<1H OCEAN
483,1746,1746,467,-119.18,34.17,3.9331,192142.0,NEAR OCEAN
263,729,729,265,-122.02,37.84,7.7072,356804.04,NEAR BAY
1735,3792,3792,1852,-118.13,33.95,3.1104,213581.0,<1H OCEAN
648,1894,1894,662,-119.75,36.8,2.197,72011.0,INLAND
431,1409,1409,469,-118.31,34.02,2.2981,145628.0,<1H OCEAN
407,1034,1034,426,-117.3,33.07,6.4247,338690.09,NEAR OCEAN
536,1300,1300,579,-121.74,38.55,1.6435,104357.0,INLAND
1224,3704,3704,1279,-121.59,37.02,4.4233,247847.0,INLAND
185,548,548,171,-122.08,37.63,3.7614,176059.0,NEAR BAY
345,879,879,342,-117.12,32.8,3.8125,169936.0,NEAR OCEAN
364,1060,1060,381,-122.7,38.33,3.0078,167207.0,<1H OCEAN
1436,4101,4101,1517,-119.01,35.31,2.1006,74208.0,INLAND
324,1258,1258,328,-121.06,37.86,2.683,101464.0,INLAND
516,1767,1767,588,-118.28,33.73,2.1935,201446.0,NEAR OCEAN
620,2268,2268,637,-120.64,37.38,2.567,91897.0,INLAND
380,883,883,426,-117.1,32.76,4.2813,181253.0,NEAR OCEAN
318,933,933,340,-115.53,32.97,2.4063,73882.0,INLAND
304,689,689,327,-117.14,32.74,3.125,190870.0,NEAR OCEAN
240,607,607,309,-120.76,38.47,3.5,130095.0,INLAND
486,923,923,913,-116.48,33.94,1.8,89575.0,INLAND
553,1753,1753,560,-121.87,37.27,5.0292,244915.01,<1H OCEAN
379,1283,1283,371,-118.72,34.28,5.5955,244009.0,<1H OCEAN
714,2071,2071,751,-121.34,38.03,4.4063,140886.0,INLAND
581,1757,1757,594,-118.52,34.2,4.3571,233416.0,<1H OCEAN
107,185,185,131,-121.91,37.3,3.625,260888.0,<1H OCEAN
163,597,597,166,-118.11,33.91,4.9609,194681.0,<1H OCEAN
365,978,978,356,-117.87,33.77,8.0784,378627.12,<1H OCEAN
168,496,496,181,-117.95,33.82,4.3269,206516.0,<1H OCEAN
158,443,443,213,-124.03,40.45,2.6094,103428.0,<1H OCEAN
189,393,393,195,-122.28,37.86,3.8594,204998.0,NEAR BAY
594,2399,2399,616,-118.16,33.9,2.7339,153787.01,<1H OCEAN
806,2248,2248,794,-118.32,33.74,10.1357,499777.99,NEAR OCEAN
816,1224,1224,938,-118.37,34.08,3.2149,319656.05,<1H OCEAN
345,891,891,349,-122.07,37.33,8.0158,447595.43,<1H OCEAN
340,998,998,350,-119.27,36.39,4.3281,103800.0,INLAND
240,517,517,310,-120.4,38.06,2.6544,110012.0,INLAND
550,1576,1576,570,-117.98,33.77,3.6333,181545.0,<1H OCEAN
394,1193,1193,477,-122.31,37.57,4.6371,370482.22,NEAR OCEAN
308,687,687,273,-117.09,32.98,2.3182,167513.04,<1H OCEAN
309,658,658,329,-117.79,33.56,7.866,377605.23,<1H OCEAN
144,573,573,165,-121.27,37.95,1.7212,63265.0,INLAND
659,1094,1094,903,-117.01,33.75,1.8015,105288.0,INLAND
435,1337,1337,481,-121.62,39.09,3.8534,121836.0,INLAND
545,1546,1546,528,-117.82,34.12,5.27,213735.0,INLAND
923,2662,2662,1032,-117.14,33.12,4.9005,216752.0,<1H OCEAN
374,1171,1171,357,-118.33,33.69,4.7216,337843.01,NEAR OCEAN
659,1740,1740,792,-121.48,38.5,1.3679,93536.0,INLAND
502,1351,1351,525,-120.68,35.48,2.7798,164887.0,<1H OCEAN
2152,5495,5495,2222,-118.8,34.19,8.6499,444571.23,<1H OCEAN
365,1068,1068,479,-120.3,35.1,4.5461,308511.07,<1H OCEAN
237,630,630,238,-122.19,37.76,1.925,91025.0,NEAR BAY
469,1374,1374,493,-118.35,34.05,2.0984,185112.0,<1H OCEAN
181,2862,2862,201,-118.17,34.06,2.1845,144746.01,<1H OCEAN
293,469,469,355,-117.7,33.57,3.6196,246882.07,<1H OCEAN
356,891,891,331,-118.37,33.87,6.5755,364397.04,<1H OCEAN
408,1267,1267,450,-121.0,39.23,4.0426,162822.0,INLAND
638,1325,1325,699,-120.82,35.31,2.5172,207212.0,NEAR OCEAN
333,1077,1077,322,-122.46,40.52,5.2149,195936.0,INLAND
247,921,921,268,-122.41,37.64,4.4464,250618.0,NEAR OCEAN
521,1832,1832,487,-119.03,34.23,5.2773,254613.0,<1H OCEAN
307,905,905,319,-119.73,34.35,4.375,327621.04,NEAR OCEAN
232,946,946,240,-118.1,33.96,4.0357,167929.0,<1H OCEAN
629,2053,2053,718,-122.87,38.68,3.7352,196553.0,<1H OCEAN
367,669,669,391,-122.27,37.88,3.5417,231824.0,NEAR BAY
395,1501,1501,417,-117.47,33.94,3.2311,115250.0,INLAND
228,595,595,225,-118.41,34.19,3.6625,200649.0,<1H OCEAN
675,2221,2221,676,-121.84,37.21,8.3792,450394.03,<1H OCEAN
261,867,867,270,-115.37,32.82,1.9375,64122.0,INLAND
356,754,754,347,-120.99,37.66,2.9137,111778.0,INLAND
335,935,935,330,-122.41,37.74,4.1552,264878.0,NEAR BAY
286,1037,1037,317,-120.75,37.37,2.4964,85258.0,INLAND
500,2077,2077,502,-118.14,34.02,2.6,162879.0,<1H OCEAN
443,1155,1155,458,-118.12,33.81,4.6087,231860.0,<1H OCEAN
2832,7608,7608,2979,-121.35,38.7,3.5802,113167.0,INLAND
315,855,855,464,-117.13,34.39,3.4183,120634.0,INLAND
763,1870,1870,845,-121.32,38.61,2.774,123161.0,INLAND
493,1278,1278,526,-118.28,34.24,4.45,241097.0,<1H OCEAN
244,807,807,226,-121.31,38.67,4.1563,129111.0,INLAND
75,163,163,64,-122.52,37.92,14.5833,479661.78,NEAR BAY
1061,2919,2919,1117,-118.51,34.11,13.947,500001.0,<1H OCEAN
1252,3806,3806,1452,-118.45,34.07,1.3125,289704.0,<1H OCEAN
579,1581,1581,787,-119.16,34.95,3.0882,89507.0,INLAND
234,871,871,238,-117.78,33.88,6.6678,277882.0,<1H OCEAN
281,781,781,263,-117.31,33.16,5.6605,294516.04,NEAR OCEAN
393,1367,1367,418,-118.3,33.95,1.5078,100229.0,<1H OCEAN
441,1661,1661,529,-118.15,34.16,2.2765,156964.0,<1H OCEAN
997,1086,1086,1256,-118.25,34.05,0.8131,279833.07,<1H OCEAN
312,1052,1052,341,-120.41,37.16,2.0809,69816.0,INLAND
27,37,37,24,-122.39,37.74,10.2264,292551.22,NEAR BAY
349,894,894,354,-118.15,33.84,7.6526,382329.14,<1H OCEAN
371,1442,1442,415,-122.41,37.75,4.2891,266530.0,NEAR BAY
1858,4773,4773,2041,-117.33,33.17,4.0791,206947.0,NEAR OCEAN
452,1462,1462,504,-120.45,34.66,4.7875,203316.0,NEAR OCEAN
440,1025,1025,480,-121.29,37.97,1.2962,77227.0,INLAND
972,1914,1914,1010,-121.94,37.31,3.7632,267789.01,<1H OCEAN
156,326,326,131,-118.42,34.03,4.5278,375383.09,<1H OCEAN
199,633,633,228,-120.24,38.01,3.125,111265.0,INLAND
165,447,447,175,-122.18,37.76,3.9063,159706.0,NEAR BAY
312,633,633,459,-122.63,38.96,1.75,72887.0,INLAND
384,1404,1404,390,-117.81,33.81,8.9257,409966.15,<1H OCEAN
33,66,66,48,-118.42,34.2,1.0,243027.08,<1H OCEAN
279,1146,1146,297,-121.8,37.34,5.2088,233783.0,<1H OCEAN
448,1015,1015,674,-122.86,39.08,2.0417,98167.0,INLAND
1742,3276,3276,1744,-122.26,37.86,1.6307,207906.03,NEAR BAY
340,1786,1786,349,-118.26,34.02,2.131,124450.0,<1H OCEAN
263,731,731,269,-122.09,37.7,6.005,262935.0,NEAR BAY
434,1099,1099,505,-117.91,33.66,3.225,218330.0,<1H OCEAN
487,1196,1196,547,-118.06,34.11,3.0854,249476.0,INLAND
353,942,942,358,-118.09,34.16,5.0393,322483.0,INLAND
349,811,811,349,-122.29,37.54,4.9464,329448.04,NEAR OCEAN
411,1370,1370,415,-117.95,34.06,4.6312,183942.0,<1H OCEAN
2207,6187,6187,2704,-118.75,34.18,6.6122,366261.13,NEAR OCEAN
211,691,691,194,-118.09,33.98,3.6875,172602.0,<1H OCEAN
358,1168,1168,374,-118.26,33.97,1.4625,96236.0,<1H OCEAN
308,1030,1030,327,-123.17,39.18,5.9585,295673.0,<1H OCEAN
530,1678,1678,585,-117.34,34.49,3.2941,105276.0,INLAND
580,1345,1345,664,-120.94,40.14,1.5774,76329.0,INLAND
272,857,857,268,-116.92,32.8,3.5586,161013.0,<1H OCEAN
403,718,718,406,-122.68,38.46,2.3929,177917.01,<1H OCEAN
398,1274,1274,387,-118.08,33.95,4.8304,193289.0,<1H OCEAN
243,719,719,260,-117.91,33.83,3.0288,182703.0,<1H OCEAN
453,1557,1557,503,-118.2,34.12,2.9194,176823.0,<1H OCEAN
374,1050,1050,482,-122.51,38.76,4.0435,135664.0,INLAND
562,1606,1606,573,-117.82,34.13,6.1321,281670.01,INLAND
813,1248,1248,847,-122.43,37.79,7.2623,430509.38,NEAR BAY
419,1108,1108,435,-119.04,36.07,2.2277,61606.0,INLAND
447,1230,1230,422,-117.94,34.06,3.6648,182480.0,<1H OCEAN
481,1487,1487,512,-121.38,36.84,3.6354,198629.0,INLAND
498,2031,2031,503,-121.76,36.77,2.3384,144107.0,<1H OCEAN
671,1698,1698,681,-121.35,37.97,3.1406,111072.0,INLAND
322,760,760,350,-121.83,37.02,2.9559,203385.0,<1H OCEAN
560,1454,1454,641,-117.83,33.67,3.7976,234733.0,<1H OCEAN
238,674,674,234,-120.27,37.11,2.6694,105906.0,INLAND
188,565,565,208,-117.08,33.12,1.875,147628.0,<1H OCEAN
366,1888,1888,365,-118.18,33.9,3.5461,147022.0,<1H OCEAN
1025,2470,2470,1085,-118.16,33.78,2.3317,177317.0,NEAR OCEAN
899,2296,2296,894,-118.1,34.17,3.4811,238887.0,INLAND
655,1795,1795,737,-118.18,34.12,2.369,172646.0,<1H OCEAN
375,1117,1117,393,-120.43,34.9,4.1058,171391.0,<1H OCEAN
298,1296,1296,296,-119.43,36.61,2.4219,72891.0,INLAND
252,1153,1153,241,-118.19,33.92,3.305,146292.0,<1H OCEAN
53,147,147,69,-118.12,34.23,3.9583,191186.95,INLAND
228,782,782,221,-117.96,33.71,4.5962,212291.0,<1H OCEAN
522,1247,1247,601,-121.27,38.65,2.9016,114517.0,INLAND
626,1768,1768,715,-121.47,38.13,2.2619,94517.0,INLAND
455,1143,1143,478,-122.49,37.79,6.1407,437507.52,NEAR BAY
668,2033,2033,812,-118.46,35.12,3.2405,94355.0,INLAND
135,443,443,156,-117.57,33.87,2.3333,140434.0,INLAND
186,488,488,184,-122.23,37.8,1.9375,144420.02,NEAR BAY
290,802,802,314,-118.36,33.86,5.0784,309839.0,<1H OCEAN
316,1216,1216,283,-117.71,34.08,2.5972,126639.0,INLAND
269,823,823,237,-117.18,32.84,4.2768,193324.0,NEAR OCEAN
357,1026,1026,379,-117.07,32.63,3.455,143319.0,NEAR OCEAN
201,539,539,217,-123.12,40.54,1.8696,78373.0,INLAND
357,748,748,360,-118.36,34.07,4.7019,466654.31,<1H OCEAN
810,3151,3151,890,-118.46,34.29,3.0526,183323.0,<1H OCEAN
122,416,416,126,-121.97,37.87,13.4883,465157.45,INLAND
299,812,812,345,-119.25,36.32,2.75,81326.0,INLAND
278,729,729,298,-118.32,33.8,3.1648,294329.0,<1H OCEAN
562,1208,1208,605,-121.96,37.24,5.4683,297282.01,<1H OCEAN
56,143,143,63,-120.24,39.67,3.625,147657.0,INLAND
1063,3916,3916,1180,-118.16,33.79,2.4,174101.0,NEAR OCEAN
1327,3409,3409,1589,-119.09,34.24,5.3806,276754.0,<1H OCEAN
667,2144,2144,690,-118.13,34.02,2.3359,168008.0,<1H OCEAN
292,571,571,300,-122.28,37.87,2.2788,153299.0,NEAR BAY
404,1137,1137,416,-117.79,33.68,7.2118,317295.04,<1H OCEAN
267,676,676,269,-122.31,37.53,4.6125,384970.18,NEAR OCEAN
562,1341,1341,598,-117.17,32.69,4.5189,348376.01,NEAR OCEAN
284,740,740,324,-122.08,37.69,2.8512,173876.0,NEAR BAY
138,349,349,130,-117.65,34.06,2.0893,117103.0,INLAND
342,1072,1072,382,-118.04,34.13,6.0878,409002.27,INLAND
508,1763,1763,524,-118.47,34.42,5.2887,225336.02,<1H OCEAN
798,1492,1492,873,-117.24,32.8,2.9258,214035.0,NEAR OCEAN
654,1760,1760,640,-116.98,33.94,3.4545,114769.0,INLAND
358,1156,1156,352,-121.13,36.21,3.1929,156942.0,<1H OCEAN
1235,2930,2930,1249,-122.24,37.73,4.5213,240185.0,NEAR BAY
828,2277,2277,818,-118.15,34.1,3.1211,222450.0,<1H OCEAN
926,2256,2256,1069,-121.38,38.64,2.1472,114090.0,INLAND
401,1883,1883,406,-117.04,32.58,5.0311,161009.0,NEAR OCEAN
291,848,848,286,-122.06,37.65,3.8036,166950.0,NEAR BAY
330,1150,1150,358,-121.65,36.77,4.7969,233866.0,<1H OCEAN
637,2209,2209,652,-117.96,33.67,7.0173,330088.01,<1H OCEAN
411,1050,1050,416,-121.36,38.73,3.141,105370.0,INLAND
666,2466,2466,693,-122.47,37.7,3.6588,251975.0,NEAR OCEAN
438,1603,1603,424,-124.06,40.88,2.5667,95183.0,NEAR OCEAN
159,537,537,162,-119.84,34.44,4.2404,301457.03,NEAR OCEAN
152,560,560,204,-122.29,37.81,1.75,97446.0,NEAR BAY
913,2689,2689,901,-118.29,33.82,3.4375,213033.0,<1H OCEAN
297,780,780,290,-119.09,36.22,3.4306,102988.0,INLAND
441,1308,1308,448,-118.09,33.83,5.9265,306476.0,<1H OCEAN
278,636,636,288,-117.06,32.76,3.2188,158863.0,NEAR OCEAN
559,1777,1777,597,-121.96,37.58,5.7192,251762.0,<1H OCEAN
418,946,946,400,-117.91,33.63,2.7264,233215.0,<1H OCEAN
461,977,977,464,-117.12,32.77,3.125,182589.0,NEAR OCEAN
21,44,44,178,-120.33,39.3,3.0,131634.0,INLAND
380,1005,1005,349,-119.69,36.73,7.2211,221224.0,INLAND
734,1799,1799,881,-121.92,40.52,2.2993,84881.0,INLAND
57,131,131,146,-123.32,40.43,0.4999,87589.97,INLAND
488,1578,1578,517,-118.13,33.93,3.1496,217066.0,<1H OCEAN
567,2450,2450,576,-117.05,32.57,3.1696,129799.0,NEAR OCEAN
3,9,9,10,-116.76,34.14,0.536,182609.07,INLAND
331,1011,1011,332,-121.14,37.48,3.7045,147551.0,INLAND
336,1489,1489,339,-117.66,34.06,1.608,109216.0,INLAND
885,2147,2147,1031,-122.28,41.38,2.8036,112505.0,INLAND
636,1871,1871,674,-118.34,33.76,15.0001,500001.0,NEAR OCEAN
639,1269,1269,682,-122.45,37.77,3.575,412290.28,NEAR BAY
492,1570,1570,528,-119.7,36.81,2.7159,78744.0,INLAND
493,1121,1121,520,-121.73,36.5,5.6383,327219.06,<1H OCEAN
235,738,738,247,-118.46,34.26,5.0947,218234.0,<1H OCEAN
375,1089,1089,396,-118.25,34.22,5.5362,322131.0,<1H OCEAN
577,1234,1234,635,-118.41,34.03,5.1637,433833.33,<1H OCEAN
568,1614,1614,606,-121.82,38.01,3.4722,132409.0,INLAND
2552,7732,7732,2602,-117.95,33.98,5.6716,273770.0,<1H OCEAN
247,1425,1425,308,-119.97,36.57,2.0313,59598.0,INLAND
881,3287,3287,902,-118.27,33.8,4.8508,219545.0,<1H OCEAN
460,1673,1673,457,-117.11,32.71,1.7,85578.0,NEAR OCEAN
622,2634,2634,623,-121.82,37.32,3.135,160065.0,<1H OCEAN
275,909,909,271,-118.06,33.91,4.6731,180995.0,<1H OCEAN
581,1335,1335,609,-120.42,37.98,2.5129,113486.0,INLAND
391,1530,1530,441,-119.76,36.71,1.5611,53119.0,INLAND
627,2357,2357,695,-118.29,33.95,1.9655,108057.0,<1H OCEAN
524,1628,1628,565,-122.41,37.77,2.6083,289222.03,NEAR BAY
419,643,643,494,-117.16,32.75,1.9637,161827.0,NEAR OCEAN
402,1133,1133,432,-123.32,39.42,2.3906,117036.0,<1H OCEAN
251,644,644,245,-122.33,37.56,10.0743,491898.92,NEAR OCEAN
360,746,746,355,-117.23,32.78,4.6293,269262.0,NEAR OCEAN
665,2286,2286,678,-118.05,33.83,5.7018,262723.01,<1H OCEAN
800,1953,1953,833,-118.46,34.02,2.6639,358194.03,<1H OCEAN
395,884,884,415,-121.45,38.53,2.1679,96937.0,INLAND
391,1345,1345,389,-118.16,34.18,1.8932,161308.0,<1H OCEAN
413,1243,1243,441,-118.57,34.18,6.5304,337608.08,<1H OCEAN
762,1657,1657,727,-122.07,37.37,4.8021,325093.16,NEAR BAY
275,826,826,269,-122.06,37.33,8.248,459758.62,<1H OCEAN
244,560,560,270,-121.02,37.09,2.0216,108167.0,INLAND
1141,3678,3678,1263,-118.31,34.09,2.0,264879.04,<1H OCEAN
199,620,620,214,-119.95,36.8,3.4297,106206.0,INLAND
444,1925,1925,512,-119.78,36.75,1.4635,54313.0,INLAND
168,1436,1436,146,-119.12,34.25,3.5625,186160.02,NEAR OCEAN
1285,3845,3845,1311,-117.57,34.02,4.6727,166563.0,INLAND
403,1056,1056,390,-121.67,39.14,3.6111,114517.0,INLAND
377,1172,1172,420,-117.15,34.04,7.5822,274633.0,INLAND
475,1946,1946,489,-121.82,37.28,5.0709,232286.02,<1H OCEAN
1113,3716,3716,1165,-117.6,33.87,4.2721,171111.0,INLAND
367,850,850,384,-117.62,33.43,2.7545,171075.0,NEAR OCEAN
709,1279,1279,775,-122.41,37.8,5.4378,429147.51,NEAR BAY
956,2309,2309,986,-120.67,35.3,2.2165,220204.01,NEAR OCEAN
613,1660,1660,718,-121.3,38.59,2.1116,109169.0,INLAND
369,1558,1558,370,-117.05,32.58,5.3072,176752.0,NEAR OCEAN
539,1524,1524,518,-120.48,34.7,4.3162,181595.0,NEAR OCEAN
479,1304,1304,497,-116.96,33.94,1.4063,74895.0,INLAND
349,973,973,360,-118.27,34.16,3.6587,250481.0,<1H OCEAN
642,2018,2018,675,-121.98,38.37,2.8438,120548.0,INLAND
559,1139,1139,586,-117.87,34.14,2.9375,175979.0,INLAND
776,2959,2959,779,-118.2,33.96,3.1875,160552.0,<1H OCEAN
462,1638,1638,585,-122.36,37.94,1.822,97729.0,NEAR BAY
253,725,725,250,-121.87,37.22,7.6933,367995.03,<1H OCEAN
579,1130,1130,592,-117.33,33.23,2.5872,160255.0,NEAR OCEAN
916,2616,2616,956,-122.01,37.03,5.9039,330510.03,NEAR OCEAN
517,813,813,1130,-122.01,37.4,3.7614,254347.06,<1H OCEAN
203,1197,1197,200,-118.42,34.28,3.2865,141904.0,<1H OCEAN
562,1051,1051,566,-122.43,37.76,2.8458,396135.01,NEAR BAY
739,1939,1939,804,-116.95,33.78,1.7303,86080.0,INLAND
1100,3918,3918,1241,-121.54,36.7,3.525,203836.0,<1H OCEAN
333,642,642,319,-121.02,39.23,1.4241,126206.0,INLAND
380,992,992,361,-124.17,40.76,2.8056,88088.0,NEAR OCEAN
568,1588,1588,624,-118.1,33.86,4.3397,200873.0,<1H OCEAN
228,797,797,231,-119.8,36.73,1.7011,55294.0,INLAND
239,1015,1015,249,-117.94,34.03,4.0521,156688.0,<1H OCEAN
329,814,814,326,-118.35,34.17,4.4408,259216.0,<1H OCEAN
170,443,443,174,-121.29,38.76,6.0097,248355.0,INLAND
453,1210,1210,499,-121.32,38.65,3.0952,114195.0,INLAND
923,1468,1468,905,-118.51,34.03,3.8571,442697.27,<1H OCEAN
1053,2086,2086,1110,-122.25,37.77,2.975,249059.0,NEAR BAY
351,862,862,396,-120.71,38.73,2.9219,131149.0,INLAND
521,2063,2063,566,-118.28,33.97,1.9219,102200.0,<1H OCEAN
703,2037,2037,811,-122.11,37.67,3.0645,184325.0,NEAR BAY
548,1200,1200,662,-117.05,32.77,1.8899,126441.0,NEAR OCEAN
1238,3793,3793,1281,-119.12,34.38,4.075,224163.0,<1H OCEAN
920,2901,2901,971,-117.98,33.78,3.2636,190865.0,<1H OCEAN
625,1441,1441,658,-119.77,36.77,2.0564,68959.0,INLAND
1153,1930,1930,1227,-122.03,37.35,3.5154,310614.08,<1H OCEAN
331,887,887,354,-122.32,37.95,2.5769,130166.0,NEAR BAY
337,1179,1179,375,-118.08,33.93,3.2188,165592.0,<1H OCEAN
695,1693,1693,744,-118.6,34.15,6.14,391888.22,<1H OCEAN
275,799,799,276,-122.44,37.66,4.7639,265764.01,NEAR OCEAN
1257,3093,3093,1374,-118.01,33.83,2.5577,168488.0,<1H OCEAN
386,1054,1054,362,-118.35,33.88,3.2594,240237.0,<1H OCEAN
468,1998,1998,507,-121.01,37.64,1.9013,79916.0,INLAND
440,1182,1182,463,-118.46,34.27,2.6193,190998.0,<1H OCEAN
247,671,671,256,-122.42,37.62,4.4091,266361.0,NEAR OCEAN
418,971,971,481,-118.35,33.86,4.3859,288281.0,<1H OCEAN
658,1938,1938,698,-122.69,38.32,4.6324,238256.0,<1H OCEAN
443,1084,1084,436,-117.2,32.8,4.2417,223333.01,NEAR OCEAN
300,970,970,349,-119.69,36.25,2.395,75058.0,INLAND
756,1314,1314,787,-118.16,33.77,3.8125,309193.07,NEAR OCEAN
632,2510,2510,676,-122.49,37.68,5.3311,280313.0,NEAR OCEAN
323,965,965,311,-117.92,34.08,5.7039,245807.02,<1H OCEAN
347,696,696,441,-117.92,33.63,3.5161,301697.05,<1H OCEAN
1047,4011,4011,1063,-117.92,33.74,4.3882,209786.0,<1H OCEAN
188,454,454,208,-123.1,39.15,3.8333,131814.0,<1H OCEAN
272,1173,1173,259,-118.41,34.25,3.6016,160440.0,<1H OCEAN
317,962,962,339,-122.46,37.72,3.2875,241752.0,NEAR OCEAN
273,549,549,283,-120.07,36.96,1.4511,60340.0,INLAND
1299,3562,3562,1395,-121.77,36.71,3.512,201330.0,<1H OCEAN
376,1639,1639,438,-118.19,33.89,2.0357,125345.0,<1H OCEAN
303,900,900,313,-118.11,34.12,10.6767,500001.0,<1H OCEAN
445,1152,1152,487,-122.47,37.76,5.1893,350454.05,NEAR BAY
420,1888,1888,435,-118.35,33.94,2.8462,164488.0,<1H OCEAN
267,651,651,260,-122.17,37.78,3.6875,166439.0,NEAR BAY
679,1956,1956,719,-120.48,37.3,1.5427,70351.0,INLAND
210,597,597,236,-120.27,37.12,1.7279,71115.0,INLAND
169,233,233,270,-118.56,34.42,1.9667,312303.23,<1H OCEAN
410,912,912,417,-121.43,38.54,2.9769,102670.0,INLAND
371,957,957,358,-122.2,40.26,3.1908,89116.0,INLAND
713,1587,1587,740,-122.47,37.76,2.5933,322350.02,NEAR BAY
272,811,811,267,-117.96,33.8,5.244,218719.0,<1H OCEAN
273,631,631,498,-122.34,41.06,1.8816,73515.0,INLAND
617,1544,1544,633,-118.0,34.15,2.5417,166587.0,INLAND
237,733,733,237,-118.08,33.9,4.2083,168811.0,<1H OCEAN
346,1223,1223,375,-121.87,37.35,3.2793,176665.0,<1H OCEAN
244,848,848,221,-117.93,34.05,4.1731,163803.0,<1H OCEAN
234,434,434,238,-117.06,32.6,1.7472,153142.0,NEAR OCEAN
253,658,658,246,-122.23,37.76,5.75,334285.01,NEAR BAY
445,1586,1586,440,-118.23,34.07,1.9722,168380.0,<1H OCEAN
870,1916,1916,1071,-119.1,35.35,4.0327,102302.0,INLAND
1174,2595,2595,1324,-121.53,38.51,3.1607,138319.0,INLAND
606,1877,1877,614,-117.92,33.79,2.8622,184964.0,<1H OCEAN
373,1648,1648,360,-117.99,34.07,2.4911,140213.0,INLAND
492,1506,1506,536,-117.63,33.5,7.2013,313371.08,<1H OCEAN
454,1175,1175,966,-120.25,38.03,2.9457,123256.0,INLAND
1296,4436,4436,1802,-117.5,34.12,5.285,193545.0,INLAND
348,743,743,373,-122.46,37.79,5.2909,420547.32,NEAR BAY
407,1153,1153,438,-122.45,37.73,5.1238,306197.02,NEAR BAY
419,1570,1570,426,-117.21,34.04,6.2917,199277.0,INLAND
382,1094,1094,424,-118.37,34.04,2.767,228916.02,<1H OCEAN
684,1384,1384,738,-121.83,38.0,1.7161,112792.0,INLAND
163,446,446,175,-121.93,37.26,2.8125,226825.0,<1H OCEAN
49,77,77,78,-121.23,37.94,1.125,69178.99,INLAND
380,1061,1061,415,-119.79,34.4,9.6885,495688.95,NEAR OCEAN
209,454,454,359,-120.15,39.17,2.9125,127250.0,INLAND
329,992,992,353,-116.95,32.96,4.5,165565.0,<1H OCEAN
354,912,912,370,-120.4,38.0,2.6544,115832.0,INLAND
338,706,706,350,-121.33,38.57,2.3684,112609.0,INLAND
408,830,830,457,-122.16,38.05,3.1373,139548.0,NEAR BAY
215,629,629,223,-122.27,37.43,15.0001,500001.0,NEAR OCEAN
623,1401,1401,671,-118.07,34.16,4.125,283886.0,INLAND
744,1816,1816,831,-118.01,34.14,2.8352,197708.0,INLAND
872,3326,3326,908,-122.26,38.0,6.2073,274589.0,NEAR BAY
416,1876,1876,432,-118.24,33.96,2.1078,112720.0,<1H OCEAN
1838,5370,5370,2035,-117.05,33.13,2.3762,141251.0,<1H OCEAN
386,792,792,437,-117.24,32.94,5.2648,259617.03,NEAR OCEAN
1161,2975,2975,1324,-117.21,33.61,3.6273,183856.0,<1H OCEAN
1451,2313,2313,1482,-118.5,34.02,3.3266,395234.17,<1H OCEAN
219,704,704,233,-117.26,32.95,6.9794,393837.2,NEAR OCEAN
312,610,610,337,-122.45,38.51,1.9441,120829.0,INLAND
317,864,864,340,-118.29,33.87,4.381,211222.0,<1H OCEAN
199,851,851,216,-118.17,34.02,2.3077,147243.0,<1H OCEAN
206,749,749,208,-118.26,34.01,1.4653,122631.0,<1H OCEAN
632,2017,2017,629,-121.58,39.12,1.8355,78187.0,INLAND
354,1339,1339,391,-122.18,37.74,2.2467,93734.0,NEAR BAY
134,366,366,132,-122.16,37.71,3.4643,175827.0,NEAR BAY
360,1341,1341,416,-120.1,36.66,1.7,57256.0,INLAND
7,14,14,7,-118.44,34.04,2.1875,339543.17,<1H OCEAN
358,1048,1048,436,-123.15,38.94,2.7171,134071.0,<1H OCEAN
244,995,995,221,-117.23,34.11,2.5875,90165.0,INLAND
1229,3093,3093,1285,-117.12,32.72,3.37,167423.0,NEAR OCEAN
1196,3222,3222,1331,-117.07,32.61,2.1441,140838.0,NEAR OCEAN
578,1754,1754,537,-116.98,32.74,5.1098,188809.0,<1H OCEAN
757,1685,1685,798,-122.93,40.78,2.3667,81066.0,INLAND
490,1390,1390,514,-121.29,38.13,5.0,172480.0,INLAND
1010,2199,2199,1037,-117.04,32.77,2.734,156909.0,<1H OCEAN
83,416,416,159,-120.35,37.31,2.0,80326.0,INLAND
305,1003,1003,313,-122.18,37.72,3.8047,181426.0,NEAR BAY
500,1029,1029,535,-122.09,37.39,3.7318,303134.0,NEAR BAY
572,1604,1604,620,-122.0,37.34,5.2108,324610.0,<1H OCEAN
603,1335,1335,761,-117.26,33.09,4.1667,234224.03,NEAR OCEAN
188,660,660,208,-120.87,41.54,2.2321,58936.0,INLAND
477,1323,1323,454,-117.16,33.73,2.6322,121893.0,INLAND
184,650,650,175,-117.64,33.51,7.2648,330615.06,<1H OCEAN
181,566,566,178,-120.43,37.32,5.2522,183827.0,INLAND
548,1092,1092,582,-119.76,34.44,2.4701,245515.0,NEAR OCEAN
521,1468,1468,518,-118.47,34.32,4.8988,217450.0,<1H OCEAN
634,1649,1649,625,-117.68,33.49,6.3568,330931.07,<1H OCEAN
216,793,793,234,-118.25,33.96,1.6585,101879.0,<1H OCEAN
444,1434,1434,518,-122.5,37.74,3.875,292574.0,NEAR OCEAN
340,911,911,377,-122.3,37.97,3.375,173092.0,NEAR BAY
591,1448,1448,647,-122.47,37.78,3.1392,379415.07,NEAR BAY
864,2672,2672,926,-117.55,33.94,4.4762,166335.0,INLAND
463,1249,1249,492,-117.7,33.65,6.1863,277837.0,<1H OCEAN
341,1210,1210,363,-119.79,36.7,1.3922,52803.0,INLAND
597,1015,1015,660,-117.28,32.84,3.7596,405663.12,NEAR OCEAN
419,749,749,538,-121.92,36.56,2.7039,278588.0,NEAR OCEAN
2194,5005,5005,2355,-118.6,34.23,3.2564,196779.0,<1H OCEAN
373,1031,1031,393,-118.31,33.75,6.287,391454.07,NEAR OCEAN
527,1107,1107,544,-120.66,35.27,2.8009,219059.0,NEAR OCEAN
811,2465,2465,882,-118.09,33.89,3.099,177264.0,<1H OCEAN
236,768,768,238,-119.08,35.34,5.4449,129755.0,INLAND
222,782,782,248,-121.3,38.03,4.0227,142206.0,INLAND
315,601,601,342,-117.18,34.05,2.6129,115707.0,INLAND
209,415,415,214,-118.49,34.05,7.0285,496351.96,<1H OCEAN
825,2184,2184,883,-117.95,33.78,3.9536,205696.0,<1H OCEAN
214,909,909,277,-118.23,33.93,1.7411,98141.01,<1H OCEAN
278,1086,1086,286,-118.25,33.89,2.4632,97614.0,<1H OCEAN
1197,2849,2849,1341,-117.35,33.17,2.478,196584.02,NEAR OCEAN
1083,2186,2186,2007,-116.39,33.69,6.9833,315639.01,INLAND
232,703,703,264,-122.04,36.96,2.5865,226056.0,NEAR OCEAN
314,903,903,355,-118.38,34.3,4.1125,193386.0,<1H OCEAN
83,236,236,91,-121.23,38.09,6.4562,259410.0,INLAND
699,2388,2388,671,-122.26,38.15,4.0515,141863.0,NEAR BAY
438,1005,1005,456,-122.04,38.24,1.9954,110207.0,INLAND
334,825,825,349,-118.1,33.83,4.0603,218136.0,<1H OCEAN
407,1144,1144,446,-122.47,38.34,4.3472,254295.0,<1H OCEAN
707,2468,2468,803,-118.22,34.04,1.5163,158909.0,<1H OCEAN
497,1868,1868,534,-118.31,34.08,2.7038,249905.0,<1H OCEAN
209,536,536,361,-116.56,33.05,4.125,207188.02,INLAND
602,1675,1675,658,-118.32,33.79,3.8287,291805.0,<1H OCEAN
503,1145,1145,509,-121.44,38.54,2.5694,87595.0,INLAND
641,2612,2612,757,-122.04,38.24,1.6875,101480.0,INLAND
400,1074,1074,450,-121.97,38.34,4.0329,140021.0,INLAND
712,1943,1943,689,-117.96,33.65,5.7395,301915.09,<1H OCEAN
550,1042,1042,551,-117.07,32.6,1.9267,127197.0,NEAR OCEAN
387,910,910,476,-116.41,33.74,3.3639,156058.02,INLAND
159,538,538,174,-118.46,34.0,2.3542,321967.03,<1H OCEAN
530,1697,1697,571,-117.41,34.0,1.9052,91397.0,INLAND
881,1999,1999,883,-117.99,33.68,4.7245,267178.01,<1H OCEAN
272,846,846,296,-120.35,36.16,2.7792,82389.0,INLAND
232,720,720,255,-120.91,37.66,2.6523,120976.0,INLAND
328,981,981,352,-118.12,34.14,5.8692,375524.04,<1H OCEAN
710,1559,1559,763,-118.27,34.09,3.9674,250961.0,<1H OCEAN
305,852,852,298,-117.93,33.84,6.0531,263353.0,<1H OCEAN
386,859,859,390,-118.23,34.21,3.4148,279001.0,<1H OCEAN
463,1379,1379,471,-121.2,38.7,4.3214,179675.0,INLAND
454,1646,1646,460,-117.68,33.6,7.2147,295971.03,<1H OCEAN
241,704,704,262,-117.25,32.83,10.9529,499646.98,NEAR OCEAN
278,737,737,317,-119.57,36.1,3.5313,85157.0,INLAND
1482,2764,2764,1599,-122.11,37.41,3.4198,223779.0,NEAR BAY
491,2031,2031,563,-119.76,36.75,1.8641,57304.0,INLAND
564,1841,1841,549,-117.39,34.04,2.8682,104376.0,INLAND
341,1443,1443,318,-118.21,33.94,2.1903,137943.0,<1H OCEAN
311,597,597,412,-117.62,33.42,3.1395,267877.09,NEAR OCEAN
518,1278,1278,764,-123.25,38.54,3.3536,220848.0,NEAR OCEAN
610,1857,1857,588,-122.75,38.41,3.9688,222203.0,<1H OCEAN
907,1690,1690,1109,-122.26,37.53,6.2007,386727.05,NEAR BAY
964,2709,2709,1149,-116.39,34.15,1.9779,76635.0,INLAND
248,955,955,359,-117.05,32.68,3.2174,133462.0,NEAR OCEAN
377,826,826,417,-118.34,34.06,3.5481,404783.14,<1H OCEAN
52,316,316,57,-122.36,37.96,0.716,102167.02,NEAR BAY
853,2560,2560,872,-118.4,34.26,4.2538,194111.0,<1H OCEAN
498,1847,1847,604,-117.74,34.1,2.6779,144137.0,INLAND
732,2006,2006,767,-122.01,37.06,5.1121,314658.0,NEAR OCEAN
161,479,479,188,-122.36,37.94,3.0862,161473.01,NEAR BAY
385,719,719,372,-118.4,33.87,6.435,466500.53,<1H OCEAN
594,1191,1191,590,-122.24,37.49,3.7463,314779.0,NEAR OCEAN
570,1554,1554,567,-119.81,34.45,6.5173,420919.48,NEAR OCEAN
407,1187,1187,457,-117.9,34.14,3.8365,155554.0,<1H OCEAN
210,1007,1007,211,-117.62,34.05,2.8281,113561.0,INLAND
491,1195,1195,575,-118.86,36.41,3.0391,98325.0,INLAND
441,1108,1108,530,-121.95,36.59,5.8505,364731.11,NEAR OCEAN
224,1277,1277,222,-120.47,37.29,1.2054,58946.0,INLAND
244,622,622,236,-117.86,33.85,4.9306,211466.0,<1H OCEAN
656,1391,1391,785,-122.03,36.96,2.5067,228873.01,NEAR OCEAN
506,1215,1215,557,-121.92,37.33,4.7768,285183.0,<1H OCEAN
1220,2237,2237,1358,-118.45,34.16,3.7105,329957.01,<1H OCEAN
278,676,676,301,-120.35,37.98,3.5714,126924.0,INLAND
514,1174,1174,556,-121.71,39.71,3.066,123535.0,INLAND
278,776,776,307,-118.16,35.05,2.5875,73198.0,INLAND
209,933,933,227,-118.18,33.9,2.7292,140206.0,<1H OCEAN
340,1187,1187,386,-118.22,34.1,4.0469,249419.0,<1H OCEAN
296,1063,1063,272,-117.16,32.91,6.0891,263869.0,<1H OCEAN
306,814,814,270,-118.32,33.97,4.3919,170792.0,<1H OCEAN
286,685,685,298,-122.28,37.91,7.3089,364343.06,NEAR BAY
302,831,831,329,-120.99,37.66,2.5938,101539.0,INLAND
316,727,727,335,-117.92,33.62,6.5842,406648.24,<1H OCEAN
115,278,278,118,-122.19,38.09,6.3735,240311.0,NEAR BAY
636,1183,1183,661,-118.38,34.06,3.5556,453611.63,<1H OCEAN
1077,2887,2887,1189,-121.79,39.73,3.0625,119352.0,INLAND
567,1512,1512,576,-121.2,37.8,3.7546,149463.0,INLAND
334,951,951,394,-119.51,34.39,3.233,257390.0,NEAR OCEAN
367,1450,1450,359,-118.27,33.79,2.8462,145007.0,<1H OCEAN
577,1285,1285,655,-122.28,37.52,4.0801,339802.01,NEAR OCEAN
224,404,404,231,-121.93,37.73,3.375,198585.0,<1H OCEAN
488,2080,2080,522,-118.3,34.04,1.7225,161267.0,<1H OCEAN
614,1592,1592,702,-118.15,33.95,2.7875,169001.0,<1H OCEAN
1456,6666,6666,1572,-118.01,34.07,2.9334,173340.0,INLAND
321,810,810,427,-122.87,39.13,1.6369,78747.99,INLAND
266,662,662,279,-120.86,37.77,3.825,143970.0,INLAND
436,1136,1136,493,-122.42,37.77,1.375,164362.0,NEAR BAY
246,907,907,261,-122.18,37.76,1.9479,86481.0,NEAR BAY
620,1212,1212,626,-122.26,37.85,1.9167,186756.0,NEAR BAY
591,1182,1182,651,-117.65,34.07,1.4464,124414.0,INLAND
108,295,295,208,-122.91,39.05,3.7667,132039.0,INLAND
863,1941,1941,894,-118.26,34.15,3.0,226360.0,<1H OCEAN
541,1768,1768,531,-121.82,37.25,5.8305,255707.0,<1H OCEAN
243,717,717,290,-121.62,36.43,4.7891,243110.0,<1H OCEAN
334,731,731,417,-120.59,38.76,1.7266,117329.0,INLAND
604,1696,1696,621,-117.88,34.1,4.2685,189040.0,<1H OCEAN
185,610,610,177,-117.95,33.99,6.7978,353196.0,<1H OCEAN
322,1014,1014,325,-118.44,34.21,2.875,188544.0,<1H OCEAN
114,356,356,150,-121.21,39.49,2.5568,66375.0,INLAND
528,1543,1543,560,-118.36,34.17,2.3851,223581.0,<1H OCEAN
1019,2475,2475,1187,-117.43,34.08,2.1189,105305.0,INLAND
448,1281,1281,472,-122.47,37.75,5.482,335469.03,NEAR BAY
425,807,807,423,-117.92,33.65,0.9702,196474.04,<1H OCEAN
195,600,600,190,-122.21,37.79,3.0893,148131.0,NEAR BAY
1046,3126,3126,1172,-117.31,34.43,1.6784,95429.0,INLAND
788,1519,1519,775,-122.54,37.94,4.4081,351174.27,NEAR BAY
316,919,919,323,-119.87,36.76,2.875,77493.0,INLAND
318,850,850,301,-118.46,34.07,14.2867,500001.0,<1H OCEAN
501,1275,1275,522,-117.96,33.93,3.776,190207.0,<1H OCEAN
442,1915,1915,442,-117.9,33.74,2.3783,172674.0,<1H OCEAN
311,679,679,314,-121.3,37.96,1.7788,86918.0,INLAND
563,1741,1741,591,-118.63,34.19,5.1529,247135.0,<1H OCEAN
254,967,967,283,-118.14,34.02,2.75,170982.0,<1H OCEAN
888,2101,2101,918,-118.39,34.01,3.9688,336754.04,<1H OCEAN
270,886,886,294,-117.99,33.69,5.3259,235858.0,<1H OCEAN
556,2010,2010,572,-117.03,32.7,2.2866,121860.0,NEAR OCEAN
529,1243,1243,581,-118.37,33.86,4.119,307249.0,<1H OCEAN
688,1911,1911,826,-118.33,34.03,1.9018,159532.0,<1H OCEAN
936,1821,1821,1034,-122.43,37.78,2.6392,328884.02,NEAR BAY
325,1412,1412,297,-118.22,33.94,3.0903,149981.0,<1H OCEAN
289,1498,1498,284,-118.23,33.9,2.4706,100495.0,<1H OCEAN
495,1700,1700,514,-122.22,37.78,2.0801,114064.0,NEAR BAY
351,1296,1296,391,-117.33,34.14,1.9423,75296.0,INLAND
630,2484,2484,697,-118.26,34.0,1.9208,109963.0,<1H OCEAN
573,1071,1071,617,-118.37,34.15,3.3669,358698.01,<1H OCEAN
312,1366,1366,300,-119.05,34.35,2.2443,156814.0,<1H OCEAN
477,1671,1671,473,-117.6,33.86,5.195,188585.0,INLAND
174,598,598,177,-118.04,34.11,7.1885,380879.16,INLAND
192,470,470,192,-121.3,38.13,2.8942,118167.0,INLAND
470,1232,1232,517,-118.24,34.22,5.529,317721.02,<1H OCEAN
26,158,158,26,-119.01,35.38,1.075,78363.0,INLAND
458,1167,1167,531,-122.54,38.36,3.7969,223028.0,<1H OCEAN
450,1569,1569,466,-117.68,33.59,8.8636,426000.23,<1H OCEAN
2199,6474,6474,2278,-117.71,33.97,3.851,154658.0,INLAND
194,376,376,206,-118.46,34.0,3.875,409260.37,<1H OCEAN
212,429,429,212,-121.51,38.26,1.6458,87812.0,INLAND
631,3117,3117,654,-117.89,33.75,3.1713,170222.0,<1H OCEAN
565,1369,1369,565,-118.3,33.89,3.285,204655.0,<1H OCEAN
322,1018,1018,306,-118.15,34.2,4.1518,211228.99,INLAND
529,1553,1553,516,-121.34,38.69,3.7857,122075.0,INLAND
769,1929,1929,779,-121.37,38.66,2.3844,102225.0,INLAND
330,1425,1425,337,-122.46,37.71,4.0547,235826.0,NEAR OCEAN
278,761,761,293,-118.17,34.87,3.0184,82302.0,INLAND
208,567,567,221,-122.06,37.27,10.5793,499479.96,<1H OCEAN
556,1345,1345,537,-117.02,32.75,5.2835,201959.01,<1H OCEAN
1090,2657,2657,1150,-118.45,34.2,2.9688,201696.0,<1H OCEAN
687,2065,2065,706,-117.01,32.75,3.9545,185937.0,<1H OCEAN
85,154,154,119,-121.29,37.96,0.8738,78450.0,INLAND
247,760,760,265,-118.26,33.94,1.6887,96838.0,<1H OCEAN
790,2275,2275,908,-118.26,34.5,4.7778,216241.0,INLAND
235,569,569,206,-122.1,37.96,6.3699,286370.02,NEAR BAY
240,478,478,233,-117.11,32.77,4.3875,172762.0,NEAR OCEAN
900,3156,3156,1017,-117.45,34.1,2.7827,114184.0,INLAND
13,59,59,13,-117.11,33.12,3.875,171190.0,<1H OCEAN
234,692,692,229,-117.21,34.11,3.2176,102011.0,INLAND
452,1406,1406,493,-122.35,37.94,2.3456,111791.0,NEAR BAY
33,113,113,36,-119.05,34.19,2.8942,168157.02,NEAR OCEAN
314,969,969,350,-121.47,38.95,2.7039,89290.0,INLAND
487,1945,1945,488,-118.29,34.04,2.4359,162643.0,<1H OCEAN
276,890,890,322,-121.95,37.21,10.0187,497631.95,<1H OCEAN
296,855,855,327,-120.91,37.74,3.25,136758.0,INLAND
149,502,502,160,-121.2,37.79,2.4798,111379.0,INLAND
241,1023,1023,239,-118.43,34.25,3.4514,171107.0,<1H OCEAN
809,2284,2284,917,-120.57,35.18,4.0403,246654.01,<1H OCEAN
1008,2855,2855,1038,-119.21,34.31,6.729,381894.17,NEAR OCEAN
459,787,787,486,-122.23,37.8,3.1603,240017.0,NEAR BAY
233,793,793,260,-121.29,38.28,4.8073,156987.0,INLAND
841,1637,1637,947,-121.99,37.35,4.5427,280624.0,<1H OCEAN
367,1034,1034,351,-121.81,37.41,7.0544,342947.04,<1H OCEAN
416,665,665,454,-118.47,33.99,2.975,396810.06,<1H OCEAN
439,1768,1768,515,-118.31,34.05,1.9336,219338.0,<1H OCEAN
545,1672,1672,556,-117.75,34.09,4.2143,189582.99,INLAND
323,925,925,314,-117.94,33.67,8.1839,375180.12,<1H OCEAN
305,1009,1009,288,-122.1,37.4,3.9091,237940.0,NEAR BAY
490,1277,1277,491,-118.35,34.18,4.282,239483.0,<1H OCEAN
550,1616,1616,556,-121.25,38.66,5.02,191699.0,INLAND
659,1871,1871,695,-117.68,34.14,6.9532,310902.01,INLAND
428,630,630,440,-117.04,32.8,2.0337,133530.0,<1H OCEAN
130,780,780,134,-124.07,40.87,0.7684,82323.0,NEAR OCEAN
263,900,900,254,-122.19,37.77,1.8039,92464.0,NEAR BAY
1088,2382,2382,1385,-117.21,34.08,3.0587,115896.0,INLAND
397,1317,1317,406,-121.98,37.95,6.7821,285049.0,INLAND
738,1997,1997,758,-116.99,32.81,4.2386,167451.0,<1H OCEAN
438,1568,1568,470,-117.8,33.85,5.6403,247039.0,<1H OCEAN
777,2447,2447,767,-117.85,33.81,4.9917,238282.0,<1H OCEAN
273,756,756,270,-118.32,34.1,2.2311,210884.0,<1H OCEAN
157,484,484,247,-121.47,39.01,2.3661,84041.0,INLAND
890,1432,1432,1387,-116.54,33.8,2.2216,125833.0,INLAND
454,1232,1232,475,-118.25,34.23,4.6852,260503.04,<1H OCEAN
647,2033,2033,713,-122.0,37.96,4.5833,178519.0,INLAND
198,664,664,195,-118.15,34.04,2.1944,162983.0,<1H OCEAN
272,740,740,334,-120.46,34.64,2.3804,149323.0,NEAR OCEAN
386,1385,1385,413,-118.15,33.86,4.4934,205979.0,<1H OCEAN
727,1433,1433,798,-122.03,37.38,3.8732,303581.06,<1H OCEAN
224,484,484,277,-120.45,34.64,3.2167,223746.05,NEAR OCEAN
445,1170,1170,452,-117.91,34.08,3.6625,198619.0,<1H OCEAN
374,986,986,373,-118.07,34.17,5.7051,369881.2,INLAND
328,850,850,329,-118.1,33.8,5.0574,243364.0,<1H OCEAN
320,566,566,691,-117.24,32.79,2.6902,291946.02,NEAR OCEAN
509,1550,1550,553,-117.74,34.07,3.0294,130293.0,INLAND
374,944,944,429,-118.13,33.84,4.2841,234903.0,<1H OCEAN
629,1603,1603,726,-119.45,37.21,2.9449,113511.0,INLAND
555,1604,1604,591,-118.19,33.8,2.9943,190761.0,NEAR OCEAN
336,907,907,349,-121.98,37.29,7.5443,382809.08,<1H OCEAN
1493,3944,3944,1489,-118.22,33.86,5.1948,274258.0,<1H OCEAN
472,1079,1079,498,-122.43,37.74,5.0196,329637.01,NEAR BAY
1152,2489,2489,1265,-117.15,33.7,3.1319,128911.0,INLAND
138,302,302,151,-121.0,39.26,3.1094,149225.0,INLAND
392,1086,1086,441,-117.95,33.66,7.3719,355866.03,<1H OCEAN
389,1140,1140,410,-117.65,33.62,6.2899,293854.0,<1H OCEAN
920,2772,2772,970,-121.18,38.69,6.3528,275475.02,INLAND
871,2300,2300,911,-117.88,33.89,3.0214,185802.0,<1H OCEAN
1027,2177,2177,1115,-122.57,37.97,3.5055,323303.07,NEAR BAY
638,1724,1724,691,-118.01,33.84,3.9628,196708.0,<1H OCEAN
448,1146,1146,484,-122.12,37.68,2.95,173476.01,NEAR BAY
181,555,555,210,-122.21,38.28,4.4861,184858.0,NEAR BAY
277,956,956,251,-118.02,33.92,5.5238,208661.0,<1H OCEAN
465,1411,1411,439,-119.38,36.55,3.017,87411.0,INLAND
378,1304,1304,388,-118.12,34.06,3.1892,229012.0,<1H OCEAN
594,1938,1938,597,-118.88,34.2,7.3409,350323.01,<1H OCEAN
1241,2649,2649,1510,-121.89,37.69,3.62,228274.01,<1H OCEAN
1177,3237,3237,1234,-122.07,38.27,4.3586,147805.0,INLAND
783,1218,1218,800,-118.32,34.12,4.15,439907.37,<1H OCEAN
352,2091,2091,381,-117.9,34.01,3.7917,159548.0,<1H OCEAN
211,1066,1066,213,-115.57,32.8,4.5714,99941.0,INLAND
564,2271,2271,609,-117.7,34.06,2.3049,112339.0,INLAND
187,601,601,193,-118.21,33.83,2.8837,176010.0,NEAR OCEAN
801,2282,2282,894,-117.31,33.16,5.5956,305778.06,NEAR OCEAN
383,1279,1279,372,-117.69,33.64,6.9741,280528.0,<1H OCEAN
305,1054,1054,305,-122.02,36.96,2.0172,206401.0,NEAR OCEAN
439,1133,1133,463,-118.33,34.19,3.7344,229675.0,<1H OCEAN
283,806,806,307,-121.03,39.05,3.9185,171595.0,INLAND
456,1357,1357,500,-117.71,33.63,4.5909,222043.01,<1H OCEAN
507,1190,1190,573,-116.95,33.75,2.0714,84858.0,INLAND
2447,4404,4404,2691,-118.59,34.18,4.2009,269466.0,<1H OCEAN
284,1035,1035,307,-121.02,37.64,2.1036,91511.0,INLAND
220,1515,1515,353,-119.78,34.45,4.2109,292748.0,NEAR OCEAN
522,1537,1537,549,-121.65,40.88,3.0179,89495.0,INLAND
274,943,943,254,-117.64,33.51,5.9339,269398.02,<1H OCEAN
332,1019,1019,338,-118.29,34.16,3.7083,260633.0,<1H OCEAN
340,794,794,331,-118.43,34.17,5.9275,352437.06,<1H OCEAN
523,1702,1702,534,-117.93,33.93,3.7933,174052.0,<1H OCEAN
400,1859,1859,440,-118.26,34.02,1.3134,121283.0,<1H OCEAN
465,1411,1411,494,-117.71,34.08,4.2639,159429.0,INLAND
757,2088,2088,764,-117.08,32.67,2.5662,117217.0,NEAR OCEAN
1629,4926,4926,1689,-117.84,33.82,4.7946,224669.0,<1H OCEAN
449,1633,1633,458,-119.7,34.41,2.2069,213299.0,NEAR OCEAN
486,959,959,535,-122.27,37.78,5.2601,332850.07,NEAR BAY
313,777,777,299,-119.72,34.43,2.5694,260326.0,<1H OCEAN
187,420,420,187,-124.09,40.88,2.2188,88928.0,NEAR OCEAN
249,551,551,227,-122.14,37.43,6.5829,466526.67,NEAR BAY
430,975,975,421,-124.16,40.79,2.2566,84829.0,NEAR OCEAN
383,924,924,829,-120.37,38.23,2.6942,121858.0,INLAND
641,2227,2227,614,-118.02,33.81,5.1155,233446.0,<1H OCEAN
344,804,804,348,-121.63,39.12,3.4492,103687.0,INLAND
261,634,634,269,-118.29,34.07,1.6406,215685.0,<1H OCEAN
305,975,975,319,-118.06,33.98,4.7266,193110.0,<1H OCEAN
614,1351,1351,646,-117.05,34.02,2.598,96698.0,INLAND
469,1235,1235,496,-118.1,34.16,4.2386,293493.0,INLAND
389,1348,1348,388,-117.96,33.99,6.2517,310628.0,<1H OCEAN
369,1914,1914,359,-117.88,33.71,3.5551,182711.0,<1H OCEAN
538,1405,1405,535,-122.11,37.43,7.3023,467579.31,NEAR BAY
718,1952,1952,737,-121.98,36.97,3.7273,260037.0,NEAR OCEAN
496,1816,1816,515,-122.41,37.76,3.0774,298695.02,NEAR BAY
201,727,727,216,-118.31,34.02,1.6667,147263.01,<1H OCEAN
667,1906,1906,763,-116.53,33.88,4.6855,169975.0,INLAND
408,1741,1741,436,-118.19,33.99,2.4596,156259.0,<1H OCEAN
2666,8686,8686,2812,-117.86,33.99,6.3875,307282.02,<1H OCEAN
493,1234,1234,550,-117.26,34.13,2.0,81046.0,INLAND
512,1353,1353,563,-122.22,38.1,3.4559,135202.0,NEAR BAY
457,1531,1531,458,-121.66,36.89,5.5148,298280.0,<1H OCEAN
231,569,569,241,-121.52,39.5,3.2833,91559.0,INLAND
857,2821,2821,880,-117.46,33.93,3.0122,127700.0,INLAND
557,1230,1230,550,-122.04,37.88,4.6424,290129.0,NEAR BAY
654,893,893,714,-117.71,33.6,2.3387,109587.01,<1H OCEAN
395,1128,1128,402,-122.41,37.6,6.3719,430964.34,NEAR OCEAN
455,987,987,457,-121.49,38.56,1.9013,87312.0,INLAND
579,1192,1192,667,-121.36,38.01,2.3339,104993.0,INLAND
525,1178,1178,498,-121.34,37.99,6.556,268299.01,INLAND
353,1094,1094,325,-117.42,33.94,4.1528,123664.0,INLAND
261,705,705,245,-122.04,37.97,3.1968,157014.0,NEAR BAY
831,2335,2335,884,-121.07,38.92,4.515,178103.0,INLAND
234,632,632,236,-118.16,34.11,3.7235,232171.0,<1H OCEAN
444,1194,1194,469,-122.26,40.19,2.0425,66004.0,INLAND
903,2479,2479,897,-122.1,37.67,2.9564,169558.0,NEAR BAY
655,1687,1687,667,-121.16,38.68,3.1161,138116.0,INLAND
223,504,504,247,-122.89,38.93,2.7188,165782.0,<1H OCEAN
112,400,400,98,-119.16,34.28,4.0,207327.01,NEAR OCEAN
462,1277,1277,511,-118.12,33.86,4.3194,211912.0,<1H OCEAN
388,1361,1361,376,-117.48,34.01,4.369,148693.0,INLAND
613,1266,1266,814,-119.63,34.4,6.0069,417570.38,<1H OCEAN
1498,4438,4438,1572,-117.12,32.95,4.988,234081.0,<1H OCEAN
227,523,523,261,-122.29,37.88,3.8672,233044.0,NEAR BAY
77,268,268,71,-118.25,33.89,3.9,126429.0,<1H OCEAN
650,1752,1752,707,-118.48,34.23,4.5484,251842.0,<1H OCEAN
1062,3386,3386,1050,-121.96,37.71,7.2494,335511.0,<1H OCEAN
369,764,764,372,-121.46,38.56,2.9191,115253.0,INLAND
367,1097,1097,444,-117.19,34.94,2.1522,57903.99,INLAND
199,571,571,702,-119.53,37.34,2.3482,108188.0,INLAND
480,1659,1659,478,-117.98,33.79,4.1115,184395.0,<1H OCEAN
292,703,703,306,-118.38,33.81,8.5491,491415.78,NEAR OCEAN
436,1073,1073,469,-121.57,39.5,1.5714,63989.0,INLAND
859,1847,1847,871,-121.1,38.92,3.0321,141869.0,INLAND
290,1064,1064,340,-122.39,37.72,1.1125,172415.01,NEAR BAY
528,1132,1132,524,-118.13,33.79,4.6133,283110.04,NEAR OCEAN
359,994,994,389,-117.06,33.02,5.8966,256544.0,<1H OCEAN
922,1807,1807,1092,-121.91,36.97,3.5112,276248.0,NEAR OCEAN
505,1326,1326,518,-121.33,38.61,2.7079,113954.0,INLAND
792,1835,1835,807,-117.22,32.87,3.35,192468.0,NEAR OCEAN
507,842,842,510,-122.26,37.5,3.6111,320094.03,NEAR OCEAN
722,1994,1994,743,-121.89,38.01,4.2227,151133.0,INLAND
265,710,710,777,-116.88,34.08,3.9028,136944.0,INLAND
418,1689,1689,425,-118.17,34.01,2.7799,153565.0,<1H OCEAN
393,1047,1047,438,-118.52,34.18,3.6534,236668.0,<1H OCEAN
1377,3927,3927,1416,-122.05,38.26,3.0912,126524.0,INLAND
708,1612,1612,774,-118.14,33.94,2.9205,190371.0,<1H OCEAN
1265,2039,2039,1452,-118.34,34.1,1.8209,304984.11,<1H OCEAN
356,999,999,360,-117.23,33.2,4.8929,200995.0,<1H OCEAN
235,667,667,220,-121.13,37.73,3.3158,166044.0,INLAND
891,2764,2764,953,-117.2,34.48,3.205,103612.0,INLAND
135,547,547,114,-122.22,37.77,2.8015,107409.0,NEAR BAY
346,1644,1644,346,-118.24,33.97,2.1473,111069.0,<1H OCEAN
278,1226,1226,276,-118.19,33.93,3.4712,145467.0,<1H OCEAN
411,782,782,398,-117.87,33.6,5.1155,410221.4,<1H OCEAN
613,1787,1787,883,-118.61,34.38,6.6916,248051.02,INLAND
342,736,736,347,-118.11,33.93,3.2011,226184.0,<1H OCEAN
266,799,799,272,-120.43,34.87,3.9871,159477.0,<1H OCEAN
428,1057,1057,448,-118.13,33.79,4.375,266789.04,NEAR OCEAN
486,1263,1263,488,-124.15,40.79,3.0216,106063.0,NEAR OCEAN
529,1217,1217,580,-118.0,33.83,2.2401,181425.0,<1H OCEAN
174,514,514,190,-117.95,33.82,4.0735,212413.0,<1H OCEAN
607,1562,1562,658,-118.24,34.15,3.3906,228852.0,<1H OCEAN
695,1328,1328,756,-117.14,32.76,2.694,170783.0,NEAR OCEAN
470,1416,1416,532,-118.29,33.91,3.8372,171447.0,<1H OCEAN
592,2015,2015,637,-120.61,35.1,3.0536,154120.0,<1H OCEAN
175,556,556,186,-120.3,37.34,2.4286,110943.0,INLAND
178,547,547,186,-118.34,34.08,10.3661,498047.97,<1H OCEAN
995,1624,1624,1423,-118.32,34.14,4.0965,435159.32,<1H OCEAN
564,1444,1444,592,-121.66,36.67,3.1439,179829.0,<1H OCEAN
198,645,645,202,-116.84,33.02,5.6674,233258.0,<1H OCEAN
2847,8117,8117,2993,-122.01,37.57,5.8322,272528.01,NEAR BAY
485,877,877,601,-122.16,37.72,3.3431,201986.0,NEAR BAY
103,252,252,546,-120.33,38.26,4.4063,151216.0,INLAND
447,930,930,482,-117.86,33.61,8.6001,432524.38,<1H OCEAN
421,1193,1193,420,-118.1,33.82,4.8462,213273.0,<1H OCEAN
868,2336,2336,879,-118.49,34.11,13.2935,499777.99,<1H OCEAN
396,1650,1650,449,-117.09,32.68,2.2201,122488.0,NEAR OCEAN
390,1350,1350,404,-117.82,33.85,6.057,255618.0,<1H OCEAN
1294,2312,2312,1313,-119.77,34.44,2.4717,245986.06,NEAR OCEAN
384,1019,1019,487,-118.18,36.63,2.2574,69880.0,INLAND
216,583,583,227,-121.31,37.96,2.3393,84907.0,INLAND
596,2591,2591,632,-119.06,34.23,3.0219,184987.0,<1H OCEAN
256,814,814,248,-121.94,37.3,6.623,326392.0,<1H OCEAN
240,968,968,245,-118.18,33.94,3.4688,154254.0,<1H OCEAN
373,1311,1311,344,-117.95,33.68,5.0287,256096.02,<1H OCEAN
160,423,423,195,-122.26,37.82,0.9506,113229.0,NEAR BAY
461,1308,1308,442,-118.06,34.1,3.6995,239033.0,<1H OCEAN
424,1141,1141,442,-122.31,37.58,3.9696,287585.0,NEAR BAY
363,1405,1405,417,-118.21,33.88,2.0125,119284.0,<1H OCEAN
983,2731,2731,1008,-121.34,38.57,4.4602,159470.0,INLAND
532,2362,2362,636,-116.49,33.82,2.9569,115880.0,INLAND
362,1324,1324,396,-117.57,33.91,5.3735,198902.0,INLAND
392,1279,1279,390,-117.08,32.7,2.4135,117045.0,NEAR OCEAN
561,1235,1235,596,-118.38,34.07,4.4896,433540.41,<1H OCEAN
645,1687,1687,749,-117.07,32.75,3.3026,153526.0,NEAR OCEAN
493,1620,1620,546,-117.09,32.75,1.6034,98014.0,NEAR OCEAN
317,1041,1041,329,-118.56,34.22,4.4271,217188.0,<1H OCEAN
269,825,825,280,-118.27,34.17,5.5118,316461.0,<1H OCEAN
183,612,612,206,-122.23,37.77,2.57,133280.0,NEAR BAY
373,885,885,386,-122.24,37.77,3.6417,201963.0,NEAR BAY
794,1745,1745,1042,-123.73,39.17,2.375,128094.0,NEAR OCEAN
479,1420,1420,467,-117.92,34.06,5.184,250844.0,<1H OCEAN
781,1423,1423,815,-118.42,34.02,3.6488,348717.03,<1H OCEAN
615,1636,1636,628,-123.34,39.39,2.3333,126949.0,<1H OCEAN
406,1112,1112,388,-122.28,38.29,2.2366,177256.0,NEAR BAY
611,1657,1657,577,-122.55,38.01,6.3314,387241.07,NEAR BAY
1481,3759,3759,1535,-121.54,38.49,5.1442,192662.0,INLAND
1625,3539,3539,1737,-122.0,37.36,3.8464,284266.05,<1H OCEAN
607,2169,2169,695,-121.81,37.27,4.3438,209080.0,<1H OCEAN
374,910,910,396,-117.87,33.59,6.6544,407653.43,<1H OCEAN
581,1498,1498,645,-118.32,34.01,2.6667,162028.0,<1H OCEAN
119,364,364,127,-117.75,33.95,7.5839,348854.22,<1H OCEAN
405,1071,1071,438,-117.12,34.04,4.8173,148700.0,INLAND
417,1123,1123,418,-118.45,34.01,6.4755,444854.22,<1H OCEAN
298,608,608,309,-122.13,38.01,2.1974,135121.0,NEAR BAY
475,896,896,467,-118.61,34.2,3.6296,242991.03,<1H OCEAN
350,856,856,389,-121.97,37.25,7.9135,468449.67,<1H OCEAN
306,806,806,347,-120.72,38.38,2.525,115534.0,INLAND
492,2191,2191,497,-118.18,34.01,2.3462,145945.0,<1H OCEAN
265,702,702,301,-118.34,34.26,5.2661,227742.01,<1H OCEAN
253,776,776,251,-117.41,34.1,3.1287,102149.0,INLAND
177,496,496,190,-122.24,37.85,7.2574,366053.03,NEAR BAY
342,1553,1553,388,-118.24,33.96,2.0655,106790.0,<1H OCEAN
464,1296,1296,476,-122.19,40.2,3.5305,109212.0,INLAND
221,1024,1024,237,-117.74,34.05,2.1141,105699.0,INLAND
303,1279,1279,317,-118.2,34.05,1.9615,132414.0,<1H OCEAN
673,2098,2098,679,-117.06,32.58,3.5125,129539.0,NEAR OCEAN
497,1966,1966,555,-122.21,37.47,3.0472,225317.0,NEAR OCEAN
436,1384,1384,462,-118.96,34.18,6.1306,293844.02,<1H OCEAN
244,933,933,296,-121.89,37.35,2.925,191147.0,<1H OCEAN
479,1343,1343,616,-124.23,41.75,2.4805,93624.0,NEAR OCEAN
413,1353,1353,420,-121.97,37.53,4.75,215854.0,<1H OCEAN
727,1765,1765,888,-117.28,34.17,1.7456,94344.0,INLAND
233,816,816,254,-118.16,34.14,8.2435,469554.54,<1H OCEAN
1248,1974,1974,1338,-117.97,33.66,2.8061,206337.0,<1H OCEAN
795,1581,1581,828,-122.55,37.98,3.293,301266.0,NEAR BAY
295,868,868,314,-118.15,34.19,3.6094,212503.0,<1H OCEAN
17,63,63,19,-121.98,37.14,9.5908,353976.43,<1H OCEAN
2441,8980,8980,2688,-117.18,32.95,6.3237,297441.0,<1H OCEAN
549,1318,1318,572,-119.26,34.27,3.6413,219165.0,NEAR OCEAN
659,1935,1935,694,-117.03,32.97,4.5625,180000.0,<1H OCEAN
333,1161,1161,348,-118.24,34.11,2.2167,186535.0,<1H OCEAN
304,616,616,322,-122.26,37.83,2.026,139891.0,NEAR BAY
850,2302,2302,959,-118.05,34.12,3.55,264468.0,INLAND
291,706,706,296,-117.37,33.94,4.0966,128543.0,INLAND
87,498,498,89,-118.24,33.99,2.4107,111964.0,<1H OCEAN
317,771,771,332,-117.06,32.79,8.7604,389905.04,<1H OCEAN
871,1891,1891,911,-118.4,34.17,3.4013,281746.0,<1H OCEAN
350,716,716,389,-121.05,39.2,2.3125,112123.0,INLAND
385,1036,1036,378,-118.11,33.94,5.0258,257470.0,<1H OCEAN
690,1200,1200,738,-117.18,32.74,2.5288,228274.0,NEAR OCEAN
221,812,812,255,-117.87,33.75,2.6635,168063.0,<1H OCEAN
529,1556,1556,530,-117.01,32.73,2.8646,141543.0,NEAR OCEAN
646,1741,1741,685,-121.37,38.41,3.5625,109057.0,INLAND
404,1204,1204,399,-118.0,33.92,6.1273,303963.0,<1H OCEAN
310,746,746,329,-119.72,34.43,3.6719,251721.0,<1H OCEAN
775,2318,2318,790,-118.42,34.19,2.2589,201211.0,<1H OCEAN
151,334,334,163,-122.52,37.92,5.8509,430608.44,NEAR BAY
386,1516,1516,430,-121.79,36.95,3.7863,180153.0,<1H OCEAN
1107,2143,2143,1529,-117.0,33.74,2.1103,91896.0,INLAND
407,1500,1500,398,-118.2,34.12,2.8125,176974.0,<1H OCEAN
326,937,937,330,-118.05,33.78,6.6264,345535.01,<1H OCEAN
560,1660,1660,576,-118.07,33.82,5.7965,292946.0,<1H OCEAN
199,661,661,179,-117.98,33.84,5.0747,210100.0,<1H OCEAN
705,913,913,780,-117.18,32.77,2.7386,247606.0,NEAR OCEAN
485,1049,1049,520,-117.3,33.06,4.027,325323.23,NEAR OCEAN
580,874,874,661,-117.24,32.8,3.8018,326886.07,NEAR OCEAN
295,636,636,281,-122.69,38.44,2.7222,153699.0,<1H OCEAN
1511,3731,3731,1617,-118.45,34.12,9.7449,500001.0,<1H OCEAN
273,1085,1085,318,-118.2,34.05,1.7054,132855.0,<1H OCEAN
337,1173,1173,318,-117.93,33.86,4.5774,187207.0,<1H OCEAN
487,1338,1338,488,-117.3,34.54,3.2596,106601.0,INLAND
211,513,513,213,-117.19,32.75,6.1309,347217.11,NEAR OCEAN
369,1083,1083,365,-118.3,33.86,5.1727,249379.0,<1H OCEAN
705,2341,2341,737,-117.09,32.68,2.0114,111137.0,NEAR OCEAN
1161,3954,3954,1198,-117.61,34.12,4.6997,169010.0,INLAND
121,364,364,136,-119.01,35.37,1.4779,57565.0,INLAND
145,407,407,149,-118.23,34.13,4.5766,231985.0,<1H OCEAN
83,433,433,60,-118.44,34.26,5.5124,261521.1,<1H OCEAN
303,778,778,279,-117.93,33.86,2.6563,185454.0,<1H OCEAN
265,810,810,233,-117.95,33.67,8.289,378905.12,<1H OCEAN
258,812,812,294,-123.39,38.99,3.4063,138956.0,<1H OCEAN
481,1161,1161,536,-118.39,34.03,3.2228,285004.01,<1H OCEAN
378,648,648,427,-118.46,33.97,3.8698,440094.59,<1H OCEAN
1036,1886,1886,1192,-118.44,34.05,4.4674,448307.57,<1H OCEAN
338,923,923,389,-118.19,34.87,5.0553,144342.0,INLAND
630,1905,1905,662,-116.98,32.75,4.375,194673.0,<1H OCEAN
20,51,51,49,-115.88,32.93,4.0208,178680.03,INLAND
319,980,980,327,-118.27,33.8,3.35,169122.0,<1H OCEAN
42,98,98,372,-120.06,39.15,1.1912,119020.99,INLAND
285,578,578,303,-121.92,36.62,2.5625,236110.0,NEAR OCEAN
346,1039,1039,328,-119.33,36.32,3.5313,93801.0,INLAND
805,2553,2553,867,-121.24,37.79,4.075,178145.0,INLAND
324,1094,1094,327,-122.21,38.02,6.0224,250119.0,NEAR BAY
830,1711,1711,851,-122.41,37.79,3.0296,363223.11,NEAR BAY
4372,12153,12153,4492,-121.68,36.72,3.2652,192393.0,<1H OCEAN
557,1846,1846,588,-122.42,37.76,1.3365,179095.0,NEAR BAY
486,1849,1849,516,-117.02,32.7,4.1837,140984.0,NEAR OCEAN
354,845,845,450,-119.85,36.76,1.8214,61145.0,INLAND
442,1383,1383,458,-117.82,33.72,6.5987,299930.02,<1H OCEAN
208,495,495,215,-122.45,37.79,10.7097,495318.95,NEAR BAY
1053,1939,1939,1116,-122.43,37.77,2.7587,403748.27,NEAR BAY
171,653,653,197,-122.45,37.72,4.2167,234219.0,NEAR BAY
1102,3906,3906,1190,-118.3,34.09,2.1927,227450.0,<1H OCEAN
287,491,491,318,-118.4,34.03,3.2222,327128.05,<1H OCEAN
222,989,989,205,-117.06,32.6,2.7014,126757.0,NEAR OCEAN
418,1512,1512,359,-118.27,34.13,2.1071,202774.0,<1H OCEAN
231,548,548,240,-120.65,35.28,2.5455,205116.0,NEAR OCEAN
606,1537,1537,661,-122.05,37.37,6.6085,395124.07,<1H OCEAN
257,629,629,251,-117.84,33.8,4.3661,217060.0,<1H OCEAN
226,529,529,338,-120.41,38.33,3.024,116534.0,INLAND
184,462,462,202,-122.07,38.0,3.625,155140.0,NEAR BAY
284,802,802,313,-121.52,38.9,2.9048,108900.0,INLAND
142,461,461,176,-122.66,38.81,3.4375,147082.0,INLAND
338,835,835,306,-122.11,37.7,2.3274,159480.0,NEAR BAY
90,230,230,198,-116.88,34.25,4.9643,177064.0,INLAND
689,1059,1059,706,-118.37,34.09,2.8942,327738.13,<1H OCEAN
724,1572,1572,670,-117.88,33.78,3.3472,196130.0,<1H OCEAN
754,1977,1977,1044,-121.03,40.35,2.1833,85024.0,INLAND
426,807,807,453,-118.17,33.74,3.7838,342855.15,NEAR OCEAN
221,627,627,210,-118.01,33.95,4.6923,188684.0,<1H OCEAN
466,1327,1327,490,-117.86,34.1,3.5977,188700.0,<1H OCEAN
233,719,719,229,-118.09,33.96,3.425,172165.0,<1H OCEAN
1262,3068,3068,1401,-118.17,33.77,2.2808,168660.0,NEAR OCEAN
219,601,601,236,-122.44,37.78,2.151,244180.06,NEAR BAY
274,744,744,298,-118.29,34.1,2.7054,219510.02,<1H OCEAN
271,776,776,280,-118.11,33.81,6.2187,345164.04,<1H OCEAN
472,811,811,502,-117.15,32.76,2.75,179500.01,NEAR OCEAN
295,692,692,294,-119.02,35.34,2.3125,75064.0,INLAND
795,2356,2356,852,-117.69,33.65,6.1062,264917.0,<1H OCEAN
313,792,792,350,-117.2,32.83,2.8472,197419.0,NEAR OCEAN
13,43,43,17,-122.52,38.7,0.536,110320.99,INLAND
410,601,601,495,-117.16,32.74,3.0571,249336.03,NEAR OCEAN
639,1075,1075,791,-118.45,33.96,5.723,431483.44,<1H OCEAN
542,1336,1336,576,-118.1,34.01,1.3365,160507.0,<1H OCEAN
168,605,605,198,-118.29,33.93,2.2778,116775.0,<1H OCEAN
347,986,986,372,-118.56,34.19,4.8125,234851.01,<1H OCEAN
728,2566,2566,1020,-122.75,38.46,3.0147,166243.0,<1H OCEAN
499,1669,1669,476,-121.8,36.94,2.8214,170261.0,<1H OCEAN
315,613,613,331,-118.32,34.19,3.0179,246023.07,<1H OCEAN
207,506,506,200,-122.28,37.88,4.1912,263501.0,NEAR BAY
696,1807,1807,758,-122.41,37.62,3.2216,260150.0,NEAR OCEAN
432,884,884,435,-118.37,34.07,5.24,446161.39,<1H OCEAN
494,1170,1170,502,-120.66,35.28,2.1786,198390.0,NEAR OCEAN
4616,9851,9851,4952,-117.34,33.98,1.7579,100993.0,INLAND
403,1363,1363,403,-117.68,33.54,7.618,329250.03,<1H OCEAN
190,567,567,200,-118.3,33.97,2.6311,129852.0,<1H OCEAN
647,1938,1938,623,-119.78,36.8,2.8994,81682.0,INLAND
335,763,763,334,-121.64,39.74,2.3711,85112.0,INLAND
393,1229,1229,410,-118.11,33.86,5.3889,241744.0,<1H OCEAN
275,753,753,270,-118.01,34.16,5.532,333516.03,INLAND
696,2603,2603,716,-120.58,37.36,2.2179,82937.0,INLAND
396,960,960,396,-117.28,34.41,2.9934,106145.0,INLAND
532,1325,1325,544,-119.69,34.42,1.2762,251300.0,<1H OCEAN
292,878,878,342,-117.27,34.5,6.0296,186730.0,INLAND
1174,3432,3432,1367,-118.3,34.1,1.7083,301887.02,<1H OCEAN
156,495,495,164,-122.03,38.24,5.4074,215207.0,INLAND
286,761,761,273,-123.79,39.44,2.7813,130935.0,<1H OCEAN
851,1639,1639,945,-122.21,37.52,2.7399,218187.0,NEAR BAY
760,1411,1411,834,-118.51,34.17,3.1885,308301.18,<1H OCEAN
484,1605,1605,515,-117.81,33.84,10.5981,470388.74,<1H OCEAN
1605,5023,5023,1655,-122.47,37.65,4.6452,282881.0,NEAR OCEAN
1693,4514,4514,1765,-119.23,34.46,3.2026,251061.05,<1H OCEAN
590,1529,1529,647,-118.58,34.24,3.2426,213088.0,<1H OCEAN
390,1311,1311,367,-118.99,35.33,1.6786,60626.0,INLAND
542,1516,1516,535,-118.25,34.22,3.8068,267680.0,<1H OCEAN
989,2153,2153,1110,-117.9,33.7,4.6483,223682.0,<1H OCEAN
531,1610,1610,538,-121.99,37.37,4.2422,225703.0,<1H OCEAN
341,655,655,359,-118.34,34.01,2.5568,164114.01,<1H OCEAN
674,3842,3842,679,-117.91,33.75,3.0635,168825.0,<1H OCEAN
296,782,782,351,-117.02,34.9,1.6515,53968.98,INLAND
335,839,839,352,-118.39,33.97,6.5778,407139.15,<1H OCEAN
87,311,311,86,-119.45,36.48,3.1719,90706.0,INLAND
372,1037,1037,369,-121.9,38.02,3.6154,147704.0,INLAND
410,1083,1083,429,-117.23,32.81,8.1844,415327.27,NEAR OCEAN
848,1622,1622,913,-118.32,34.01,2.4934,171169.03,<1H OCEAN
506,1146,1146,510,-118.39,33.97,5.1333,417938.21,<1H OCEAN
202,514,514,191,-122.25,37.86,7.0897,361466.04,NEAR BAY
244,497,497,287,-117.92,33.64,2.75,231506.04,<1H OCEAN
372,913,913,375,-118.38,34.58,4.3456,199936.99,INLAND
538,3416,3416,557,-117.88,33.74,3.0083,166306.0,<1H OCEAN
166,1283,1283,148,-117.15,32.7,1.2863,81269.01,NEAR OCEAN
332,1135,1135,301,-115.57,32.78,5.128,136778.0,INLAND
501,1625,1625,520,-117.95,33.79,4.4667,186827.0,<1H OCEAN
1822,4533,4533,2055,-118.31,34.07,2.3105,305058.08,<1H OCEAN
952,1824,1824,977,-122.43,37.75,5.0519,348055.01,NEAR BAY
434,1312,1312,533,-121.84,36.52,6.5234,420111.4,NEAR OCEAN
342,871,871,347,-122.3,37.52,8.1039,483637.66,NEAR OCEAN
239,735,735,271,-118.22,34.14,3.7404,266584.0,<1H OCEAN
896,3688,3688,1042,-117.27,34.1,1.8022,82613.0,INLAND
170,730,730,162,-118.27,33.99,1.8047,102022.0,<1H OCEAN
696,2494,2494,675,-122.49,37.67,5.2848,282779.0,NEAR OCEAN
789,1659,1659,871,-118.37,34.16,3.1106,320135.11,<1H OCEAN
352,888,888,347,-118.96,35.38,3.6734,91022.0,INLAND
452,1344,1344,444,-121.26,38.66,6.1183,203403.0,INLAND
414,1103,1103,430,-118.12,34.1,4.0556,248933.0,<1H OCEAN
484,2481,2481,551,-118.04,34.06,3.1875,167775.0,<1H OCEAN
435,1311,1311,465,-117.25,33.08,7.5402,345171.05,NEAR OCEAN
396,985,985,392,-122.01,39.21,2.5556,84608.0,INLAND
448,952,952,445,-117.29,33.15,4.0625,278315.15,NEAR OCEAN
1204,2741,2741,1293,-117.05,33.05,5.6436,230297.0,<1H OCEAN
351,918,918,401,-122.01,37.99,3.7841,153635.0,NEAR BAY
301,838,838,303,-118.26,34.23,5.4306,330144.0,<1H OCEAN
402,1268,1268,412,-120.57,37.43,2.6758,91287.0,INLAND
443,1459,1459,497,-118.12,34.6,2.3958,125269.0,INLAND
455,1825,1825,458,-118.14,34.02,1.4178,158442.0,<1H OCEAN
391,1000,1000,414,-117.07,32.61,2.1765,126516.0,NEAR OCEAN
329,1544,1544,374,-119.31,36.62,1.7292,53817.0,INLAND
423,1204,1204,437,-119.05,35.34,4.0529,95035.0,INLAND
195,671,671,257,-121.76,36.75,3.8424,232693.04,<1H OCEAN
570,1705,1705,615,-119.83,36.77,2.4286,75446.0,INLAND
554,1602,1602,603,-121.46,38.66,3.9914,141782.0,INLAND
382,1116,1116,399,-121.44,38.63,1.3302,65275.0,INLAND
214,913,913,230,-118.07,33.96,2.6991,164962.0,<1H OCEAN
381,875,875,348,-122.63,38.23,4.0703,225228.0,<1H OCEAN
682,2255,2255,686,-118.3,33.79,3.0057,229308.0,<1H OCEAN
231,564,564,289,-122.4,38.53,3.6118,156810.0,INLAND
335,713,713,357,-118.35,34.04,2.1711,177535.01,<1H OCEAN
463,911,911,641,-118.43,34.06,7.2675,486306.82,<1H OCEAN
781,2588,2588,828,-117.44,34.09,2.375,101812.0,INLAND
292,1354,1354,263,-118.24,33.97,2.5833,115961.0,<1H OCEAN
576,2625,2625,603,-118.18,33.9,3.0909,151027.0,<1H OCEAN
597,1347,1347,553,-117.1,32.67,1.2745,91854.0,NEAR OCEAN
204,506,506,198,-122.28,37.85,1.73,122504.0,NEAR BAY
258,945,945,292,-117.13,32.7,0.8991,91645.0,NEAR OCEAN
225,570,570,416,-118.65,36.57,1.4821,71832.98,INLAND
615,1784,1784,623,-118.64,34.18,5.1641,317514.02,<1H OCEAN
381,1222,1222,418,-121.97,37.8,7.9168,387842.06,<1H OCEAN
217,782,782,193,-118.28,33.98,2.2411,116207.0,<1H OCEAN
206,678,678,192,-117.89,33.89,13.1107,492131.75,<1H OCEAN
464,1488,1488,469,-117.9,34.06,5.3664,245582.0,<1H OCEAN
303,643,643,313,-118.07,33.73,9.8346,478307.71,NEAR OCEAN
356,2030,2030,414,-120.08,36.34,2.1153,54339.0,INLAND
345,972,972,360,-119.8,36.72,0.9513,53248.0,INLAND
199,537,537,214,-119.34,36.21,0.8229,61629.0,INLAND
240,786,786,263,-119.69,36.86,4.0,118879.0,INLAND
533,1543,1543,575,-117.97,33.77,2.6618,191855.0,<1H OCEAN
247,587,587,254,-121.82,38.01,2.6364,125658.0,INLAND
340,922,922,332,-118.01,34.12,3.94,224009.0,INLAND
329,963,963,307,-122.45,40.56,3.9375,106713.0,INLAND
665,1551,1551,763,-118.53,34.03,7.0318,467148.69,<1H OCEAN
178,741,741,185,-118.47,34.27,5.741,221763.0,<1H OCEAN
346,889,889,363,-121.29,38.67,3.6516,129996.0,INLAND
462,1723,1723,491,-118.26,33.78,2.0458,157826.0,NEAR OCEAN
453,1401,1401,411,-117.98,33.7,4.1603,205235.0,<1H OCEAN
297,1104,1104,370,-118.21,33.89,2.2125,123625.0,<1H OCEAN
109,398,398,113,-122.22,37.47,2.5,205361.01,NEAR OCEAN
342,866,866,365,-124.11,40.95,2.96,104422.0,NEAR OCEAN
654,1823,1823,665,-121.26,38.14,3.5333,124705.0,INLAND
531,1681,1681,559,-117.96,34.53,3.8594,130973.0,INLAND
171,382,382,261,-121.91,36.42,3.7083,441531.13,NEAR OCEAN
461,1439,1439,485,-118.39,34.19,3.0491,210644.0,<1H OCEAN
203,466,466,171,-117.4,33.94,3.1458,119277.0,INLAND
573,1619,1619,633,-118.3,34.26,3.5568,216136.0,<1H OCEAN
158,841,841,153,-118.22,33.91,2.6154,118719.0,<1H OCEAN
543,1664,1664,542,-117.86,34.09,6.1498,313849.05,<1H OCEAN
618,1509,1509,612,-121.45,38.61,1.0424,86627.0,INLAND
499,1584,1584,481,-117.34,34.18,4.6312,132346.0,INLAND
432,1486,1486,428,-120.47,34.65,4.2875,178422.0,NEAR OCEAN
259,866,866,301,-122.22,37.77,2.59,115713.0,NEAR BAY
345,811,811,346,-118.33,33.88,3.2417,245316.0,<1H OCEAN
245,677,677,264,-121.01,37.72,2.5486,103043.0,INLAND
321,973,973,330,-117.4,33.76,4.4875,160785.0,INLAND
259,751,751,258,-118.4,34.0,5.444,353923.08,<1H OCEAN
614,2043,2043,597,-118.09,34.03,5.5,274189.01,<1H OCEAN
881,2008,2008,877,-120.78,38.74,2.1603,125150.0,INLAND
340,756,756,339,-122.22,37.81,4.072,232226.0,NEAR BAY
233,584,584,525,-120.06,39.25,3.01,125506.0,INLAND
418,1381,1381,406,-117.04,32.81,6.5412,276763.0,<1H OCEAN
775,1919,1919,856,-117.61,33.42,4.0313,305088.08,NEAR OCEAN
619,1228,1228,663,-121.31,37.98,3.0625,110911.0,INLAND
242,690,690,251,-122.04,37.67,6.0501,268190.0,NEAR BAY
627,1518,1518,592,-121.53,38.57,4.0833,166016.0,INLAND
269,1095,1095,274,-118.21,33.8,2.7308,177421.0,NEAR OCEAN
812,1553,1553,847,-122.27,37.56,4.9434,321191.05,NEAR BAY
29,153,153,72,-122.41,37.78,3.8625,286990.06,NEAR BAY
342,1133,1133,376,-119.67,36.82,4.5577,120751.0,INLAND
233,987,987,241,-118.43,34.24,4.0057,183034.0,<1H OCEAN
635,1531,1531,666,-121.9,37.3,4.537,277044.0,<1H OCEAN
743,2365,2365,831,-118.94,35.38,3.7533,87942.0,INLAND
517,1264,1264,565,-121.74,36.49,4.4209,236264.0,<1H OCEAN
2660,7307,7307,2814,-118.46,34.23,2.585,175612.0,<1H OCEAN
92,318,318,89,-118.17,34.1,1.3125,185921.06,<1H OCEAN
709,1606,1606,711,-117.1,32.77,5.7768,275882.06,NEAR OCEAN
425,994,994,487,-116.32,34.14,1.69,63718.0,INLAND
274,743,743,279,-118.36,33.84,5.7654,331701.0,<1H OCEAN
462,1435,1435,482,-117.37,33.22,3.676,190904.0,NEAR OCEAN
789,2172,2172,783,-121.97,37.57,4.6146,215115.0,<1H OCEAN
477,1994,1994,476,-116.19,33.67,1.7297,69212.0,INLAND
343,1085,1085,349,-117.96,33.68,4.7656,274242.02,<1H OCEAN
317,1937,1937,330,-121.84,37.33,4.1146,175611.0,<1H OCEAN
306,848,848,354,-121.45,38.53,2.4741,85955.0,INLAND
271,650,650,273,-117.26,32.95,5.6582,322847.13,NEAR OCEAN
471,872,872,472,-122.43,37.77,3.2981,386565.12,NEAR BAY
363,957,957,361,-118.31,33.73,4.2059,294963.0,NEAR OCEAN
55,142,142,272,-121.82,36.86,2.1719,277626.15,NEAR OCEAN
90,268,268,134,-122.83,38.89,3.4514,133943.0,<1H OCEAN
677,1487,1487,749,-122.24,37.8,2.5238,197240.0,NEAR BAY
418,1139,1139,409,-118.09,34.18,10.2289,470549.5,INLAND
1109,2325,2325,1200,-119.81,36.83,4.049,109848.0,INLAND
261,3574,3574,212,-120.65,35.32,1.0298,183624.03,NEAR OCEAN
62,214,214,111,-122.7,39.14,3.3929,115694.0,INLAND
308,673,673,305,-122.09,37.67,2.3357,175453.0,NEAR BAY
829,1722,1722,1285,-119.21,34.12,4.3427,320553.12,NEAR OCEAN
681,1817,1817,741,-119.78,36.83,4.2153,100012.0,INLAND
666,2354,2354,677,-117.88,33.76,3.4345,192927.0,<1H OCEAN
482,1095,1095,694,-121.65,38.03,3.4402,154348.0,INLAND
407,1103,1103,445,-117.96,33.7,4.725,217230.0,<1H OCEAN
304,711,711,352,-118.31,33.79,3.3958,241047.0,<1H OCEAN
597,1358,1358,597,-122.21,37.84,6.0194,367843.05,NEAR BAY
909,2561,2561,950,-122.24,37.49,3.8684,331049.02,NEAR OCEAN
152,233,233,168,-122.08,37.67,0.9637,265832.03,NEAR BAY
1816,5674,5674,1878,-121.77,37.24,4.747,233947.0,<1H OCEAN
221,868,868,249,-119.06,36.1,2.5893,75627.0,INLAND
442,1289,1289,410,-117.97,33.79,4.1818,200277.0,<1H OCEAN
521,1070,1070,498,-118.38,33.83,4.4615,385201.12,<1H OCEAN
235,732,732,246,-118.16,34.01,1.7679,157601.01,<1H OCEAN
373,1033,1033,397,-117.64,33.48,5.6754,278039.03,<1H OCEAN
429,1559,1559,425,-117.93,33.65,4.2036,235512.0,<1H OCEAN
485,1821,1821,457,-117.39,34.11,4.8889,138632.0,INLAND
243,740,740,238,-118.14,33.89,4.9107,207531.0,<1H OCEAN
366,1171,1171,367,-121.42,38.53,2.8298,95145.0,INLAND
287,930,930,336,-118.36,33.88,2.7981,233733.0,<1H OCEAN
314,888,888,303,-119.7,36.8,3.8088,82230.0,INLAND
437,948,948,452,-117.39,33.98,3.145,120859.0,INLAND
243,628,628,276,-119.71,34.36,4.1842,319499.04,NEAR OCEAN
569,1650,1650,596,-117.31,34.17,3.0078,100647.0,INLAND
745,1511,1511,730,-122.01,36.98,2.589,231439.0,NEAR OCEAN
788,3456,3456,833,-121.61,36.68,2.8542,145167.0,<1H OCEAN
543,1230,1230,531,-118.14,33.8,3.4211,249550.02,NEAR OCEAN
743,2357,2357,754,-117.99,33.75,3.3125,197978.0,<1H OCEAN
198,520,520,232,-121.84,39.73,0.987,75462.0,INLAND
235,569,569,235,-115.64,32.8,3.1667,93713.01,INLAND
457,662,662,518,-117.72,33.62,3.1679,206848.01,<1H OCEAN
1056,3985,3985,1084,-117.7,33.68,2.8192,134242.0,<1H OCEAN
35,130,130,33,-118.85,34.27,3.3438,219745.0,<1H OCEAN
1022,2634,2634,1022,-122.09,37.94,6.1922,299592.0,NEAR BAY
533,1580,1580,527,-117.32,34.01,4.4063,141982.0,INLAND
148,1148,1148,150,-121.4,38.66,2.5062,91589.0,INLAND
405,829,829,427,-121.91,37.3,3.6563,264780.0,<1H OCEAN
426,1777,1777,451,-118.24,34.11,2.7679,179096.0,<1H OCEAN
283,804,804,261,-117.36,33.99,2.9688,110362.0,INLAND
257,783,783,271,-117.67,33.46,5.3999,276273.04,<1H OCEAN
495,1628,1628,478,-118.44,34.2,2.5197,192984.0,<1H OCEAN
433,1007,1007,485,-121.22,39.43,1.7,76184.0,INLAND
259,773,773,252,-120.83,37.52,4.1859,163707.99,INLAND
406,1099,1099,392,-117.07,32.74,2.7661,143551.0,NEAR OCEAN
803,2729,2729,868,-118.39,34.21,2.6667,182183.0,<1H OCEAN
406,1108,1108,411,-118.34,34.0,5.8993,316759.02,<1H OCEAN
724,2288,2288,773,-118.17,34.68,6.6772,253204.02,INLAND
633,1593,1593,745,-120.85,37.51,2.2292,115026.0,INLAND
475,1915,1915,480,-118.77,34.28,5.3681,227760.0,<1H OCEAN
115,346,346,127,-117.56,33.83,5.4788,219484.0,INLAND
313,861,861,291,-119.32,36.19,1.0962,54957.0,INLAND
830,1568,1568,866,-118.41,34.15,4.1656,416586.14,<1H OCEAN
429,1201,1201,459,-121.18,38.75,4.7941,198274.0,INLAND
318,770,770,333,-122.26,37.54,7.2477,439163.28,NEAR BAY
491,1048,1048,555,-118.27,34.09,3.7847,247637.03,<1H OCEAN
352,705,705,388,-117.11,32.9,4.4766,174418.0,<1H OCEAN
267,863,863,273,-122.15,37.69,4.0109,182456.0,NEAR BAY
222,517,517,345,-123.52,41.01,2.1542,70426.0,INLAND
274,1412,1412,290,-118.08,33.89,3.1917,157234.0,<1H OCEAN
665,1248,1248,737,-118.42,34.02,3.1941,359028.02,<1H OCEAN
943,2744,2744,977,-121.96,37.84,7.5139,318877.0,INLAND
352,723,723,346,-121.27,38.67,3.8906,144049.0,INLAND
434,1314,1314,458,-118.19,34.13,3.925,211724.0,<1H OCEAN
459,679,679,502,-118.51,34.0,2.3098,349735.15,<1H OCEAN
828,2098,2098,861,-117.1,32.97,2.4459,126696.0,<1H OCEAN
171,485,485,194,-121.97,37.64,6.0574,266106.01,<1H OCEAN
284,815,815,280,-118.13,33.82,5.5449,232277.0,<1H OCEAN
390,1061,1061,368,-121.42,37.75,3.5242,143867.0,INLAND
403,1006,1006,464,-122.62,38.54,4.5167,223780.0,<1H OCEAN
438,1422,1422,515,-118.15,34.21,5.4727,264590.0,INLAND
888,1812,1812,944,-122.25,38.16,2.9375,131588.0,NEAR BAY
269,854,854,261,-117.73,34.07,2.2596,116071.0,INLAND
593,1342,1342,852,-118.53,34.37,3.9118,233200.02,<1H OCEAN
584,3117,3117,664,-118.15,34.18,2.3029,155535.0,<1H OCEAN
532,1679,1679,561,-117.86,33.76,4.7083,207015.0,<1H OCEAN
318,1201,1201,360,-118.18,33.79,1.2206,133632.0,NEAR OCEAN
1445,3620,3620,1532,-118.09,34.1,2.7436,206886.0,<1H OCEAN
195,588,588,471,-122.81,40.93,2.7083,83923.0,INLAND
1526,4419,4419,1624,-117.84,34.1,3.8465,202642.0,<1H OCEAN
285,687,687,278,-118.12,33.83,5.0424,231085.0,<1H OCEAN
400,940,940,418,-121.63,39.15,1.5613,66087.0,INLAND
1052,2540,2540,1092,-118.54,34.05,8.565,483523.75,<1H OCEAN
450,1300,1300,495,-118.2,33.8,3.9792,207118.0,NEAR OCEAN
721,1398,1398,812,-121.3,37.96,1.125,95720.0,INLAND
280,862,862,312,-117.17,33.28,5.1786,212037.0,<1H OCEAN
426,793,793,504,-121.95,36.6,7.1198,466627.6,NEAR OCEAN
248,679,679,240,-117.79,33.69,5.7115,231957.0,<1H OCEAN
797,2568,2568,831,-118.03,33.84,5.4746,253859.01,<1H OCEAN
1169,2954,2954,1278,-121.22,38.68,3.4506,143052.0,INLAND
288,629,629,299,-121.77,37.68,4.6806,201976.0,INLAND
226,754,754,272,-115.93,35.55,3.4028,73124.0,INLAND
63,129,129,92,-119.02,35.38,1.1875,76058.0,INLAND
481,1676,1676,526,-119.76,36.75,1.6548,55480.0,INLAND
694,1956,1956,708,-118.17,33.85,4.2218,196271.0,<1H OCEAN
349,791,791,346,-124.16,40.78,3.8,117723.0,NEAR OCEAN
297,980,980,319,-118.02,34.13,7.7307,410349.2,INLAND
298,934,934,327,-117.16,34.9,2.7305,76201.0,INLAND
548,1399,1399,581,-121.8,38.01,2.7234,106222.0,INLAND
175,494,494,230,-122.05,39.34,2.875,88325.0,INLAND
630,1659,1659,603,-122.54,38.14,7.5412,419121.1,NEAR BAY
509,1622,1622,531,-119.82,34.44,2.7689,235607.0,NEAR OCEAN
161,690,690,201,-118.23,34.09,2.0476,179102.0,<1H OCEAN
875,1844,1844,1034,-121.96,36.97,3.0777,250507.0,NEAR OCEAN
328,838,838,322,-118.09,33.8,4.4831,217172.0,<1H OCEAN
527,1304,1304,569,-119.7,34.47,7.7261,398385.11,<1H OCEAN
963,2948,2948,1108,-117.25,34.06,3.0042,110976.0,INLAND
312,877,877,342,-123.21,39.07,3.7833,143950.0,<1H OCEAN
701,2459,2459,749,-121.87,37.28,3.9688,197097.0,<1H OCEAN
139,486,486,149,-117.33,34.06,2.5673,90350.0,INLAND
781,3425,3425,813,-118.37,33.94,2.3675,176098.0,<1H OCEAN
623,2221,2221,598,-117.97,33.68,7.3731,333261.0,<1H OCEAN
363,1293,1293,387,-121.84,37.27,5.5,244072.0,<1H OCEAN
311,836,836,303,-122.16,37.7,4.4375,201041.0,NEAR BAY
718,2429,2429,711,-118.07,33.67,9.5268,488271.61,NEAR OCEAN
897,2896,2896,942,-117.17,34.51,3.4875,122331.0,INLAND
451,653,653,471,-117.16,32.72,1.2668,166814.0,NEAR OCEAN
527,930,930,512,-117.11,32.78,3.6528,169836.0,NEAR OCEAN
435,1469,1469,449,-120.64,37.38,2.5129,84401.0,INLAND
515,1361,1361,486,-122.66,40.52,4.5357,195385.0,INLAND
213,994,994,215,-122.23,37.78,3.0257,159064.0,NEAR BAY
404,1251,1251,487,-117.99,33.71,3.6696,210030.0,<1H OCEAN
445,1157,1157,495,-121.42,38.65,2.098,84161.0,INLAND
52,138,138,58,-121.27,38.02,2.9821,136380.0,INLAND
390,910,910,433,-120.4,37.98,2.6696,116081.0,INLAND
1102,2773,2773,1186,-118.13,34.09,2.7816,217329.0,<1H OCEAN
494,1293,1293,509,-122.24,40.16,2.035,63990.0,INLAND
297,928,928,295,-117.79,33.68,5.7858,234569.0,<1H OCEAN
535,2654,2654,625,-116.2,33.7,2.2989,73206.0,INLAND
736,2287,2287,776,-118.27,34.15,3.008,216565.0,<1H OCEAN
961,1963,1963,1040,-118.42,34.16,3.9028,340272.05,<1H OCEAN
239,827,827,250,-117.08,33.14,4.3846,172632.0,<1H OCEAN
668,1514,1514,684,-117.27,34.12,1.462,73312.0,INLAND
529,1818,1818,541,-116.88,33.02,5.2596,197785.0,<1H OCEAN
452,1131,1131,484,-122.4,40.71,2.1458,74437.0,INLAND
442,1220,1220,424,-122.33,37.93,3.0156,131897.0,NEAR BAY
1327,4558,4558,1335,-118.26,33.85,5.542,272624.01,<1H OCEAN
1911,6686,6686,2031,-117.23,33.89,4.1953,149931.0,INLAND
647,1882,1882,670,-122.74,38.48,4.551,222572.0,<1H OCEAN
459,1577,1577,499,-122.33,38.29,5.3351,217247.0,NEAR BAY
1429,2492,2492,1538,-118.44,34.05,4.1141,442812.63,<1H OCEAN
350,1252,1252,424,-120.75,37.44,3.6182,139105.0,INLAND
433,1147,1147,456,-117.13,33.14,4.0495,176774.0,<1H OCEAN
499,1235,1235,575,-118.33,34.16,3.7941,284189.01,<1H OCEAN
341,1146,1146,343,-121.87,37.26,5.6223,254348.0,<1H OCEAN
240,761,761,251,-120.41,34.87,4.9028,188480.0,<1H OCEAN
211,542,542,223,-122.2,37.83,8.401,454954.32,NEAR BAY
74,138,138,63,-122.11,37.4,4.6591,298723.12,NEAR BAY
1031,1685,1685,1125,-118.29,34.11,2.3789,243484.02,<1H OCEAN
695,1792,1792,758,-122.03,37.3,5.4842,365159.03,<1H OCEAN
376,1145,1145,393,-122.03,37.86,7.2655,344001.0,NEAR BAY
244,425,425,395,-122.73,39.04,1.9833,92153.0,INLAND
537,1528,1528,557,-117.96,33.78,2.4931,177894.0,<1H OCEAN
1030,2320,2320,1211,-118.27,34.14,2.7685,236682.0,<1H OCEAN
1780,4356,4356,1887,-120.99,37.7,3.5877,140495.0,INLAND
433,1468,1468,425,-117.05,33.01,10.6186,484058.64,<1H OCEAN
956,1981,1981,1024,-118.13,33.88,2.2027,159204.0,<1H OCEAN
533,1699,1699,551,-122.01,37.3,8.0837,407278.1,<1H OCEAN
482,1236,1236,535,-118.35,33.91,4.8409,245192.0,<1H OCEAN
249,635,635,268,-117.08,32.8,3.375,146119.0,NEAR OCEAN
611,1449,1449,571,-120.59,35.11,3.5744,179979.0,<1H OCEAN
557,1469,1469,572,-118.31,33.8,3.7167,276066.0,<1H OCEAN
433,1355,1355,460,-118.32,34.02,2.0304,127981.0,<1H OCEAN
401,1357,1357,401,-118.44,34.29,3.1588,164806.0,<1H OCEAN
195,673,673,200,-118.86,34.22,6.2708,283477.0,<1H OCEAN
455,1343,1343,493,-122.06,37.36,6.0777,395663.16,<1H OCEAN
1513,3362,3362,1590,-121.54,38.51,4.2216,176624.0,INLAND
510,1568,1568,543,-118.28,34.08,2.7366,203247.0,<1H OCEAN
414,1371,1371,440,-118.35,33.89,3.0833,229128.0,<1H OCEAN
586,1693,1693,606,-122.75,38.46,2.6384,136758.0,<1H OCEAN
292,876,876,291,-122.25,37.52,4.3594,319575.09,NEAR BAY
539,1673,1673,550,-122.01,38.37,5.778,188275.0,INLAND
288,943,943,280,-119.09,36.21,1.9861,57140.0,INLAND
502,805,805,484,-124.08,40.86,1.1157,88703.0,NEAR OCEAN
162,421,421,392,-120.11,39.21,4.5795,147330.0,INLAND
277,553,553,324,-122.66,37.93,4.1792,333317.06,NEAR OCEAN
482,1516,1516,624,-122.16,37.75,1.5625,126143.0,NEAR BAY
320,629,629,317,-118.36,34.14,3.6823,383631.08,<1H OCEAN
184,667,667,214,-118.95,35.26,4.0,93520.0,INLAND
512,1664,1664,515,-117.06,32.68,2.375,121731.0,NEAR OCEAN
513,1246,1246,511,-120.42,34.96,2.212,129113.0,<1H OCEAN
614,1524,1524,605,-122.3,37.92,6.0677,333957.01,NEAR BAY
280,744,744,291,-118.11,33.8,4.66,224824.0,<1H OCEAN
542,1239,1239,584,-121.85,38.0,2.0411,104872.0,INLAND
316,767,767,331,-117.17,32.69,5.3177,237511.01,NEAR OCEAN
1067,2595,2595,1049,-121.73,37.71,3.9864,182947.0,INLAND
266,706,706,312,-117.94,33.86,2.1432,126702.0,<1H OCEAN
668,1606,1606,668,-117.25,34.41,2.1875,92607.0,INLAND
279,1056,1056,294,-117.46,33.94,3.5227,112361.0,INLAND
405,1375,1375,412,-118.01,34.1,3.4609,194838.0,INLAND
729,1640,1640,768,-117.22,32.73,3.8409,319760.08,NEAR OCEAN
606,1602,1602,614,-122.11,37.88,6.4666,343739.02,NEAR BAY
445,872,872,458,-122.25,37.77,3.2685,216807.0,NEAR BAY
503,1098,1098,560,-122.46,38.29,2.364,191123.0,NEAR BAY
368,874,874,377,-118.44,34.0,4.1083,362171.13,<1H OCEAN
174,409,409,294,-120.1,39.2,3.087,146495.0,INLAND
741,2083,2083,779,-122.21,38.09,3.8667,147731.0,NEAR BAY
538,1582,1582,560,-117.43,34.08,4.263,148644.0,INLAND
582,1315,1315,618,-122.47,37.87,11.5706,495777.95,NEAR BAY
455,1766,1766,476,-117.87,33.87,2.4929,172128.0,<1H OCEAN
1109,2980,2980,1143,-118.48,34.14,10.3599,500001.0,<1H OCEAN
171,504,504,184,-121.43,39.18,2.1667,99010.0,INLAND
372,1130,1130,373,-121.23,37.79,4.0815,169898.0,INLAND
664,1884,1884,682,-120.7,35.28,4.6071,252405.01,NEAR OCEAN
273,697,697,277,-120.44,34.68,6.2685,363713.06,NEAR OCEAN
250,619,619,267,-117.1,32.76,2.9286,143403.0,NEAR OCEAN
562,1314,1314,600,-124.14,40.57,2.1354,80844.0,<1H OCEAN
714,1501,1501,794,-118.18,37.35,2.1212,107137.0,INLAND
329,996,996,317,-118.14,34.18,3.9688,222640.0,<1H OCEAN
469,1240,1240,448,-117.19,32.83,4.0114,194682.0,NEAR OCEAN
296,552,552,321,-118.42,33.9,5.9596,450806.45,<1H OCEAN
793,3017,3017,826,-118.07,33.97,2.4607,170668.0,<1H OCEAN
260,736,736,238,-121.3,37.96,3.6591,130466.0,INLAND
472,1103,1103,483,-121.53,38.56,2.9375,113598.0,INLAND
208,596,596,204,-122.54,37.96,10.129,474697.74,NEAR BAY
447,892,892,436,-118.17,34.11,3.6406,227471.0,<1H OCEAN
18,36,36,107,-119.95,38.95,2.625,151341.03,INLAND
778,2118,2118,885,-118.53,34.18,4.2083,275792.01,<1H OCEAN
1092,2966,2966,1116,-119.08,35.36,4.5791,119985.0,INLAND
444,1194,1194,448,-119.76,36.74,1.3029,58553.0,INLAND
278,1274,1274,268,-117.97,34.05,3.6563,168162.0,<1H OCEAN
365,1121,1121,331,-118.95,34.18,6.0994,289792.01,<1H OCEAN
629,1363,1363,666,-117.32,33.96,3.7585,126381.0,INLAND
226,840,840,228,-118.45,34.29,2.3375,167423.01,<1H OCEAN
408,791,791,409,-118.14,33.77,5.8408,388459.13,NEAR OCEAN
41,88,88,115,-119.93,37.85,4.0833,157563.0,INLAND
1196,2023,2023,1268,-122.44,37.77,4.4085,466652.74,NEAR BAY
327,806,806,328,-117.21,32.83,3.5078,206460.0,NEAR OCEAN
302,782,782,338,-116.97,32.79,2.6635,150539.0,<1H OCEAN
472,1248,1248,484,-124.09,40.95,2.5893,104083.0,NEAR OCEAN
388,986,986,366,-118.31,33.73,5.4533,345402.12,NEAR OCEAN
330,2083,2083,353,-117.89,33.74,3.2292,162061.0,<1H OCEAN
275,1098,1098,283,-117.95,33.75,6.6355,322173.0,<1H OCEAN
619,1557,1557,606,-117.03,32.73,3.5861,129063.0,NEAR OCEAN
465,1697,1697,481,-122.41,37.71,3.4773,231519.0,NEAR BAY
457,1329,1329,435,-118.13,34.17,3.2898,189347.0,<1H OCEAN
304,1334,1334,347,-120.04,36.95,1.3594,53291.0,INLAND
260,775,775,267,-121.99,37.27,5.9658,311303.0,<1H OCEAN
214,763,763,238,-118.26,34.07,2.5227,182338.0,<1H OCEAN
1955,4266,4266,2127,-116.91,33.75,2.3169,107182.0,INLAND
156,373,373,158,-122.08,37.4,5.9291,333277.07,NEAR BAY
212,826,826,225,-118.19,33.91,2.7708,132429.0,<1H OCEAN
731,1567,1567,791,-122.67,38.47,2.4722,175767.0,<1H OCEAN
185,455,455,179,-122.04,37.62,4.2857,203846.0,NEAR BAY
251,705,705,239,-121.95,37.24,6.0957,331532.0,<1H OCEAN
192,707,707,208,-118.28,33.95,1.4103,95325.0,<1H OCEAN
825,3132,3132,862,-117.79,33.71,7.1069,317655.0,<1H OCEAN
668,1058,1058,743,-118.48,34.0,3.2061,404591.22,<1H OCEAN
304,863,863,481,-116.3,33.68,2.8882,116062.0,INLAND
612,1471,1471,630,-117.04,32.66,4.1442,154006.0,NEAR OCEAN
104,272,272,145,-116.8,33.52,3.8281,236676.2,INLAND
702,1913,1913,765,-118.22,33.98,1.2059,134702.0,<1H OCEAN
309,1249,1249,315,-118.1,34.1,2.6553,186204.0,<1H OCEAN
382,1036,1036,379,-122.09,37.4,5.1408,338176.07,NEAR BAY
452,946,946,495,-121.93,37.34,3.0375,237573.0,<1H OCEAN
393,548,548,415,-121.75,37.3,2.5052,225066.02,<1H OCEAN
300,891,891,292,-121.78,37.34,7.375,363894.03,<1H OCEAN
363,1145,1145,385,-121.77,38.76,2.8365,104774.0,INLAND
719,1726,1726,708,-117.02,32.78,3.3675,167200.0,<1H OCEAN
435,899,899,444,-118.33,33.88,3.1505,245163.0,<1H OCEAN
67,238,238,65,-121.81,38.84,2.8542,129802.0,INLAND
1242,2619,2619,1315,-122.42,37.77,2.5755,290483.1,NEAR BAY
613,1953,1953,640,-118.23,33.92,1.2222,102712.0,<1H OCEAN
623,1677,1677,664,-122.25,37.53,7.6864,446477.29,NEAR BAY
328,850,850,360,-121.47,38.61,1.6331,70086.0,INLAND
980,2631,2631,1401,-116.94,34.4,2.1339,99699.0,INLAND
338,841,841,338,-121.92,37.33,5.5259,330048.0,<1H OCEAN
206,640,640,222,-118.36,33.9,3.5313,221299.0,<1H OCEAN
471,1583,1583,461,-122.49,37.68,5.0659,285725.0,NEAR OCEAN
441,1777,1777,437,-118.29,34.03,2.0848,143987.0,<1H OCEAN
563,1543,1543,804,-118.09,34.7,2.8548,120341.0,INLAND
226,557,557,239,-120.07,36.96,3.6181,115953.0,INLAND
621,2089,2089,659,-121.82,37.81,8.3209,372012.14,INLAND
337,1175,1175,376,-122.07,37.63,3.7292,169655.0,NEAR BAY
56,149,149,64,-122.12,37.28,5.8691,400883.28,<1H OCEAN
390,1066,1066,360,-122.01,37.37,7.2165,372337.09,<1H OCEAN
341,1238,1238,415,-117.31,34.1,2.0089,74649.0,INLAND
66,287,287,71,-117.9,33.71,6.3427,257546.07,<1H OCEAN
370,898,898,416,-121.89,37.34,2.1714,206172.01,<1H OCEAN
139,413,413,128,-118.08,34.13,5.9546,399928.07,INLAND
239,690,690,244,-119.23,34.3,6.9483,452692.69,NEAR OCEAN
182,338,338,448,-115.73,33.35,1.2132,60013.0,INLAND
434,1266,1266,427,-117.08,32.63,2.2788,118777.0,NEAR OCEAN
1091,2804,2804,1213,-122.05,37.95,2.85,172132.0,NEAR BAY
390,1050,1050,369,-118.27,34.24,6.3688,357041.12,<1H OCEAN
431,1401,1401,414,-117.01,32.85,5.4903,211582.0,<1H OCEAN
437,1155,1155,457,-118.19,34.11,3.4227,196149.0,<1H OCEAN
294,906,906,318,-122.41,37.66,3.0052,217568.0,NEAR OCEAN
24,130,130,44,-117.37,33.98,2.025,158129.0,INLAND
593,1143,1143,639,-118.41,33.89,6.348,470535.58,<1H OCEAN
335,1128,1128,312,-119.19,34.2,2.1542,149831.01,NEAR OCEAN
21,37,37,22,-121.84,38.02,0.536,152622.09,INLAND
605,2016,2016,625,-121.03,37.68,2.6567,117743.0,INLAND
451,895,895,506,-123.85,39.42,1.7574,102136.0,<1H OCEAN
146,406,406,141,-120.37,40.17,2.1198,82175.0,INLAND
199,565,565,220,-122.32,37.92,3.3594,184864.0,NEAR BAY
157,334,334,180,-117.66,33.48,2.3846,148694.0,<1H OCEAN
604,1627,1627,626,-118.18,33.87,3.7527,174412.0,<1H OCEAN
457,1626,1626,511,-118.08,33.93,3.5556,161150.0,<1H OCEAN
297,1011,1011,277,-122.78,38.41,2.5917,157714.0,<1H OCEAN
440,2178,2178,431,-119.29,36.34,1.2634,51426.0,INLAND
887,1319,1319,938,-122.43,37.79,4.3986,474355.64,NEAR BAY
345,1036,1036,325,-117.97,33.76,4.0508,203003.0,<1H OCEAN
183,407,407,167,-122.13,37.66,4.3456,195258.0,NEAR BAY
754,2118,2118,777,-118.16,34.07,3.6364,217878.0,<1H OCEAN
336,1209,1209,396,-118.2,33.77,2.7813,172334.0,NEAR OCEAN
357,1154,1154,358,-118.27,33.95,1.2091,94894.0,<1H OCEAN
364,1000,1000,387,-120.88,38.16,4.0109,152603.0,INLAND
187,613,613,219,-119.01,35.34,1.5625,45664.0,INLAND
625,1295,1295,635,-121.45,38.57,5.1169,203057.0,INLAND
293,941,941,298,-120.68,35.51,4.3218,236257.01,<1H OCEAN
234,676,676,222,-117.2,34.04,6.0715,184861.04,INLAND
527,1554,1554,574,-121.83,37.2,6.8333,344091.08,<1H OCEAN
322,920,920,325,-122.54,37.76,3.96,294539.01,NEAR OCEAN
404,894,894,417,-122.26,37.88,6.2425,372511.03,NEAR BAY
448,714,714,470,-122.44,37.8,3.2447,454303.24,NEAR BAY
413,1348,1348,389,-117.95,33.83,4.9394,218828.0,<1H OCEAN
459,1354,1354,456,-117.83,33.82,5.7817,248181.0,<1H OCEAN
364,910,910,386,-119.18,34.27,5.215,274106.02,NEAR OCEAN
366,1186,1186,371,-118.27,33.97,1.64,101904.01,<1H OCEAN
228,557,557,202,-118.13,33.96,4.0,243827.0,<1H OCEAN
305,810,810,319,-118.11,33.8,4.3897,223618.0,<1H OCEAN
449,1442,1442,443,-116.89,32.82,5.0201,199119.0,<1H OCEAN
1907,4723,4723,2005,-117.93,34.15,4.0393,201263.0,INLAND
365,1142,1142,389,-121.93,38.01,5.3363,179335.0,INLAND
401,1191,1191,378,-118.54,34.25,6.2788,302243.02,<1H OCEAN
247,890,890,284,-118.28,34.0,1.2778,106588.0,<1H OCEAN
245,1079,1079,250,-118.22,34.07,1.7463,156889.0,<1H OCEAN
211,481,481,206,-121.59,39.75,2.2,86749.0,INLAND
527,1687,1687,558,-121.91,38.02,3.4817,125122.0,INLAND
521,963,963,548,-122.28,37.87,1.9805,172879.0,NEAR BAY
128,287,287,127,-122.3,37.86,2.75,153108.0,NEAR BAY
462,1452,1452,508,-117.08,32.75,2.0077,112358.0,NEAR OCEAN
918,1674,1674,1073,-117.2,33.72,2.5335,132664.0,<1H OCEAN
505,1269,1269,502,-119.15,34.3,2.98,207970.0,NEAR OCEAN
366,750,750,364,-118.38,33.82,5.9907,450363.19,NEAR OCEAN
460,865,865,493,-119.7,34.4,3.0938,250005.0,NEAR OCEAN
453,1401,1401,465,-122.07,37.63,4.5913,206931.0,NEAR BAY
275,858,858,292,-120.35,37.04,2.9306,105565.0,INLAND
19,26,26,114,-122.89,39.42,0.4999,157847.94,INLAND
225,568,568,208,-122.16,37.7,2.9917,169342.0,NEAR BAY
460,1219,1219,417,-119.67,36.73,4.9196,119067.0,INLAND
303,971,971,290,-122.35,37.95,3.6094,150200.0,NEAR BAY
393,1769,1769,382,-118.21,33.93,2.6953,133711.0,<1H OCEAN
319,771,771,314,-117.29,34.14,2.5417,93245.0,INLAND
302,1466,1466,317,-117.74,34.05,2.625,124018.0,INLAND
648,1301,1301,690,-118.14,33.77,3.2917,300178.04,NEAR OCEAN
340,1019,1019,318,-122.05,37.68,6.1104,304394.0,NEAR BAY
281,1322,1322,305,-118.19,34.04,1.9688,139389.0,<1H OCEAN
205,501,501,208,-121.32,38.66,3.95,163122.0,INLAND
397,1318,1318,417,-118.94,35.39,7.7751,257873.01,INLAND
340,950,950,339,-118.58,34.22,4.875,233609.0,<1H OCEAN
109,317,317,174,-117.15,34.22,7.2371,241072.0,INLAND
2232,6693,6693,2210,-121.79,37.66,5.98,304991.0,INLAND
275,715,715,254,-123.36,39.4,1.5625,87435.0,<1H OCEAN
630,1798,1798,644,-117.13,32.9,3.7156,170142.0,<1H OCEAN
599,1784,1784,623,-117.13,32.72,1.901,134271.0,NEAR OCEAN
368,1310,1310,387,-121.22,37.72,2.6368,104656.0,INLAND
263,842,842,275,-118.88,34.19,7.7889,399702.09,<1H OCEAN
536,1803,1803,504,-121.84,37.24,6.7836,308393.0,<1H OCEAN
749,2023,2023,744,-122.0,37.54,5.1616,227513.0,<1H OCEAN
235,1030,1030,270,-118.25,34.01,1.0898,112991.0,<1H OCEAN
690,2032,2032,714,-118.07,33.98,3.2093,173895.0,<1H OCEAN
214,599,599,219,-118.16,33.89,3.2813,172961.0,<1H OCEAN
400,939,939,425,-118.41,34.19,2.8021,223756.0,<1H OCEAN
600,1344,1344,764,-119.29,34.26,3.6007,220502.01,NEAR OCEAN
1482,5221,5221,1493,-117.38,34.14,5.246,194156.0,INLAND
484,1631,1631,466,-120.45,37.32,3.6471,113400.0,INLAND
1818,6912,6912,1856,-121.39,39.12,2.0943,149178.0,INLAND
492,910,910,654,-117.65,33.4,3.5729,336423.22,NEAR OCEAN
253,756,756,264,-120.76,37.58,3.6181,153245.0,INLAND
487,1374,1374,503,-117.25,34.13,3.6856,105585.0,INLAND
240,581,581,245,-121.9,37.36,2.9545,212657.02,<1H OCEAN
187,788,788,206,-118.24,34.0,0.9463,106183.0,<1H OCEAN
970,3740,3740,969,-118.19,33.96,2.0162,153879.0,<1H OCEAN
493,1895,1895,511,-118.2,33.94,2.5029,154748.0,<1H OCEAN
389,1124,1124,414,-117.77,34.11,3.75,155289.0,INLAND
277,791,791,297,-122.08,37.08,4.425,249506.01,NEAR OCEAN
817,3663,3663,857,-118.41,34.25,3.2284,195403.0,<1H OCEAN
398,868,868,458,-118.61,34.31,5.0151,237911.01,<1H OCEAN
162,427,427,189,-122.46,37.98,12.0933,471830.74,NEAR BAY
339,906,906,340,-121.33,37.96,2.5488,86961.0,INLAND
399,1432,1432,497,-120.46,37.51,2.9,109170.0,INLAND
185,543,543,177,-118.07,34.1,3.2361,215870.0,<1H OCEAN
369,1005,1005,381,-122.23,37.82,8.1872,422432.12,NEAR BAY
245,692,692,272,-118.11,33.84,4.8594,221863.0,<1H OCEAN
703,2074,2074,762,-122.31,38.32,3.285,174323.0,NEAR BAY
612,2829,2829,656,-121.84,37.29,4.775,204667.0,<1H OCEAN
572,954,954,622,-122.43,37.8,4.5399,495710.91,NEAR BAY
197,491,491,271,-118.09,33.71,8.7397,448364.42,NEAR OCEAN
579,1946,1946,657,-117.23,33.23,2.9875,161256.0,<1H OCEAN
297,717,717,325,-120.66,40.42,2.5074,81527.0,INLAND
467,1070,1070,469,-122.64,38.23,3.3011,206563.0,<1H OCEAN
1000,1675,1675,1108,-122.27,37.87,1.7464,242184.0,NEAR BAY
857,2095,2095,912,-123.85,39.39,3.184,178251.0,<1H OCEAN
302,793,793,324,-122.04,37.62,3.2857,175091.0,NEAR BAY
813,2112,2112,848,-117.97,34.17,4.9968,229591.0,INLAND
411,1336,1336,418,-121.88,37.35,2.8167,192026.0,<1H OCEAN
775,2211,2211,780,-121.35,38.55,3.9934,150195.0,INLAND
223,574,574,221,-117.11,32.73,3.8355,129638.0,NEAR OCEAN
363,992,992,341,-118.15,33.94,4.2594,236209.0,<1H OCEAN
212,615,615,207,-117.94,33.84,3.6214,194889.0,<1H OCEAN
1722,4827,4827,1847,-121.06,37.7,3.462,135838.0,INLAND
563,1682,1682,602,-117.87,33.88,3.6417,189145.0,<1H OCEAN
1044,2046,2046,1100,-117.16,32.81,2.2899,155709.0,NEAR OCEAN
292,945,945,332,-119.41,36.68,3.4044,100636.0,INLAND
947,2420,2420,991,-118.31,33.8,4.0425,308659.0,<1H OCEAN
457,939,939,476,-121.43,38.57,3.5893,147829.0,INLAND
751,2378,2378,822,-117.28,34.12,1.3571,75193.0,INLAND
598,1624,1624,654,-122.21,38.41,5.5266,191768.0,INLAND
746,2328,2328,773,-118.28,34.08,2.6178,192422.0,<1H OCEAN
274,769,769,309,-118.48,34.16,8.7172,481009.73,<1H OCEAN
535,1665,1665,551,-121.95,38.43,5.1534,187098.0,INLAND
3671,10493,10493,4171,-118.09,34.68,4.0211,126694.0,INLAND
159,381,381,161,-118.41,34.0,2.8393,293766.05,<1H OCEAN
440,861,861,520,-121.81,37.25,4.4565,273449.01,<1H OCEAN
537,1538,1538,574,-122.23,38.33,5.5368,228028.0,NEAR BAY
158,358,358,176,-118.42,34.03,3.3542,380104.06,<1H OCEAN
660,1859,1859,678,-118.67,34.27,4.9946,233523.01,<1H OCEAN
522,1954,1954,540,-117.96,34.0,4.5163,192335.0,<1H OCEAN
1451,3141,3141,1702,-116.95,33.76,1.7079,95742.0,INLAND
368,1369,1369,391,-119.79,36.72,1.25,52018.0,INLAND
201,574,574,235,-120.45,34.64,2.0865,180210.0,NEAR OCEAN
34,191,191,31,-122.28,37.8,0.75,190564.09,NEAR BAY
422,801,801,452,-118.29,33.72,3.5109,316649.07,NEAR OCEAN
442,1110,1110,484,-117.74,35.65,3.1755,75254.0,INLAND
250,706,706,250,-118.13,33.96,4.5625,245353.0,<1H OCEAN
344,1173,1173,374,-119.56,36.71,2.181,64145.0,INLAND
202,606,606,219,-117.25,32.86,12.4429,499128.94,NEAR OCEAN
543,1781,1781,602,-118.97,35.37,1.8819,67573.0,INLAND
617,2140,2140,662,-118.34,34.04,2.2254,164262.0,<1H OCEAN
112,270,270,112,-120.92,37.7,1.6172,120005.0,INLAND
461,2239,2239,486,-118.25,34.02,1.913,113115.0,<1H OCEAN
309,988,988,300,-118.06,33.97,3.9612,171217.0,<1H OCEAN
472,1015,1015,1283,-114.31,34.19,1.4936,72795.0,INLAND
859,1950,1950,955,-117.62,33.43,4.0647,306511.06,NEAR OCEAN
387,1151,1151,379,-118.06,34.14,8.4889,465310.52,INLAND
829,1091,1091,967,-121.49,38.57,1.2209,141563.0,INLAND
1094,2417,2417,1256,-117.67,34.09,2.7266,136405.0,INLAND
398,1003,1003,391,-122.26,38.0,4.2269,164169.0,NEAR BAY
473,1466,1466,528,-121.04,37.78,2.5643,102994.0,INLAND
247,880,880,229,-122.0,37.39,5.791,272518.01,<1H OCEAN
770,3651,3651,778,-121.81,37.33,7.2982,346813.01,<1H OCEAN
1178,3275,3275,1348,-121.26,38.7,4.3826,171051.0,INLAND
360,1389,1389,364,-118.21,33.89,2.7443,117216.0,<1H OCEAN
77,152,152,117,-120.74,39.39,1.3523,85756.99,INLAND
439,978,978,441,-117.12,32.74,3.2708,166671.0,NEAR OCEAN
139,278,278,170,-119.59,34.39,3.6969,257030.01,<1H OCEAN
452,1760,1760,477,-118.2,33.96,2.3221,154202.0,<1H OCEAN
797,2484,2484,834,-121.99,37.39,4.8145,250153.0,<1H OCEAN
1105,4224,4224,1185,-121.49,38.47,2.3496,99840.0,INLAND
35,193,193,30,-117.92,34.0,3.8125,187467.01,<1H OCEAN
1875,5452,5452,1934,-118.6,34.13,9.1232,496819.9,<1H OCEAN
2723,8805,8805,3032,-117.29,33.97,4.6667,149895.0,INLAND
338,1132,1132,364,-118.22,34.06,2.2344,146472.0,<1H OCEAN
201,544,544,247,-120.08,39.61,2.7778,77083.0,INLAND
693,1874,1874,730,-121.04,39.0,4.8051,195361.0,INLAND
290,679,679,378,-117.69,33.47,5.756,294855.06,<1H OCEAN
597,1693,1693,672,-117.22,33.22,3.3882,173380.0,<1H OCEAN
320,1077,1077,308,-118.06,33.97,4.3203,171737.0,<1H OCEAN
128,260,260,169,-121.49,38.51,2.9219,117965.0,INLAND
759,2716,2716,725,-117.73,34.07,4.1339,164206.0,INLAND
376,1925,1925,365,-117.87,33.74,2.7632,156276.0,<1H OCEAN
631,1911,1911,657,-118.09,33.79,5.8491,300486.0,<1H OCEAN
308,874,874,330,-118.06,34.1,4.8594,244438.02,<1H OCEAN
909,2047,2047,933,-118.5,34.2,4.1304,276331.0,<1H OCEAN
714,1686,1686,719,-119.35,36.32,3.8235,95996.0,INLAND
214,931,931,214,-120.19,36.6,1.5536,55772.0,INLAND
645,2151,2151,695,-117.92,34.11,3.2202,163839.0,<1H OCEAN
665,1262,1262,715,-122.44,38.34,1.9487,158251.0,<1H OCEAN
370,976,976,356,-117.9,34.08,5.212,221495.0,<1H OCEAN
991,3031,3031,979,-117.27,34.4,3.3438,101572.0,INLAND
13,44,44,19,-120.19,38.07,0.4999,153762.08,INLAND
307,982,982,319,-118.0,33.76,2.9083,189735.0,<1H OCEAN
519,1187,1187,533,-122.12,37.42,5.2803,371833.02,NEAR BAY
439,1182,1182,488,-122.35,37.93,2.3352,112885.0,NEAR BAY
647,2204,2204,692,-117.68,34.07,1.7806,117117.0,INLAND
92,311,311,133,-117.32,33.51,5.2066,280293.13,<1H OCEAN
447,1088,1088,495,-121.8,38.01,2.2532,112968.0,INLAND
20,51,51,130,-119.57,37.94,3.4861,141840.0,INLAND
930,4551,4551,1003,-118.21,33.92,1.9026,135950.0,<1H OCEAN
902,2725,2725,994,-121.32,38.15,3.9323,149526.0,INLAND
420,1575,1575,434,-118.27,33.82,4.1292,187437.0,<1H OCEAN
807,2372,2372,838,-118.54,34.26,5.6912,267150.02,<1H OCEAN
178,437,437,199,-118.34,33.99,3.7344,180074.0,<1H OCEAN
975,2246,2246,1055,-122.48,37.79,4.1148,427070.18,NEAR BAY
483,898,898,519,-117.13,32.75,2.2264,171493.0,NEAR OCEAN
718,1283,1283,732,-117.13,32.76,2.1563,138050.0,NEAR OCEAN
676,2163,2163,749,-117.71,34.03,3.4267,146734.0,INLAND
416,1289,1289,451,-117.8,33.63,11.1121,492413.88,<1H OCEAN
338,805,805,328,-121.36,38.6,4.4643,148448.0,INLAND
688,2818,2818,816,-117.63,34.09,2.8977,121982.0,INLAND
520,1939,1939,558,-118.16,33.78,1.9808,155399.0,NEAR OCEAN
398,1179,1179,376,-122.33,37.97,3.5463,144309.0,NEAR BAY
1212,3087,3087,1374,-118.16,33.78,2.127,170653.0,NEAR OCEAN
723,960,960,806,-118.08,33.77,1.9074,157382.0,<1H OCEAN
706,2237,2237,797,-121.46,38.52,2.1736,88918.0,INLAND
512,1402,1402,554,-118.24,34.14,2.462,204420.0,<1H OCEAN
881,1503,1503,1153,-122.05,37.93,4.0473,233588.01,NEAR BAY
412,934,934,403,-122.32,37.96,3.375,164391.0,NEAR BAY
716,2054,2054,717,-117.93,33.8,4.2731,186030.0,<1H OCEAN
489,1490,1490,481,-121.25,38.69,4.5562,177680.0,INLAND
329,1475,1475,371,-119.26,36.5,2.5719,75856.0,INLAND
387,1048,1048,398,-118.32,33.75,9.267,498428.96,NEAR OCEAN
257,532,532,288,-121.43,38.56,2.5417,105025.0,INLAND
327,869,869,332,-122.2,37.78,4.5893,232688.0,NEAR BAY
515,1470,1470,514,-117.38,34.0,3.3687,120670.0,INLAND
343,1205,1205,323,-118.09,33.93,4.5306,185298.0,<1H OCEAN
795,1907,1907,836,-122.54,37.89,6.1275,428711.24,NEAR BAY
718,1782,1782,786,-117.24,34.06,3.2604,120165.0,INLAND
434,1335,1335,514,-117.93,33.64,2.7543,216804.0,<1H OCEAN
373,1419,1419,369,-121.86,37.4,5.8721,237094.01,<1H OCEAN
668,2005,2005,704,-117.1,32.73,2.2375,112642.0,NEAR OCEAN
204,1250,1250,203,-118.41,34.27,2.9219,152132.0,<1H OCEAN
1634,3331,3331,1699,-117.03,32.79,2.7006,153744.0,<1H OCEAN
352,818,818,346,-122.52,37.96,5.2818,343314.04,NEAR BAY
397,512,512,410,-118.35,34.07,4.0179,438900.31,<1H OCEAN
612,1867,1867,618,-119.77,36.32,3.9926,94574.0,INLAND
113,396,396,101,-117.12,32.71,0.6433,133138.0,NEAR OCEAN
945,2515,2515,1060,-118.37,33.97,2.7464,181854.0,<1H OCEAN
1147,2578,2578,1307,-117.31,34.15,3.3281,111123.0,INLAND
523,1243,1243,500,-122.24,38.12,4.2902,176477.0,NEAR BAY
200,563,563,220,-122.23,40.63,2.3287,79473.0,INLAND
325,1008,1008,335,-117.29,33.06,6.1509,321257.0,NEAR OCEAN
750,1623,1623,762,-118.53,34.16,3.6141,328919.05,<1H OCEAN
549,1642,1642,565,-117.66,33.57,8.0082,368895.01,<1H OCEAN
359,1127,1127,435,-119.63,36.58,1.2647,59252.0,INLAND
567,1057,1057,614,-117.24,32.75,2.2042,192755.04,NEAR OCEAN
354,1615,1615,375,-118.2,33.99,2.1468,159987.0,<1H OCEAN
1168,2933,2933,1816,-117.46,34.85,3.4912,78516.0,INLAND
264,577,577,281,-118.08,33.81,3.3155,211011.0,<1H OCEAN
476,1343,1343,510,-118.31,34.03,2.025,143408.0,<1H OCEAN
367,696,696,396,-118.08,33.72,7.1673,412528.39,NEAR OCEAN
260,683,683,266,-117.09,32.79,4.0982,171089.0,NEAR OCEAN
899,2782,2782,950,-121.88,37.24,8.3065,421575.03,<1H OCEAN
150,420,420,149,-118.31,34.19,3.0625,207041.01,<1H OCEAN
224,462,462,223,-117.77,33.53,3.2708,356568.38,<1H OCEAN
239,573,573,245,-122.32,37.95,4.35,181855.0,NEAR BAY
204,1071,1071,211,-118.24,33.94,1.2679,95216.01,<1H OCEAN
277,836,836,328,-122.21,37.77,2.2604,102999.0,NEAR BAY
763,1593,1593,764,-119.03,35.39,2.9821,90576.0,INLAND
1423,4399,4399,1523,-117.32,33.25,3.6301,163258.0,<1H OCEAN
380,1059,1059,398,-118.06,34.17,7.2419,380152.11,INLAND
76,312,312,45,-117.38,34.2,3.7578,166546.02,INLAND
245,734,734,239,-121.89,37.68,6.2918,271759.0,<1H OCEAN
123,475,475,129,-118.24,33.9,1.2083,125166.0,<1H OCEAN
219,711,711,211,-118.09,33.92,4.5699,176244.0,<1H OCEAN
508,1000,1000,623,-116.88,33.74,1.5982,88368.0,INLAND
315,1025,1025,312,-117.89,33.92,3.8333,184948.0,<1H OCEAN
137,477,477,163,-120.43,35.17,3.851,193786.0,<1H OCEAN
836,1555,1555,912,-122.4,37.76,4.119,267083.0,NEAR BAY
855,1914,1914,895,-118.19,33.82,3.5521,234478.0,NEAR OCEAN
365,1200,1200,396,-118.08,33.91,2.895,164241.0,<1H OCEAN
363,1224,1224,357,-117.07,32.57,2.7361,144609.0,NEAR OCEAN
1027,3680,3680,1042,-118.28,33.82,4.174,196818.0,<1H OCEAN
643,3343,3343,621,-121.3,38.02,2.5473,97056.0,INLAND
655,983,983,768,-117.87,33.69,3.7174,208271.0,<1H OCEAN
538,1624,1624,584,-120.95,37.67,4.3864,156569.0,INLAND
159,407,407,165,-122.42,37.62,4.8,312831.02,NEAR OCEAN
97,412,412,109,-121.3,37.94,1.3417,60450.0,INLAND
225,981,981,259,-118.08,33.89,3.2857,161217.0,<1H OCEAN
264,809,809,258,-117.82,33.73,5.0162,218311.0,<1H OCEAN
294,543,543,285,-118.39,34.01,2.3571,265007.02,<1H OCEAN
830,2806,2806,866,-118.18,33.97,2.2122,160285.0,<1H OCEAN
208,483,483,416,-118.98,37.65,4.5375,150780.98,INLAND
642,1203,1203,699,-122.71,38.35,2.3464,164829.0,<1H OCEAN
400,873,873,413,-117.87,34.13,3.12,189774.0,<1H OCEAN
1596,6437,6437,1603,-119.16,34.17,4.1279,226570.02,NEAR OCEAN
352,960,960,360,-117.97,33.63,6.1572,374240.06,NEAR OCEAN
15,32,32,15,-117.95,35.08,4.875,181575.01,INLAND
747,2601,2601,794,-120.44,34.95,2.2743,142619.0,<1H OCEAN
130,477,477,104,-118.2,33.92,3.6719,133446.0,<1H OCEAN
422,1147,1147,447,-117.23,33.19,3.6346,198781.0,<1H OCEAN
806,2506,2506,828,-117.14,34.07,5.5875,178942.0,INLAND
250,590,590,272,-118.41,33.92,5.2338,440862.44,<1H OCEAN
551,1150,1150,580,-118.4,34.16,4.2989,320150.0,<1H OCEAN
232,719,719,223,-118.71,34.27,3.163,206076.01,<1H OCEAN
1644,4218,4218,1791,-117.31,33.94,5.2713,174723.0,INLAND
492,1035,1035,500,-118.45,34.16,4.475,313947.01,<1H OCEAN
581,1366,1366,613,-121.01,37.66,4.5,149944.0,INLAND
323,909,909,324,-121.61,39.52,1.8661,69104.0,INLAND
800,1732,1732,817,-122.09,37.69,4.8036,216229.0,NEAR BAY
943,2756,2756,986,-122.07,37.44,2.9817,209191.0,NEAR BAY
47,124,124,48,-120.59,37.59,5.6945,189064.0,INLAND
122,294,294,398,-120.74,39.82,3.9583,136568.0,INLAND
581,1687,1687,1035,-116.54,33.87,1.9167,94246.0,INLAND
290,861,861,291,-121.94,37.73,6.2726,270277.0,<1H OCEAN
173,450,450,194,-118.83,34.14,10.1597,487996.77,NEAR OCEAN
317,777,777,330,-118.12,34.17,3.7159,248219.0,INLAND
307,1154,1154,315,-122.24,38.01,6.0102,249350.0,NEAR BAY
274,910,910,317,-120.1,36.96,4.8187,145116.0,INLAND
978,1729,1729,1027,-118.25,34.15,3.0441,243499.0,<1H OCEAN
583,2601,2601,632,-118.21,33.91,1.7824,141971.01,<1H OCEAN
329,1015,1015,365,-118.13,34.19,2.92,173730.0,INLAND
795,2032,2032,824,-118.2,34.13,4.0052,306499.0,<1H OCEAN
289,556,556,344,-117.18,32.68,3.25,307735.07,NEAR OCEAN
416,968,968,438,-117.28,34.14,3.4906,107901.0,INLAND
341,1054,1054,348,-118.99,35.39,1.8319,55886.0,INLAND
410,843,843,394,-119.03,35.38,3.0,74679.0,INLAND
545,1533,1533,552,-117.33,33.16,4.0585,234826.01,NEAR OCEAN
1015,1715,1715,1065,-122.25,37.8,2.9345,251451.0,NEAR BAY
272,759,759,271,-122.0,37.27,5.7876,311589.0,<1H OCEAN
380,839,839,388,-118.45,34.18,3.7171,236021.0,<1H OCEAN
107,232,232,118,-118.02,33.77,5.2077,233409.03,<1H OCEAN
409,1248,1248,427,-122.13,37.39,12.0372,500001.0,NEAR BAY
489,1814,1814,499,-122.45,37.7,4.0125,246332.0,NEAR OCEAN
1002,2475,2475,1143,-118.47,34.2,2.9025,213014.0,<1H OCEAN
286,830,830,302,-117.82,33.65,6.3822,312908.1,<1H OCEAN
758,2158,2158,807,-117.23,34.51,5.5875,212617.0,INLAND
581,1886,1886,580,-117.97,33.69,6.799,310787.0,<1H OCEAN
905,2726,2726,962,-117.15,33.16,3.5839,180362.0,<1H OCEAN
618,2546,2546,637,-121.32,36.43,2.7153,126915.0,<1H OCEAN
381,1395,1395,417,-118.26,33.89,2.8493,129827.0,<1H OCEAN
136,417,417,155,-122.45,40.61,2.3289,83840.0,INLAND
322,1100,1100,297,-118.08,33.91,5.1187,220713.0,<1H OCEAN
42,157,157,41,-117.02,32.64,6.5151,246058.03,NEAR OCEAN
958,2413,2413,1082,-118.58,34.17,5.6327,344055.05,<1H OCEAN
309,720,720,277,-121.31,37.97,5.1915,174495.0,INLAND
437,1095,1095,431,-122.47,37.75,4.0089,342099.0,NEAR BAY
393,1008,1008,427,-118.34,33.8,3.9408,317780.0,<1H OCEAN
1043,2242,2242,1355,-116.37,33.72,3.0021,120077.0,INLAND
356,753,753,377,-119.72,34.43,2.3454,259672.0,<1H OCEAN
23,61,61,20,-118.39,33.92,5.25,353015.06,<1H OCEAN
96,315,315,132,-118.18,33.81,1.75,159905.0,NEAR OCEAN
242,730,730,243,-121.25,38.68,4.9688,178563.0,INLAND
721,3260,3260,770,-118.19,34.02,2.3575,145518.0,<1H OCEAN
927,3155,3155,993,-118.3,34.09,2.2612,243694.01,<1H OCEAN
315,1142,1142,388,-121.45,38.53,1.7714,65713.0,INLAND
426,1181,1181,419,-117.06,32.75,3.0208,153419.0,NEAR OCEAN
781,2521,2521,815,-118.49,34.27,5.5714,240677.0,<1H OCEAN
896,2997,2997,948,-118.08,33.84,3.7961,180294.0,<1H OCEAN
284,514,514,279,-122.44,37.78,2.4196,328571.14,NEAR BAY
84,623,623,91,-117.9,33.66,6.6369,309940.07,<1H OCEAN
363,947,947,396,-119.02,35.36,2.2827,64913.0,INLAND
284,472,472,292,-122.53,38.01,3.4432,254490.0,NEAR BAY
743,2019,2019,787,-118.63,34.17,5.5798,331954.04,<1H OCEAN
410,853,853,408,-121.9,37.44,5.0821,243431.0,<1H OCEAN
559,1774,1774,651,-118.3,34.08,1.5685,216074.0,<1H OCEAN
260,899,899,258,-118.06,34.58,3.86,113024.96,INLAND
295,899,899,313,-118.11,33.83,4.918,223701.0,<1H OCEAN
327,1212,1212,335,-117.36,33.97,2.7596,104736.0,INLAND
440,1252,1252,448,-117.24,32.85,10.0707,450677.56,NEAR OCEAN
330,1032,1032,379,-117.9,33.74,2.2105,180864.0,<1H OCEAN
1141,2680,2680,1229,-117.25,34.14,2.2482,96765.0,INLAND
1018,2975,2975,1036,-118.03,34.01,6.2319,335884.0,<1H OCEAN
395,1379,1379,404,-118.09,33.94,3.8542,174567.0,<1H OCEAN
401,1120,1120,399,-118.47,34.25,4.1492,221200.0,<1H OCEAN
583,2017,2017,633,-118.3,33.93,1.3962,104683.0,<1H OCEAN
680,1373,1373,748,-118.37,34.16,3.6128,292085.0,<1H OCEAN
249,517,517,311,-122.26,37.83,1.2852,115134.01,NEAR BAY
277,645,645,272,-122.07,37.7,4.125,192584.0,NEAR BAY
288,899,899,314,-118.49,34.22,5.0325,239826.01,<1H OCEAN
256,686,686,267,-121.17,38.68,3.0,141262.0,INLAND
360,856,856,393,-117.92,33.65,3.184,231459.0,<1H OCEAN
791,3013,3013,838,-118.28,34.05,1.5565,197641.0,<1H OCEAN
332,1037,1037,336,-117.89,33.88,5.7519,246525.0,<1H OCEAN
620,3160,3160,625,-118.06,34.06,2.5763,162298.0,<1H OCEAN
529,1550,1550,559,-118.28,33.73,1.9167,219966.0,NEAR OCEAN
700,1902,1902,814,-118.31,33.82,3.402,255079.0,<1H OCEAN
576,1443,1443,620,-119.61,36.59,2.2727,74125.0,INLAND
369,984,984,397,-122.19,37.78,3.22,152804.0,NEAR BAY
456,1528,1528,471,-121.87,37.32,2.6818,176042.0,<1H OCEAN
304,872,872,317,-116.94,32.83,3.7831,160458.0,<1H OCEAN
294,808,808,309,-119.45,35.13,2.3013,67942.0,INLAND
208,760,760,205,-118.15,33.91,2.9643,178446.0,<1H OCEAN
110,268,268,141,-118.09,34.15,3.5568,261331.0,INLAND
449,852,852,484,-119.79,36.8,3.32,83103.0,INLAND
740,1859,1859,770,-118.32,33.85,3.5073,312481.0,<1H OCEAN
497,1540,1540,511,-118.02,33.9,4.4954,196258.0,<1H OCEAN
392,1296,1296,447,-118.14,34.01,2.3929,173107.0,<1H OCEAN
399,1190,1190,437,-118.2,33.77,1.9797,152956.0,NEAR OCEAN
417,1198,1198,435,-118.44,34.2,2.9219,203005.0,<1H OCEAN
346,1051,1051,347,-118.08,33.78,5.5767,258984.0,<1H OCEAN
278,748,748,278,-118.11,33.9,5.1423,226982.0,<1H OCEAN
1076,2280,2280,1192,-122.42,37.76,3.3937,345431.0,NEAR BAY
353,1155,1155,328,-119.79,36.81,3.069,80275.0,INLAND
325,878,878,326,-117.94,33.82,3.4,198888.0,<1H OCEAN
292,934,934,296,-118.19,33.96,2.6354,157934.0,<1H OCEAN
1202,2904,2904,1235,-117.17,34.07,3.0651,119626.0,INLAND
251,346,346,270,-118.23,34.05,2.5313,146660.01,<1H OCEAN
407,1227,1227,460,-122.21,37.78,1.7188,109192.0,NEAR BAY
380,718,718,400,-122.45,38.3,3.5507,241233.0,NEAR BAY
833,1721,1721,1217,-116.54,33.81,3.1493,140367.0,INLAND
423,1349,1349,360,-119.7,34.41,2.6607,240670.01,NEAR OCEAN
341,952,952,340,-117.98,33.7,4.4148,220511.0,<1H OCEAN
154,654,654,142,-117.94,33.77,4.5052,197313.0,<1H OCEAN
570,1895,1895,547,-117.99,33.84,4.9115,204765.0,<1H OCEAN
110,251,251,112,-117.22,32.75,3.8036,231677.0,NEAR OCEAN
21,79,79,19,-116.18,33.69,2.375,109257.02,INLAND
169,781,781,181,-121.84,37.38,5.1082,237404.01,<1H OCEAN
440,1805,1805,448,-121.27,37.96,1.425,58526.0,INLAND
154,520,520,176,-120.57,37.35,3.003,127613.0,INLAND
81,196,196,78,-117.84,33.76,3.6806,186956.0,<1H OCEAN
372,1078,1078,381,-116.94,32.89,5.2542,191133.0,<1H OCEAN
397,987,987,469,-118.34,33.8,5.0951,361880.03,<1H OCEAN
1269,2659,2659,1330,-122.45,37.76,3.5744,391702.08,NEAR BAY
507,1219,1219,502,-122.52,37.93,5.0779,360199.03,NEAR BAY
687,1936,1936,781,-118.13,34.09,2.2214,190533.0,<1H OCEAN
270,702,702,240,-122.34,37.95,3.6719,141942.0,NEAR BAY
2,6,6,2,-117.79,35.21,2.375,253460.31,INLAND
549,1536,1536,557,-122.31,40.45,2.0221,67993.0,INLAND
229,754,754,226,-119.46,36.6,3.9844,95836.0,INLAND
58,119,119,95,-114.94,34.55,1.625,59591.0,INLAND
374,967,967,408,-122.34,37.57,7.0422,456946.43,NEAR OCEAN
357,817,817,372,-122.25,38.1,2.1411,117180.0,NEAR BAY
55,150,150,74,-118.09,34.15,2.2321,238246.06,INLAND
538,1846,1846,554,-117.95,33.74,5.9838,263790.0,<1H OCEAN
249,926,926,279,-120.47,35.04,2.9375,154907.0,<1H OCEAN
519,1869,1869,542,-122.77,38.29,3.2442,232936.0,<1H OCEAN
302,1252,1252,339,-118.25,33.95,1.9798,95978.0,<1H OCEAN
175,732,732,206,-120.31,37.29,1.5938,60461.0,INLAND
196,455,455,153,-118.01,34.06,2.7721,185119.0,INLAND
366,907,907,365,-118.66,34.1,10.076,497956.93,NEAR OCEAN
380,770,770,428,-118.33,34.16,3.4016,273823.02,<1H OCEAN
467,715,715,665,-117.07,33.02,2.6048,148742.0,<1H OCEAN
412,1405,1405,434,-119.31,36.06,1.8827,55535.0,INLAND
335,836,836,343,-119.27,34.27,3.5893,216979.0,NEAR OCEAN
317,1063,1063,321,-119.12,36.05,2.1477,59649.0,INLAND
831,2009,2009,892,-122.29,37.48,7.4678,444426.17,NEAR OCEAN
454,1176,1176,475,-121.38,38.58,5.0497,171715.0,INLAND
246,710,710,266,-117.69,33.55,6.0743,286290.05,<1H OCEAN
2606,8012,8012,2708,-122.04,37.58,5.6277,251818.02,NEAR BAY
546,1697,1697,533,-118.28,33.84,3.8633,172703.0,<1H OCEAN
313,922,922,310,-122.65,38.24,4.95,236380.0,<1H OCEAN
190,557,557,187,-117.07,33.67,2.375,129430.0,INLAND
458,1479,1479,452,-119.81,34.46,7.1687,442350.42,NEAR OCEAN
660,2071,2071,744,-121.31,38.71,4.3836,136032.0,INLAND
1809,4076,4076,1995,-118.51,34.16,5.4609,406809.22,<1H OCEAN
371,679,679,495,-122.83,39.09,1.4679,86901.0,INLAND
376,984,984,442,-119.63,34.44,9.4522,499062.99,<1H OCEAN
40,101,101,43,-121.82,38.02,2.2361,136207.0,INLAND
212,673,673,216,-118.12,34.15,2.1763,213631.05,<1H OCEAN
215,482,482,220,-122.25,37.77,3.1771,192744.0,NEAR BAY
404,988,988,398,-118.02,33.96,4.6226,211299.0,<1H OCEAN
239,981,981,236,-122.14,37.48,4.0039,255052.04,NEAR BAY
268,717,717,297,-121.68,39.13,3.4698,105686.0,INLAND
378,1128,1128,403,-122.2,37.78,2.5401,124275.0,NEAR BAY
1985,5964,5964,2727,-117.64,33.87,6.2308,277346.0,<1H OCEAN
298,742,742,292,-122.49,37.73,5.6204,362205.01,NEAR OCEAN
457,1111,1111,472,-118.31,33.74,4.5074,327752.0,NEAR OCEAN
623,1674,1674,654,-117.88,34.13,2.8547,162772.0,<1H OCEAN
263,635,635,264,-122.19,37.82,8.317,435812.19,NEAR BAY
281,695,695,274,-117.17,32.77,3.767,247626.0,NEAR OCEAN
267,837,837,295,-118.13,33.97,4.6992,225533.0,<1H OCEAN
905,1681,1681,945,-118.25,34.16,3.9054,326896.0,<1H OCEAN
420,913,913,452,-118.2,33.82,4.6042,226198.01,NEAR OCEAN
1338,3437,3437,1406,-122.25,37.56,5.6396,369782.03,NEAR BAY
549,1521,1521,620,-119.02,35.37,1.7213,75048.0,INLAND
356,1062,1062,378,-117.93,33.93,2.1944,144658.0,<1H OCEAN
217,645,645,247,-118.36,33.83,5.9143,340978.0,<1H OCEAN
312,710,710,427,-117.25,32.78,2.7857,271260.0,NEAR OCEAN
509,1618,1618,588,-117.09,32.99,4.6028,199227.0,<1H OCEAN
5,13,13,5,-117.19,32.75,0.536,165887.07,NEAR OCEAN
314,993,993,313,-119.69,36.79,3.7697,80917.0,INLAND
282,764,764,277,-122.15,37.74,3.3125,141063.0,NEAR BAY
1427,2711,2711,1758,-117.21,33.71,2.1848,118300.0,<1H OCEAN
350,730,730,373,-117.06,32.77,2.0284,126168.0,NEAR OCEAN
611,1823,1823,644,-122.29,37.81,0.9802,138142.0,NEAR BAY
57,130,130,69,-119.31,34.38,2.4375,202046.02,NEAR OCEAN
195,748,748,167,-118.17,33.91,3.8,145176.0,<1H OCEAN
301,999,999,298,-121.21,37.81,5.193,181101.0,INLAND
656,1751,1751,670,-117.88,34.11,3.2383,182317.0,<1H OCEAN
442,1263,1263,501,-117.07,32.75,2.5583,124133.0,NEAR OCEAN
321,930,930,325,-122.09,37.36,7.5274,475789.78,NEAR BAY
470,1156,1156,638,-117.7,33.48,6.3579,369069.26,<1H OCEAN
476,1967,1967,551,-118.19,33.79,2.137,140316.0,NEAR OCEAN
370,1422,1422,416,-118.29,33.98,1.0516,104704.0,<1H OCEAN
309,785,785,331,-122.46,38.53,3.6641,154628.0,INLAND
547,1596,1596,566,-118.54,34.21,3.9886,224867.0,<1H OCEAN
451,1105,1105,499,-120.45,34.64,3.7778,182102.0,NEAR OCEAN
148,926,926,151,-117.86,33.74,4.125,169994.0,<1H OCEAN
708,1793,1793,732,-122.54,37.7,4.2472,266155.0,NEAR OCEAN
614,2295,2295,644,-119.16,34.15,3.9485,265528.03,NEAR OCEAN
536,1310,1310,577,-117.31,34.04,3.39,129630.0,INLAND
505,1607,1607,530,-121.7,36.6,5.0162,229138.0,<1H OCEAN
987,1637,1637,1062,-118.39,34.16,3.2388,320630.05,<1H OCEAN
332,745,745,423,-117.89,33.61,5.1923,396841.25,<1H OCEAN
471,1144,1144,502,-119.79,36.77,2.3967,73486.0,INLAND
623,1166,1166,671,-117.13,32.75,1.95,141372.0,NEAR OCEAN
146,381,381,539,-120.13,39.06,2.875,121533.0,INLAND
277,879,879,302,-119.69,36.38,3.3214,88160.0,INLAND
276,820,820,251,-120.08,36.72,3.6,105542.0,INLAND
479,1207,1207,519,-119.61,34.45,5.3963,403133.2,<1H OCEAN
533,1605,1605,548,-118.08,34.1,3.5313,245009.0,<1H OCEAN
697,1916,1916,676,-121.28,38.13,2.5401,99859.0,INLAND
719,1873,1873,709,-118.31,33.76,6.5704,378624.05,<1H OCEAN
301,699,699,346,-119.83,34.43,2.1417,257300.0,NEAR OCEAN
186,426,426,184,-117.61,33.45,4.7237,321318.14,NEAR OCEAN
337,1074,1074,335,-118.48,34.25,5.1068,213045.0,<1H OCEAN
338,1253,1253,352,-118.02,33.77,5.1507,227572.0,<1H OCEAN
1557,3333,3333,1729,-118.37,33.97,2.9646,210230.0,<1H OCEAN
302,894,894,300,-118.45,34.26,4.175,202708.01,<1H OCEAN
667,1761,1761,708,-118.11,33.88,4.0911,201911.0,<1H OCEAN
535,2015,2015,532,-118.23,33.93,0.8478,104783.0,<1H OCEAN
390,673,673,510,-117.91,33.6,5.1048,428714.35,<1H OCEAN
354,875,875,370,-122.38,40.69,1.7422,66249.0,INLAND
297,795,795,254,-118.11,33.87,4.6713,213050.0,<1H OCEAN
574,991,991,616,-118.38,34.06,3.1475,382903.28,<1H OCEAN
672,1699,1699,711,-118.29,33.73,2.1382,222034.0,NEAR OCEAN
451,1307,1307,526,-121.04,39.08,3.463,143047.0,INLAND
221,902,902,248,-118.27,33.95,2.3365,102326.0,<1H OCEAN
1283,2557,2557,1336,-122.37,40.6,2.4079,105008.0,INLAND
292,608,608,269,-122.19,37.48,4.5568,326484.12,NEAR BAY
315,621,621,292,-122.45,37.76,4.6477,406797.15,NEAR BAY
824,3537,3537,834,-118.03,34.06,2.1094,170393.0,<1H OCEAN
498,1859,1859,535,-119.68,36.31,2.9936,83398.0,INLAND
800,1588,1588,851,-122.44,37.78,3.3882,404939.28,NEAR BAY
431,970,970,472,-121.69,38.16,2.2888,121603.0,INLAND
545,1201,1201,566,-118.42,34.16,3.6641,317328.01,<1H OCEAN
184,549,549,164,-121.88,37.33,2.375,197770.0,<1H OCEAN
221,654,654,248,-117.85,34.14,4.9091,217990.96,INLAND
341,1143,1143,370,-118.29,34.05,2.3864,188609.01,<1H OCEAN
637,2422,2422,599,-118.93,34.4,3.7092,181217.0,<1H OCEAN
361,1665,1665,406,-118.23,33.92,1.6437,103789.01,<1H OCEAN
492,1164,1164,512,-117.22,32.83,3.4318,214976.01,NEAR OCEAN
666,1145,1145,683,-122.44,37.76,4.2222,419208.1,NEAR BAY
369,1118,1118,372,-117.05,33.13,4.2813,171892.0,<1H OCEAN
204,537,537,236,-122.31,37.92,2.8456,181915.0,NEAR BAY
155,492,492,146,-121.81,37.37,7.2861,357200.1,<1H OCEAN
197,634,634,192,-117.95,33.8,5.237,218202.0,<1H OCEAN
1423,2737,2737,2460,-116.38,33.71,4.5556,173900.0,INLAND
512,1356,1356,499,-117.27,33.03,4.87,272903.0,NEAR OCEAN
540,1427,1427,586,-120.47,34.64,3.071,168001.0,NEAR OCEAN
311,806,806,346,-118.44,34.0,3.875,396410.32,<1H OCEAN
227,494,494,330,-122.31,40.75,1.4911,78130.0,INLAND
632,1889,1889,652,-122.78,38.53,4.2716,260015.0,<1H OCEAN
105,224,224,105,-117.29,33.13,3.9205,264186.23,NEAR OCEAN
664,1880,1880,691,-122.73,38.43,2.1864,149986.0,<1H OCEAN
361,947,947,379,-122.23,37.83,7.8772,415766.16,NEAR BAY
576,1825,1825,579,-117.13,32.91,4.2969,175258.0,<1H OCEAN
1014,3097,3097,1012,-117.25,33.08,6.617,342724.04,NEAR OCEAN
268,1024,1024,251,-118.77,34.28,5.1074,212277.0,<1H OCEAN
428,1857,1857,427,-118.05,34.08,2.4914,170783.0,<1H OCEAN
374,1146,1146,408,-118.16,33.91,2.9643,163738.0,<1H OCEAN
1267,3359,3359,1363,-117.87,34.1,3.875,203888.0,<1H OCEAN
1222,3384,3384,1275,-118.52,34.39,3.6625,239303.01,<1H OCEAN
275,831,831,290,-117.9,34.06,5.4469,231121.01,<1H OCEAN
336,727,727,388,-117.33,34.04,2.5187,100027.0,INLAND
366,1505,1505,375,-118.27,34.02,2.319,150344.04,<1H OCEAN
425,992,992,468,-122.33,37.58,4.7917,389431.28,NEAR OCEAN
520,1434,1434,525,-118.1,34.09,3.8906,227738.0,<1H OCEAN
528,2576,2576,530,-118.14,33.97,2.63,165725.0,<1H OCEAN
195,453,453,212,-121.29,38.13,2.3917,111892.0,INLAND
394,1581,1581,437,-117.3,34.12,2.2019,74317.0,INLAND
8,13,13,8,-120.13,35.87,2.375,246052.31,INLAND
405,820,820,448,-119.65,37.32,2.3565,100682.0,INLAND
986,1463,1463,1071,-118.49,34.0,3.0369,379123.07,<1H OCEAN
428,1041,1041,441,-121.13,38.47,3.6645,147636.0,INLAND
820,2724,2724,854,-121.98,37.95,6.7371,284212.0,INLAND
288,880,880,256,-117.81,33.69,2.4233,223734.01,<1H OCEAN
70,148,148,86,-122.41,37.74,3.6687,236384.0,NEAR BAY
329,765,765,350,-117.25,32.81,3.9187,308934.03,NEAR OCEAN
625,2400,2400,725,-121.47,38.53,1.4625,70207.0,INLAND
336,915,915,331,-120.48,34.66,4.1563,189246.01,NEAR OCEAN
1712,4674,4674,1777,-121.32,38.59,3.6817,131755.0,INLAND
299,785,785,328,-117.72,34.09,3.2566,140971.0,INLAND
263,1011,1011,264,-122.23,37.79,1.8854,115940.0,NEAR BAY
806,1584,1584,860,-118.3,33.74,2.9386,264621.0,NEAR OCEAN
399,1358,1358,429,-118.22,33.84,4.0687,191333.0,<1H OCEAN
395,1704,1704,415,-119.44,36.48,1.1728,51549.0,INLAND
273,664,664,276,-121.59,39.77,2.3068,90205.0,INLAND
1214,3220,3220,1360,-117.42,34.59,1.7567,88798.0,INLAND
306,1630,1630,335,-118.43,34.25,2.9205,162915.0,<1H OCEAN
591,2038,2038,627,-118.36,33.95,2.875,163893.0,<1H OCEAN
766,2269,2269,774,-122.37,40.52,3.7896,111037.0,INLAND
445,882,882,496,-117.09,32.76,2.2287,129999.0,NEAR OCEAN
933,2103,2103,1039,-122.23,37.46,4.4167,399770.28,NEAR OCEAN
64,276,276,79,-118.19,34.05,3.2125,129471.0,<1H OCEAN
793,3212,3212,797,-118.17,34.09,2.2348,163665.0,<1H OCEAN
219,672,672,246,-118.31,33.92,4.8456,176561.0,<1H OCEAN
402,1199,1199,399,-118.02,34.09,3.4286,209772.0,INLAND
110,263,263,142,-118.66,34.23,6.1288,294636.03,<1H OCEAN
688,2103,2103,694,-117.84,34.13,4.6937,218856.0,INLAND
321,805,805,323,-122.23,37.76,4.7188,274121.01,NEAR BAY
1083,2655,2655,1171,-118.32,34.09,1.6331,239624.01,<1H OCEAN
655,1497,1497,686,-120.6,35.1,2.6875,172428.0,<1H OCEAN
264,671,671,342,-119.93,35.2,3.0602,72969.0,INLAND
395,810,810,429,-117.64,33.64,6.1935,300044.03,<1H OCEAN
482,2272,2272,451,-118.15,33.96,2.5385,164396.0,<1H OCEAN
753,2374,2374,770,-118.0,33.91,5.979,282484.0,<1H OCEAN
387,1193,1193,412,-119.02,35.33,2.75,67604.0,INLAND
748,1790,1790,884,-118.3,33.79,2.9154,237031.0,<1H OCEAN
366,1203,1203,388,-117.88,33.87,3.2083,198227.0,<1H OCEAN
1453,4636,4636,1842,-117.33,33.9,5.1512,216823.0,INLAND
420,1235,1235,478,-117.58,33.88,2.2969,114715.0,INLAND
258,616,616,273,-122.04,37.37,3.6765,292701.0,<1H OCEAN
1178,5389,5389,1209,-117.98,34.1,3.7727,177716.01,INLAND
644,2075,2075,657,-120.93,37.67,3.3844,128148.0,INLAND
341,817,817,377,-118.32,34.01,3.1548,155277.0,<1H OCEAN
212,995,995,233,-118.2,33.77,2.225,169674.0,NEAR OCEAN
1209,3107,3107,1281,-117.8,33.87,4.2566,206590.0,<1H OCEAN
378,899,899,372,-121.05,38.92,3.3021,153376.0,INLAND
218,782,782,232,-121.25,37.94,2.3269,80179.0,INLAND
246,775,775,280,-119.44,36.61,3.9073,92443.0,INLAND
607,1258,1258,642,-119.86,34.42,1.179,251495.01,NEAR OCEAN
418,955,955,447,-121.2,39.23,5.2359,189456.0,INLAND
593,1342,1342,644,-120.6,35.12,3.4509,180399.0,<1H OCEAN
321,1024,1024,344,-121.78,37.67,5.2649,227706.0,INLAND
567,1475,1475,601,-117.83,33.75,3.4152,166025.0,<1H OCEAN
418,1774,1774,410,-121.78,37.34,7.0671,347011.05,<1H OCEAN
628,2266,2266,654,-117.87,33.7,5.0956,235952.0,<1H OCEAN
498,951,951,571,-118.29,33.79,3.3427,203551.0,<1H OCEAN
229,551,551,242,-120.83,39.02,2.6319,123621.0,INLAND
308,810,810,332,-118.11,34.14,6.0948,405387.14,<1H OCEAN
337,815,815,366,-122.81,38.08,3.4609,257650.0,NEAR OCEAN
1049,2626,2626,1157,-122.28,37.49,6.5475,418900.02,NEAR OCEAN
188,543,543,181,-117.41,34.24,5.2072,178269.99,INLAND
531,1878,1878,543,-122.25,38.15,3.7014,137388.0,NEAR BAY
683,2865,2865,671,-118.23,33.95,0.6831,152082.02,<1H OCEAN
632,1968,1968,616,-122.65,38.11,5.5524,279793.0,<1H OCEAN
7,52,52,8,-121.89,37.42,7.7197,272806.01,<1H OCEAN
479,1208,1208,562,-121.18,39.25,4.3646,179518.0,INLAND
576,1284,1284,628,-122.43,37.78,2.105,251812.01,NEAR BAY
162,434,434,155,-122.73,38.34,2.5819,168158.0,<1H OCEAN
672,1990,1990,647,-120.95,37.66,5.1473,194221.0,INLAND
678,2138,2138,681,-117.85,33.88,7.3658,341240.06,<1H OCEAN
222,713,713,196,-117.06,32.99,6.2683,258069.0,<1H OCEAN
573,2120,2120,575,-117.87,34.02,6.4333,288317.01,<1H OCEAN
384,984,984,447,-118.12,34.15,3.4167,210024.0,<1H OCEAN
314,822,822,338,-118.14,33.95,6.7744,372136.03,<1H OCEAN
118,355,355,105,-118.34,33.9,5.5133,254343.0,<1H OCEAN
429,742,742,427,-118.15,34.12,3.8529,259122.0,<1H OCEAN
370,929,929,419,-122.37,41.41,1.27,62151.0,INLAND
102,191,191,112,-122.24,37.49,2.5833,218170.02,NEAR OCEAN
273,599,599,329,-122.59,38.92,2.1953,88151.0,INLAND
647,2270,2270,738,-122.43,37.73,3.8934,265121.0,NEAR BAY
340,678,678,309,-117.06,33.03,7.0913,316488.03,<1H OCEAN
371,1004,1004,380,-122.29,37.89,5.1696,282522.01,NEAR BAY
654,1862,1862,634,-121.27,38.13,1.9238,90483.0,INLAND
488,1301,1301,606,-117.24,34.14,3.016,100966.0,INLAND
446,1148,1148,447,-122.13,37.44,5.9277,403959.07,NEAR BAY
103,405,405,101,-119.18,34.16,5.2783,321314.04,NEAR OCEAN
664,2653,2653,639,-118.06,34.02,5.2557,270316.01,<1H OCEAN
391,1195,1195,385,-117.31,34.15,3.9231,101887.0,INLAND
185,463,463,191,-121.29,37.99,3.4141,131614.0,INLAND
304,1138,1138,278,-122.43,37.71,4.0234,245628.0,NEAR BAY
109,375,375,113,-117.91,33.83,3.6607,191198.0,<1H OCEAN
581,2644,2644,610,-115.51,32.68,2.625,83363.0,INLAND
97,314,314,107,-117.04,33.01,8.4721,417654.4,<1H OCEAN
341,1119,1119,343,-118.14,33.88,4.3646,210088.0,<1H OCEAN
136,351,351,149,-122.26,37.51,5.3264,332725.02,NEAR OCEAN
705,1375,1375,790,-122.26,38.13,1.6368,128999.0,NEAR BAY
142,476,476,155,-117.37,34.0,2.4306,103450.0,INLAND
414,1577,1577,385,-122.46,37.69,4.0833,246598.0,NEAR OCEAN
532,1419,1419,592,-119.31,36.32,2.5733,81784.0,INLAND
445,786,786,463,-118.33,34.01,1.9231,174609.01,<1H OCEAN
467,1195,1195,484,-123.2,39.16,1.7929,102152.0,<1H OCEAN
595,1393,1393,617,-117.41,33.96,2.3798,108855.0,INLAND
790,2783,2783,816,-119.17,34.22,4.1949,221457.01,NEAR OCEAN
930,3881,3881,955,-117.89,34.01,3.6275,174673.0,<1H OCEAN
134,328,328,118,-122.04,37.62,3.8125,190623.0,NEAR BAY
185,703,703,247,-117.37,34.01,3.6415,129054.0,INLAND
309,879,879,313,-121.15,38.89,5.2903,199821.0,INLAND
280,991,991,286,-117.34,34.13,2.125,82657.0,INLAND
330,546,546,348,-122.27,37.81,0.76,122060.0,NEAR BAY
350,1001,1001,352,-122.03,37.62,4.7109,222831.0,NEAR BAY
626,1604,1604,675,-119.78,36.86,4.2071,105766.0,INLAND
134,331,331,117,-121.34,38.67,3.0417,112502.0,INLAND
521,1499,1499,562,-122.51,37.76,3.2792,295531.0,NEAR OCEAN
207,604,604,215,-121.87,37.34,2.6667,198785.0,<1H OCEAN
306,1602,1602,297,-117.86,33.72,2.3333,191577.0,<1H OCEAN
416,1693,1693,465,-117.48,33.94,2.7813,110022.0,INLAND
1294,3827,3827,1279,-122.05,37.68,5.1701,261320.0,NEAR BAY
226,515,515,337,-114.57,33.64,3.1917,90932.01,INLAND
268,706,706,293,-122.2,37.8,4.7721,280001.01,NEAR BAY
367,933,933,413,-121.92,38.37,2.7051,114733.0,INLAND
1235,3288,3288,1294,-121.99,37.56,4.3393,252140.0,<1H OCEAN
1393,4768,4768,1557,-118.52,34.4,5.305,235855.01,<1H OCEAN
1473,6161,6161,1480,-118.4,34.28,3.3304,203731.0,<1H OCEAN
341,821,821,331,-117.25,32.73,6.3331,387267.08,NEAR OCEAN
143,457,457,142,-118.15,34.04,3.6875,203675.0,<1H OCEAN
1924,4757,4757,1985,-118.33,34.2,3.1051,214522.0,<1H OCEAN
476,1233,1233,467,-118.43,34.16,4.0474,314897.0,<1H OCEAN
830,2328,2328,857,-118.03,33.84,4.0156,212163.0,<1H OCEAN
437,1349,1349,436,-122.08,37.66,2.1382,175266.0,NEAR BAY
872,3002,3002,846,-117.04,32.6,3.9076,145628.0,NEAR OCEAN
1118,3555,3555,1185,-117.03,33.13,4.7022,196610.0,<1H OCEAN
589,3232,3232,594,-117.88,33.73,3.2037,169683.0,<1H OCEAN
540,1209,1209,576,-122.41,37.75,3.5912,278985.0,NEAR BAY
591,1981,1981,577,-121.89,37.49,9.7194,485178.77,<1H OCEAN
333,764,764,363,-117.7,33.47,4.1563,287442.07,<1H OCEAN
501,1349,1349,506,-117.64,35.61,4.25,89638.0,INLAND
290,835,835,286,-120.4,34.95,5.0206,173753.01,<1H OCEAN
783,1205,1205,791,-117.09,32.64,1.62,110568.0,NEAR OCEAN
548,1166,1166,576,-118.12,33.94,2.7317,201344.0,<1H OCEAN
398,973,973,410,-121.91,37.33,4.8854,278012.0,<1H OCEAN
131,288,288,132,-122.28,37.87,3.5156,238302.0,NEAR BAY
395,994,994,387,-122.3,37.52,5.5902,369545.0,NEAR OCEAN
350,882,882,327,-122.03,37.99,4.59,183589.0,NEAR BAY
554,1544,1544,623,-118.44,34.2,2.7375,206684.0,<1H OCEAN
581,1297,1297,631,-117.2,32.85,4.7891,235688.01,NEAR OCEAN
472,1920,1920,502,-117.11,32.7,1.8125,86109.0,NEAR OCEAN
177,480,480,180,-118.35,33.88,4.4,288536.0,<1H OCEAN
496,1024,1024,526,-120.33,37.97,2.0057,103122.0,INLAND
287,791,791,281,-122.46,37.74,10.959,498938.98,NEAR BAY
365,1526,1526,398,-117.92,34.13,2.8643,152411.0,INLAND
226,726,726,247,-121.55,39.06,2.25,72923.0,INLAND
351,926,926,336,-118.41,33.9,7.5552,453340.46,<1H OCEAN
452,1108,1108,430,-117.9,33.65,5.2549,280076.11,<1H OCEAN
314,951,951,316,-117.35,33.96,8.2405,345743.01,INLAND
270,588,588,248,-118.14,34.71,1.1917,109204.01,INLAND
391,1313,1313,411,-119.21,34.26,4.9079,241599.02,NEAR OCEAN
238,638,638,227,-119.73,34.42,5.3279,337906.0,NEAR OCEAN
90,284,284,107,-121.55,39.48,2.2045,77335.0,INLAND
401,1321,1321,420,-122.24,37.8,2.957,212449.0,NEAR BAY
410,1055,1055,416,-122.09,37.38,6.1995,402382.13,NEAR BAY
499,1496,1496,489,-117.83,33.83,8.3818,419528.19,<1H OCEAN
252,729,729,352,-121.72,37.7,6.1023,234076.0,INLAND
781,2030,2030,848,-118.12,33.89,2.5432,173260.0,<1H OCEAN
1043,2936,2936,1100,-122.72,38.58,5.0555,224658.0,<1H OCEAN
373,1931,1931,412,-122.14,37.47,3.7917,239487.01,NEAR BAY
151,333,333,160,-118.37,34.06,4.5192,367149.08,<1H OCEAN
602,1873,1873,638,-122.04,37.6,4.3875,211869.0,NEAR BAY
386,835,835,422,-117.89,33.87,3.0465,201840.0,<1H OCEAN
1352,3511,3511,1440,-118.43,34.11,12.7296,500001.0,<1H OCEAN
963,3615,3615,993,-117.4,34.09,4.4034,134834.0,INLAND
334,1100,1100,352,-118.26,33.97,1.55,96089.0,<1H OCEAN
269,1065,1065,300,-122.21,37.78,1.8472,107500.0,NEAR BAY
1142,2691,2691,1404,-118.34,33.91,2.4741,187362.0,<1H OCEAN
1061,3319,3319,1051,-121.92,37.24,6.3663,328542.01,<1H OCEAN
375,1042,1042,389,-119.91,37.23,3.625,122746.0,INLAND
166,485,485,190,-118.22,33.89,2.7434,123437.0,<1H OCEAN
527,1623,1623,545,-118.04,33.76,7.1572,347055.0,<1H OCEAN
322,1014,1014,328,-118.03,33.86,4.535,202199.0,<1H OCEAN
412,1197,1197,476,-122.28,40.5,2.6488,96322.0,INLAND
241,672,672,316,-117.65,35.0,1.9107,61194.99,INLAND
402,1239,1239,402,-118.06,34.08,3.2569,199386.0,<1H OCEAN
3197,9419,9419,5033,-117.2,33.58,4.5936,204878.0,<1H OCEAN
433,1363,1363,433,-118.31,33.99,1.6559,111171.0,<1H OCEAN
268,700,700,304,-119.72,34.44,3.8819,284627.02,<1H OCEAN
519,1419,1419,579,-122.49,37.78,3.6429,335614.0,NEAR BAY
614,1439,1439,624,-122.51,37.76,2.8448,323611.0,NEAR OCEAN
674,2147,2147,846,-122.39,37.74,2.5694,239985.0,NEAR BAY
436,1510,1510,524,-118.35,34.03,2.2273,140148.0,<1H OCEAN
354,810,810,336,-122.53,37.98,8.5759,461801.35,NEAR BAY
454,1524,1524,468,-117.9,33.84,3.5329,190536.0,<1H OCEAN
308,529,529,320,-118.33,34.0,0.9304,175611.0,<1H OCEAN
309,899,899,310,-119.18,36.4,2.6648,84796.0,INLAND
474,1141,1141,507,-117.17,34.05,4.2059,157150.0,INLAND
216,447,447,241,-121.26,38.66,4.0781,191255.0,INLAND
426,1742,1742,427,-121.25,37.92,2.4097,95431.0,INLAND
787,2235,2235,829,-119.74,36.83,4.1098,107945.0,INLAND
550,1131,1131,608,-117.23,32.75,2.4779,239142.0,NEAR OCEAN
593,1421,1421,622,-122.46,37.78,3.0265,361073.0,NEAR BAY
443,905,905,451,-118.35,34.05,2.8841,248792.1,<1H OCEAN
987,1758,1758,1097,-122.3,37.54,2.9405,279345.01,NEAR OCEAN
171,340,340,153,-122.13,37.72,6.5095,317355.04,NEAR BAY
75,253,253,76,-117.9,34.05,7.6286,407894.47,<1H OCEAN
317,702,702,376,-121.58,39.15,1.4946,68409.0,INLAND
366,973,973,351,-122.42,37.74,3.4583,272874.0,NEAR BAY
561,1366,1366,585,-121.52,38.53,4.2885,180325.0,INLAND
394,1454,1454,409,-121.76,36.92,3.2216,160056.0,<1H OCEAN
1008,2465,2465,1118,-118.29,34.07,2.5386,233287.01,<1H OCEAN
357,933,933,357,-119.83,36.78,2.5223,70038.0,INLAND
426,1276,1276,421,-118.02,33.9,5.5601,230640.0,<1H OCEAN
512,1288,1288,527,-122.01,37.97,3.6449,162763.0,NEAR BAY
370,967,967,368,-118.25,34.23,5.0862,313293.0,<1H OCEAN
427,1490,1490,424,-118.52,34.21,4.3261,217241.0,<1H OCEAN
310,817,817,306,-122.47,37.72,3.0,227853.0,NEAR OCEAN
208,528,528,217,-122.26,37.78,3.3438,211932.0,NEAR BAY
642,2052,2052,659,-120.98,37.64,1.6952,77605.0,INLAND
388,1269,1269,397,-118.13,34.69,2.75,105304.0,INLAND
527,1261,1261,567,-117.99,33.88,4.2422,198949.0,<1H OCEAN
368,1305,1305,352,-118.07,33.81,8.5407,439016.4,<1H OCEAN
325,1127,1127,332,-118.0,33.9,4.5144,185215.0,<1H OCEAN
108,316,316,105,-117.85,33.62,10.3893,489766.82,<1H OCEAN
337,1414,1414,349,-118.4,34.23,4.1181,188436.0,<1H OCEAN
416,966,966,396,-118.27,34.13,2.9392,223116.0,<1H OCEAN
1102,3221,3221,1119,-120.95,37.65,2.6964,106803.0,INLAND
220,538,538,229,-120.96,37.67,4.2969,166666.0,INLAND
223,755,755,517,-119.95,38.94,2.5875,118441.0,INLAND
401,1384,1384,428,-121.25,37.95,1.9402,61138.0,INLAND
289,640,640,325,-121.65,39.53,1.4833,75986.0,INLAND
218,655,655,241,-118.26,33.91,2.5882,112827.0,<1H OCEAN
494,1083,1083,584,-122.24,40.17,1.577,63490.0,INLAND
423,1076,1076,427,-119.77,36.79,2.9937,73271.0,INLAND
978,2355,2355,1180,-118.42,34.0,3.1603,340177.03,<1H OCEAN
126,268,268,131,-118.42,34.15,4.615,394027.24,<1H OCEAN
684,1271,1271,752,-118.34,34.1,2.5434,288185.11,<1H OCEAN
664,1864,1864,663,-117.01,32.79,4.3152,175576.0,<1H OCEAN
107,276,276,112,-119.27,34.27,2.375,152189.03,NEAR OCEAN
251,655,655,299,-120.43,38.02,3.6875,127701.0,INLAND
547,1317,1317,665,-118.31,34.16,3.2112,235871.0,<1H OCEAN
586,1528,1528,583,-121.7,36.55,7.6245,395670.11,<1H OCEAN
411,1041,1041,436,-119.71,34.42,2.925,240785.0,<1H OCEAN
261,598,598,290,-117.81,35.65,1.8984,71243.99,INLAND
481,1227,1227,491,-120.98,37.79,2.7857,109334.0,INLAND
433,1393,1393,437,-117.93,33.92,4.2443,186857.0,<1H OCEAN
388,1786,1786,424,-118.22,33.9,1.4091,111777.0,<1H OCEAN
313,470,470,311,-117.27,33.22,1.8849,179820.0,<1H OCEAN
1224,5034,5034,1250,-119.74,36.71,2.1905,79003.0,INLAND
578,1054,1054,618,-118.37,34.16,3.6375,291355.0,<1H OCEAN
447,1126,1126,484,-120.84,37.5,2.2083,98459.0,INLAND
205,760,760,246,-117.13,32.71,1.1563,82010.0,NEAR OCEAN
607,1304,1304,636,-121.47,39.51,2.6921,91229.0,INLAND
593,2042,2042,600,-118.08,33.84,3.625,196490.0,<1H OCEAN
429,1684,1684,444,-117.03,32.71,3.25,120232.0,NEAR OCEAN
300,539,539,408,-117.92,33.61,3.5682,452954.82,<1H OCEAN
697,1516,1516,781,-120.46,38.15,2.3816,120874.0,INLAND
1299,4429,4429,1332,-117.88,34.01,4.7589,225359.0,<1H OCEAN
320,950,950,317,-117.02,32.81,4.0656,162884.0,<1H OCEAN
677,1367,1367,642,-117.87,33.87,4.6563,231175.0,<1H OCEAN
118,460,460,129,-118.1,33.94,3.1607,169942.0,<1H OCEAN
430,1316,1316,428,-121.98,37.97,5.2442,204928.0,INLAND
349,926,926,400,-117.44,34.1,2.075,99918.0,INLAND
189,763,763,201,-118.23,33.88,2.6719,123968.0,<1H OCEAN
460,1407,1407,430,-121.38,38.55,4.3288,139140.0,INLAND
623,3504,3504,636,-119.16,34.2,1.9704,168270.0,NEAR OCEAN
135,315,315,151,-119.61,36.94,4.2679,98860.0,INLAND
502,2334,2334,553,-118.23,33.9,1.641,110028.01,<1H OCEAN
363,1166,1166,431,-123.72,41.09,1.8208,74447.0,<1H OCEAN
327,1371,1371,323,-117.09,32.57,3.6736,128053.0,NEAR OCEAN
219,808,808,261,-122.12,37.75,6.86,311053.01,NEAR BAY
342,784,784,375,-117.13,32.8,3.7237,175057.0,NEAR OCEAN
109,222,222,110,-118.82,34.15,7.8528,431677.57,NEAR OCEAN
125,542,542,132,-121.67,36.93,2.1875,154916.01,<1H OCEAN
193,462,462,183,-121.35,37.96,5.8995,230810.0,INLAND
212,712,712,221,-121.22,37.79,1.7228,87749.0,INLAND
948,2432,2432,971,-121.23,38.67,3.8954,157085.0,INLAND
518,2052,2052,508,-119.55,36.71,1.9076,58867.0,INLAND
314,635,635,364,-117.86,33.6,6.6265,412726.37,<1H OCEAN
646,2228,2228,651,-122.18,38.17,5.2523,201932.0,NEAR BAY
590,1630,1630,610,-122.42,37.76,1.65,212658.0,NEAR BAY
70,436,436,110,-119.06,34.62,2.2222,165759.0,<1H OCEAN
409,1232,1232,390,-121.98,37.97,5.9617,200904.0,INLAND
35,125,125,26,-118.24,34.12,0.8907,257704.06,<1H OCEAN
1036,3240,3240,1066,-117.56,33.86,5.2898,203421.0,INLAND
350,813,813,333,-122.21,37.82,7.0549,347948.02,NEAR BAY
444,1668,1668,470,-118.22,34.05,1.0714,137615.0,<1H OCEAN
351,1043,1043,347,-121.93,37.73,6.2048,282179.0,<1H OCEAN
401,1062,1062,403,-120.83,37.77,1.6759,88916.0,INLAND
537,1063,1063,544,-118.18,33.84,3.835,299368.02,NEAR OCEAN
488,1230,1230,484,-117.59,33.43,6.5964,356771.17,NEAR OCEAN
1125,2703,2703,1174,-117.83,33.75,4.9957,245748.0,<1H OCEAN
274,706,706,310,-121.47,38.55,0.9948,76207.0,INLAND
250,825,825,268,-118.3,33.84,4.7222,231380.0,<1H OCEAN
170,605,605,159,-118.32,33.91,3.6654,188051.0,<1H OCEAN
279,852,852,264,-117.08,32.7,3.1786,117703.0,NEAR OCEAN
578,2135,2135,632,-118.15,34.16,1.6887,167313.0,<1H OCEAN
484,1482,1482,540,-119.7,36.82,2.3173,70309.0,INLAND
344,1237,1237,288,-118.17,33.91,3.9333,160010.0,<1H OCEAN
234,382,382,311,-118.31,33.83,2.775,224237.03,<1H OCEAN
504,1300,1300,553,-124.1,40.5,1.7574,77559.0,<1H OCEAN
684,2375,2375,682,-118.98,35.39,1.2618,54375.0,INLAND
269,706,706,261,-121.24,38.79,3.1875,147755.0,INLAND
264,752,752,245,-117.18,34.07,3.3924,121230.0,INLAND
423,1342,1342,402,-121.88,37.36,4.2149,220333.0,<1H OCEAN
470,826,826,536,-118.01,34.11,2.5114,197100.0,INLAND
581,1329,1329,682,-117.06,32.77,1.7951,121856.0,NEAR OCEAN
884,2177,2177,929,-121.33,38.0,3.2889,123602.0,INLAND
434,1151,1151,458,-118.38,33.97,7.4897,424331.15,<1H OCEAN
375,1301,1301,418,-117.08,32.7,2.875,127786.0,NEAR OCEAN
863,2264,2264,881,-121.75,36.93,3.1327,187526.0,<1H OCEAN
322,823,823,345,-120.61,35.12,2.6974,176976.01,<1H OCEAN
385,1164,1164,380,-117.38,33.94,4.0625,118006.0,INLAND
80,102,102,75,-119.14,34.23,2.5714,158660.02,NEAR OCEAN
1002,3114,3114,1043,-117.37,34.13,4.0294,118175.0,INLAND
454,1247,1247,481,-122.5,37.75,4.0985,289643.0,NEAR OCEAN
382,1056,1056,420,-124.13,40.78,2.1101,77141.0,NEAR OCEAN
971,3188,3188,1013,-118.9,34.3,5.5925,277512.0,<1H OCEAN
200,641,641,226,-119.29,36.12,2.4722,66255.0,INLAND
286,777,777,315,-118.33,33.99,3.2083,149539.0,<1H OCEAN
341,919,919,426,-119.57,34.38,5.759,360064.14,<1H OCEAN
589,1351,1351,667,-118.31,34.06,2.0547,284754.0,<1H OCEAN
915,2455,2455,955,-117.25,34.53,4.1333,135290.99,INLAND
169,467,467,184,-122.28,37.81,1.8088,122636.0,NEAR BAY
394,1243,1243,405,-118.03,33.92,3.6731,177900.0,<1H OCEAN
657,1986,1986,664,-118.51,34.24,8.6454,441040.23,<1H OCEAN
259,1369,1369,268,-117.86,33.73,3.5694,172516.0,<1H OCEAN
133,303,303,132,-121.29,38.14,3.875,140762.0,INLAND
400,914,914,420,-122.61,38.23,2.9871,206057.0,<1H OCEAN
158,371,371,149,-121.91,37.29,5.6266,294170.0,<1H OCEAN
228,567,567,770,-116.89,34.27,4.4063,135518.86,INLAND
555,1862,1862,659,-117.58,33.6,11.0567,480130.72,<1H OCEAN
370,994,994,366,-119.69,36.81,2.5446,73907.0,INLAND
6,8,8,3,-117.76,35.22,1.625,146732.04,INLAND
1220,1799,1799,1352,-118.38,34.09,2.5784,329191.18,<1H OCEAN
551,2086,2086,552,-117.35,34.15,2.2974,88015.0,INLAND
120,401,401,132,-117.27,34.07,1.7206,70341.0,INLAND
40,77,77,45,-117.2,32.77,3.2679,201204.0,NEAR OCEAN
815,2125,2125,906,-120.98,39.08,3.0403,142558.0,INLAND
331,685,685,395,-122.79,39.09,1.625,82397.99,INLAND
271,899,899,277,-118.16,33.92,3.5938,177411.0,<1H OCEAN
217,602,602,226,-122.41,37.63,3.0,244203.01,NEAR OCEAN
371,1254,1254,444,-118.21,33.88,2.1782,122852.0,<1H OCEAN
195,446,446,265,-116.87,33.57,3.038,204135.06,INLAND
358,1254,1254,365,-117.96,33.85,4.8438,194646.0,<1H OCEAN
1555,4089,4089,1657,-121.94,37.8,7.8287,394252.1,<1H OCEAN
670,1428,1428,746,-122.07,37.89,4.3864,262626.01,NEAR BAY
320,911,911,322,-122.57,38.03,6.5253,333177.02,NEAR BAY
616,1551,1551,554,-122.03,37.3,5.8521,376467.04,<1H OCEAN
360,866,866,383,-117.21,32.82,3.8529,225274.0,NEAR OCEAN
352,956,956,343,-118.1,33.83,5.3735,242295.0,<1H OCEAN
405,1154,1154,418,-118.0,33.85,4.0455,199042.0,<1H OCEAN
356,953,953,378,-120.46,37.31,2.7344,92224.0,INLAND
408,1178,1178,401,-122.17,37.48,5.9629,357784.01,NEAR BAY
169,623,623,191,-115.37,32.81,1.7604,64808.0,INLAND
217,1086,1086,240,-118.22,33.89,2.25,116688.0,<1H OCEAN
932,1675,1675,1018,-118.43,34.06,5.1999,461381.68,<1H OCEAN
593,2028,2028,650,-118.3,34.05,1.9152,206016.0,<1H OCEAN
505,1735,1735,532,-118.29,33.92,2.7368,151639.0,<1H OCEAN
488,1012,1012,587,-117.06,32.76,1.7452,128817.0,NEAR OCEAN
377,981,981,458,-118.37,34.02,2.6154,224182.05,<1H OCEAN
311,913,913,361,-118.02,33.96,4.5446,196492.0,<1H OCEAN
492,1110,1110,525,-122.24,37.76,3.6719,246267.0,NEAR BAY
245,608,608,246,-118.34,34.02,4.0357,205873.0,<1H OCEAN
1580,4620,4620,1729,-122.2,38.1,4.4821,175546.0,NEAR BAY
1036,3496,3496,1082,-118.14,34.06,3.3906,244066.0,<1H OCEAN
560,1787,1787,542,-117.84,33.89,6.7837,296265.0,<1H OCEAN
314,802,802,424,-122.64,41.95,1.8242,61255.0,INLAND
306,882,882,335,-120.84,37.07,2.2019,101316.0,INLAND
36,92,92,39,-120.88,37.53,5.3168,195692.0,INLAND
3061,10988,10988,3079,-117.88,33.96,5.5469,257777.0,<1H OCEAN
1055,2703,2703,1164,-116.91,33.71,3.1591,120911.0,INLAND
357,849,849,342,-122.09,37.38,6.2884,402835.2,NEAR BAY
546,1277,1277,587,-122.43,37.78,2.9792,371024.02,NEAR BAY
693,2040,2040,683,-118.49,34.23,5.2668,238868.02,<1H OCEAN
968,1470,1470,1017,-122.0,37.4,2.9706,241445.03,<1H OCEAN
243,672,672,249,-120.95,37.57,3.1125,119222.0,INLAND
380,880,880,378,-117.07,32.76,2.5125,124804.0,NEAR OCEAN
708,2529,2529,720,-121.41,38.52,1.8689,92334.0,INLAND
733,2385,2385,768,-118.12,34.0,2.7308,181492.0,<1H OCEAN
311,1177,1177,317,-118.37,34.23,3.6,172566.0,<1H OCEAN
358,791,791,465,-117.93,33.61,3.8125,448164.78,<1H OCEAN
377,1194,1194,367,-119.2,34.26,5.4087,262369.0,NEAR OCEAN
316,965,965,303,-119.69,36.75,4.7463,106391.0,INLAND
438,1038,1038,509,-118.11,34.15,2.6172,185713.0,<1H OCEAN
139,585,585,111,-118.17,33.98,3.1786,147684.0,<1H OCEAN
433,930,930,439,-117.62,33.77,4.6369,207605.01,<1H OCEAN
826,2062,2062,896,-118.61,34.59,4.0579,157389.0,INLAND
314,743,743,360,-123.91,41.68,2.9688,117924.0,<1H OCEAN
478,2003,2003,490,-118.2,34.04,2.181,143212.0,<1H OCEAN
281,1248,1248,292,-118.17,34.03,2.761,141468.0,<1H OCEAN
582,1501,1501,667,-121.23,40.29,2.1524,78187.0,INLAND
536,1822,1822,554,-117.17,32.8,3.4706,185232.0,NEAR OCEAN
249,660,660,250,-122.01,39.21,2.4559,88080.0,INLAND
248,490,490,249,-122.28,37.9,4.1212,265195.0,NEAR BAY
662,1883,1883,709,-121.97,37.95,5.431,218538.0,INLAND
818,2249,2249,853,-117.83,33.77,4.275,231360.0,<1H OCEAN
331,899,899,332,-119.22,34.28,5.533,310705.0,NEAR OCEAN
438,735,735,453,-122.27,37.82,0.9218,167224.02,NEAR BAY
243,555,555,236,-122.82,38.44,4.6792,238941.0,<1H OCEAN
93,238,238,90,-118.43,34.08,15.0001,495668.94,<1H OCEAN
614,1674,1674,645,-118.18,33.86,3.6719,173782.0,<1H OCEAN
145,371,371,137,-122.02,38.38,6.0767,226458.0,INLAND
772,2670,2670,802,-117.98,33.75,3.8158,200148.0,<1H OCEAN
531,1065,1065,542,-117.28,33.22,2.3844,161064.0,<1H OCEAN
250,1309,1309,284,-118.36,33.94,3.4063,159967.0,<1H OCEAN
308,776,776,306,-118.37,34.05,3.625,304921.08,<1H OCEAN
497,1472,1472,518,-116.92,32.86,2.3693,127382.0,<1H OCEAN
584,1759,1759,651,-118.47,34.02,2.3382,330408.0,<1H OCEAN
938,4027,4027,959,-117.99,34.04,3.185,175130.0,<1H OCEAN
319,843,843,307,-122.27,37.85,1.3785,127124.0,NEAR BAY
586,1411,1411,597,-122.49,38.31,3.25,194774.0,<1H OCEAN
501,939,939,520,-122.44,37.77,3.2239,429690.19,NEAR BAY
217,676,676,203,-117.82,33.84,10.1299,479748.48,<1H OCEAN
1131,3266,3266,1170,-121.94,38.02,2.7907,115836.0,INLAND
375,598,598,376,-117.9,33.63,3.2125,271201.07,<1H OCEAN
735,1580,1580,831,-118.04,33.98,2.3182,205254.05,<1H OCEAN
450,1588,1588,439,-117.82,33.67,6.276,282021.0,<1H OCEAN
928,2866,2866,984,-121.76,38.66,4.1997,174949.0,INLAND
268,793,793,254,-117.27,34.13,3.0721,103160.0,INLAND
242,799,799,251,-121.91,37.44,5.0808,226013.02,<1H OCEAN
391,1705,1705,394,-121.82,37.29,5.0225,234049.01,<1H OCEAN
429,862,862,442,-118.36,34.16,4.3542,301023.03,<1H OCEAN
45,137,137,47,-118.24,34.03,1.8333,189288.04,<1H OCEAN
133,320,320,424,-118.96,36.66,3.1964,103448.0,INLAND
1004,2873,2873,1141,-118.03,33.85,3.9156,205084.0,<1H OCEAN
227,598,598,244,-121.37,39.03,2.8235,103766.0,INLAND
296,1022,1022,367,-117.97,33.86,3.6471,188820.0,<1H OCEAN
352,1035,1035,351,-117.24,33.19,2.9191,178755.0,<1H OCEAN
465,1197,1197,481,-122.11,37.68,2.5772,177435.0,NEAR BAY
606,1301,1301,621,-122.33,37.57,3.1111,322655.0,NEAR OCEAN
322,982,982,350,-122.23,39.86,1.8375,68629.0,INLAND
346,947,947,339,-121.79,37.67,6.0797,249565.0,INLAND
9,22,22,8,-120.92,37.63,1.7679,222988.22,INLAND
246,861,861,265,-118.25,34.12,2.4856,175420.0,<1H OCEAN
220,658,658,255,-122.46,37.72,4.0859,236005.0,NEAR OCEAN
255,467,467,386,-119.94,38.96,1.5536,101036.0,INLAND
481,1138,1138,490,-122.11,37.4,4.9519,339456.16,NEAR BAY
377,807,807,389,-122.33,37.94,3.1571,148723.0,NEAR BAY
1241,3754,3754,1268,-117.76,33.79,8.2653,387002.02,<1H OCEAN
170,599,599,184,-117.96,33.98,5.7407,239096.0,<1H OCEAN
265,732,732,279,-118.05,33.82,5.123,222172.0,<1H OCEAN
309,774,774,320,-122.15,37.44,7.2543,479212.68,NEAR BAY
324,1207,1207,325,-117.62,34.02,5.0431,163774.0,INLAND
427,1130,1130,453,-124.13,40.79,2.8833,91278.0,NEAR OCEAN
377,979,979,382,-121.75,38.55,4.7308,196070.0,INLAND
695,1571,1571,832,-118.16,34.68,2.5902,110317.0,INLAND
217,513,513,229,-117.23,32.74,4.1806,237336.0,NEAR OCEAN
714,1879,1879,703,-122.06,37.88,6.5378,330458.0,NEAR BAY
851,1818,1818,862,-122.05,37.9,4.8088,269654.0,NEAR BAY
311,771,771,351,-117.37,33.95,4.3542,132287.0,INLAND
1075,2414,2414,1169,-121.53,38.58,1.9728,92778.0,INLAND
750,2025,2025,839,-118.12,33.97,3.183,217722.0,<1H OCEAN
406,913,913,413,-117.81,33.68,5.1583,229227.0,<1H OCEAN
965,2484,2484,1058,-118.84,34.11,5.8788,389235.3,NEAR OCEAN
384,1427,1427,363,-119.2,36.3,1.3444,52159.0,INLAND
380,1267,1267,386,-119.68,34.43,3.5208,224442.03,<1H OCEAN
176,363,363,188,-121.94,37.29,4.0962,256015.0,<1H OCEAN
301,1689,1689,333,-117.79,34.07,3.7583,128243.0,INLAND
2437,6763,6763,2696,-117.23,33.94,3.5851,133364.0,INLAND
289,1088,1088,276,-117.88,34.12,4.0938,173851.0,<1H OCEAN
309,547,547,344,-118.37,34.09,3.2159,356345.13,<1H OCEAN
514,1001,1001,516,-118.43,34.02,4.3906,425885.4,<1H OCEAN
205,702,702,209,-119.87,36.93,4.3625,105498.0,INLAND
265,782,782,258,-122.49,37.69,4.5,252358.0,NEAR OCEAN
387,1893,1893,420,-118.18,34.03,2.2991,148356.0,<1H OCEAN
256,903,903,256,-118.26,33.91,1.9038,99447.0,<1H OCEAN
696,1584,1584,773,-122.46,37.78,3.7887,409098.21,NEAR BAY
212,611,611,222,-119.38,36.56,2.0729,70527.98,INLAND
483,1185,1185,503,-122.08,40.09,2.3657,73957.0,INLAND
297,822,822,296,-121.87,39.75,3.6625,104960.0,INLAND
398,1076,1076,417,-122.04,37.3,6.9238,429457.31,<1H OCEAN
47,122,122,94,-120.26,38.13,4.0583,178301.0,INLAND
319,737,737,361,-118.33,33.96,2.3,149987.02,<1H OCEAN
622,989,989,665,-117.23,32.79,3.5484,273393.03,NEAR OCEAN
432,1418,1418,420,-118.84,34.22,7.5118,392746.15,<1H OCEAN
639,1970,1970,655,-121.32,38.41,5.8239,202140.0,INLAND
418,1440,1440,442,-117.9,33.8,4.375,195664.0,<1H OCEAN
362,846,846,332,-122.2,37.47,4.2083,328331.08,NEAR BAY
248,1122,1122,245,-118.27,34.05,2.7634,156086.0,<1H OCEAN
415,1402,1402,454,-119.06,36.09,3.6786,88736.0,INLAND
406,1273,1273,387,-121.97,37.53,5.4299,243081.0,<1H OCEAN
435,1277,1277,484,-119.01,35.36,1.056,53476.0,INLAND
546,1594,1594,512,-122.48,37.69,4.4821,262358.0,NEAR OCEAN
228,599,599,232,-116.94,32.85,4.7578,173434.0,<1H OCEAN
314,996,996,327,-121.56,38.26,2.9744,112760.0,INLAND
590,2202,2202,628,-119.4,36.55,2.5141,71407.0,INLAND
838,1929,1929,937,-117.12,32.9,2.8588,141928.0,<1H OCEAN
571,1512,1512,597,-117.22,32.83,3.7841,225444.0,NEAR OCEAN
724,1667,1667,786,-119.07,35.34,4.8839,130406.0,INLAND
1674,4336,4336,1716,-118.3,33.76,5.7764,299144.04,<1H OCEAN
374,1075,1075,363,-121.89,37.36,2.8971,204809.0,<1H OCEAN
362,981,981,369,-117.97,33.93,4.5461,204504.01,<1H OCEAN
148,408,408,136,-122.09,37.09,3.9408,240816.0,NEAR OCEAN
349,715,715,381,-121.95,37.29,4.6371,279613.03,<1H OCEAN
5,23,23,6,-121.3,37.94,2.375,285048.39,INLAND
472,1166,1166,479,-118.51,34.2,4.2344,224770.0,<1H OCEAN
274,617,617,329,-121.53,39.49,1.5313,62199.0,INLAND
213,601,601,207,-118.37,33.83,4.7308,342840.03,<1H OCEAN
425,1466,1466,427,-117.49,34.02,3.6711,134372.0,INLAND
37,64,64,380,-119.34,37.12,3.875,161056.0,INLAND
313,388,388,329,-118.5,33.97,2.2643,356121.34,<1H OCEAN
950,3866,3866,953,-121.56,37.0,2.5387,133310.0,INLAND
409,1252,1252,432,-122.04,37.29,12.2145,500001.0,<1H OCEAN
445,1775,1775,458,-118.13,33.93,3.5227,218484.0,<1H OCEAN
416,1107,1107,427,-118.05,34.1,4.2321,269318.0,INLAND
585,3546,3546,628,-124.15,41.81,2.2868,95937.0,NEAR OCEAN
338,725,725,334,-122.44,37.75,5.0505,361197.05,NEAR BAY
420,1005,1005,396,-121.31,38.26,1.8846,101290.0,INLAND
437,1047,1047,445,-117.1,32.9,5.149,192962.0,<1H OCEAN
386,879,879,410,-118.52,34.18,3.1923,234383.04,<1H OCEAN
514,1920,1920,564,-121.88,37.32,3.2806,199464.0,<1H OCEAN
207,577,577,207,-122.21,37.46,15.0001,498216.98,NEAR OCEAN
317,824,824,373,-122.25,38.1,2.75,127121.0,NEAR BAY
685,1818,1818,698,-122.07,37.31,7.2986,451283.41,<1H OCEAN
567,1538,1538,580,-117.11,32.59,2.1179,120853.0,NEAR OCEAN
648,2053,2053,675,-121.26,38.13,2.0875,83336.0,INLAND
360,966,966,440,-122.22,38.09,2.2734,116384.0,NEAR BAY
72,202,202,92,-120.92,40.02,2.6458,80924.0,INLAND
448,1109,1109,503,-122.1,37.68,2.535,179352.0,NEAR BAY
915,2585,2585,924,-117.95,33.7,5.343,277701.0,<1H OCEAN
1000,2967,2967,1088,-122.82,38.55,3.8616,215851.0,<1H OCEAN
412,962,962,435,-118.43,34.04,5.8587,449075.34,<1H OCEAN
359,895,895,353,-122.32,37.95,4.45,178901.0,NEAR BAY
274,413,413,290,-122.06,37.39,3.6875,323948.0,NEAR BAY
237,609,609,248,-120.85,37.78,2.2386,98789.0,INLAND
463,1139,1139,489,-118.43,34.16,4.0347,316780.0,<1H OCEAN
481,1130,1130,534,-121.4,38.59,2.5363,94105.0,INLAND
149,240,240,295,-122.01,37.59,2.875,223250.0,NEAR BAY
281,905,905,304,-117.21,34.11,3.4103,98943.0,INLAND
394,1206,1206,411,-118.15,34.03,2.6806,173488.0,<1H OCEAN
656,1192,1192,687,-118.05,33.72,4.1862,197934.0,<1H OCEAN
546,1156,1156,591,-118.24,34.16,3.3333,232867.0,<1H OCEAN
441,777,777,447,-118.36,34.07,2.3375,285014.09,<1H OCEAN
438,1284,1284,485,-117.66,34.15,8.5282,380311.01,INLAND
282,762,762,299,-118.52,34.21,5.1265,235438.0,<1H OCEAN
319,802,802,351,-121.82,37.69,4.9375,213880.0,INLAND
659,1881,1881,641,-122.0,37.99,5.4607,199862.0,INLAND
215,656,656,199,-118.14,34.07,4.1902,226250.0,<1H OCEAN
666,1521,1521,695,-118.43,34.13,8.2954,493448.81,<1H OCEAN
808,1502,1502,798,-118.36,34.02,3.8643,298975.03,<1H OCEAN
401,840,840,407,-122.18,37.68,5.4858,282251.01,NEAR BAY
502,1208,1208,495,-122.22,37.46,4.3214,397524.26,NEAR OCEAN
399,1158,1158,406,-118.27,34.18,6.2976,361774.07,<1H OCEAN
382,1407,1407,383,-119.76,36.75,2.19,60350.0,INLAND
242,905,905,269,-118.03,34.07,3.1042,183505.0,<1H OCEAN
544,1922,1922,526,-118.34,33.98,3.163,176416.0,<1H OCEAN
332,949,949,314,-117.14,32.92,5.2864,184098.0,<1H OCEAN
137,327,327,134,-122.17,37.74,2.15,101946.0,NEAR BAY
313,1007,1007,291,-119.8,36.71,2.0043,63287.0,INLAND
465,872,872,524,-118.1,33.74,4.537,403660.11,NEAR OCEAN
310,1148,1148,293,-122.08,37.63,4.0326,171184.0,NEAR BAY
244,700,700,264,-121.57,38.19,2.4353,119615.0,INLAND
553,2121,2121,587,-118.23,34.1,2.2788,163355.0,<1H OCEAN
383,929,929,443,-122.15,37.68,4.2841,203222.0,NEAR BAY
424,1699,1699,429,-118.2,34.08,2.2222,153156.0,<1H OCEAN
242,609,609,233,-117.66,33.46,5.1024,253514.04,<1H OCEAN
530,1532,1532,569,-124.16,41.74,2.1829,88794.0,NEAR OCEAN
562,1912,1912,580,-121.2,37.83,4.4423,172251.0,INLAND
466,1288,1288,518,-117.21,33.2,5.04,250465.01,<1H OCEAN
817,2748,2748,866,-116.99,32.96,4.8854,207460.0,<1H OCEAN
544,1364,1364,542,-122.46,37.78,3.4605,391911.0,NEAR BAY
216,326,326,216,-122.21,37.48,2.9286,232805.02,NEAR BAY
269,1545,1545,275,-118.08,33.89,3.0357,149597.0,<1H OCEAN
259,798,798,262,-117.93,34.06,5.4635,235670.01,<1H OCEAN
47,152,152,44,-121.9,37.33,4.05,258268.06,<1H OCEAN
539,1710,1710,529,-118.56,34.23,5.5126,250694.0,<1H OCEAN
212,949,949,212,-118.44,34.26,4.0792,178919.0,<1H OCEAN
322,1535,1535,299,-118.18,33.91,3.0134,139901.0,<1H OCEAN
325,792,792,324,-122.0,36.98,3.5562,248448.0,NEAR OCEAN
221,522,522,312,-119.98,38.92,2.0708,97889.0,INLAND
45,133,133,62,-117.55,33.52,5.136,271099.1,<1H OCEAN
369,981,981,393,-122.36,38.03,4.3173,206707.02,NEAR BAY
185,454,454,193,-116.51,33.84,4.0729,163315.04,INLAND
468,1573,1573,496,-117.97,34.07,3.2,178311.0,<1H OCEAN
334,1119,1119,354,-118.36,34.18,2.3056,184573.0,<1H OCEAN
765,2867,2867,800,-119.52,34.41,4.806,326312.29,<1H OCEAN
383,1021,1021,438,-118.31,33.94,2.2448,139763.01,<1H OCEAN
393,1165,1165,388,-121.94,37.24,7.3522,386418.2,<1H OCEAN
261,703,703,305,-117.7,33.56,6.9343,318381.02,<1H OCEAN
249,932,932,259,-119.18,35.5,2.1635,58469.0,INLAND
815,1926,1926,985,-122.27,41.2,1.5923,68507.0,INLAND
682,1978,1978,716,-120.97,38.91,4.8311,199386.0,INLAND
625,1287,1287,659,-118.1,34.14,3.5804,264367.0,<1H OCEAN
561,1501,1501,619,-121.28,38.61,2.7356,113968.0,INLAND
17,37,37,25,-115.95,33.28,1.8958,65965.02,INLAND
312,1026,1026,354,-118.3,34.0,2.0,111380.0,<1H OCEAN
957,2468,2468,1002,-122.47,37.99,7.494,427485.16,NEAR BAY
278,1575,1575,291,-117.9,33.75,3.425,158866.0,<1H OCEAN
45,120,120,38,-122.08,39.25,3.017,113286.0,INLAND
967,2258,2258,1083,-118.48,34.2,2.4375,208270.0,<1H OCEAN
846,2315,2315,945,-118.26,34.15,2.8884,229189.0,<1H OCEAN
235,530,530,224,-122.49,37.73,3.9219,272064.0,NEAR OCEAN
558,2156,2156,576,-117.49,33.93,3.9522,149216.0,INLAND
319,723,723,540,-122.7,38.97,3.2375,139387.0,INLAND
302,924,924,308,-122.39,37.74,2.1767,201410.0,NEAR BAY
302,824,824,298,-120.98,37.67,2.7621,104286.0,INLAND
363,1396,1396,413,-117.13,32.71,1.5474,85920.0,NEAR OCEAN
1178,3401,3401,1231,-118.21,34.17,8.1325,439142.39,<1H OCEAN
286,904,904,299,-121.97,39.79,3.5735,102986.0,INLAND
40,121,121,59,-121.04,37.7,3.3036,181618.0,INLAND
312,1219,1219,306,-118.97,35.36,1.5743,48698.0,INLAND
387,1368,1368,393,-118.03,33.87,5.93,280890.0,<1H OCEAN
761,1856,1856,790,-121.51,38.49,4.1,163765.0,INLAND
411,1337,1337,405,-117.97,33.71,5.3737,248338.0,<1H OCEAN
336,1322,1322,345,-120.54,34.97,1.8185,111147.0,<1H OCEAN
144,310,310,154,-122.7,38.45,3.9766,216564.0,<1H OCEAN
276,814,814,283,-120.84,37.05,5.3988,218520.0,INLAND
287,727,727,323,-122.62,38.73,2.1474,105587.0,INLAND
405,1131,1131,399,-118.31,33.9,3.5417,184626.0,<1H OCEAN
626,1866,1866,645,-117.01,32.81,5.516,223407.0,<1H OCEAN
284,801,801,280,-117.69,33.54,6.5394,309765.06,<1H OCEAN
393,1492,1492,397,-117.92,34.1,4.375,169164.0,<1H OCEAN
348,1154,1154,366,-119.01,36.08,1.8857,56833.0,INLAND
1012,1947,1947,1227,-117.26,32.95,4.4375,296391.01,NEAR OCEAN
546,1382,1382,664,-117.87,33.89,3.343,180729.0,<1H OCEAN
256,666,666,322,-114.65,33.6,2.9653,89253.0,INLAND
474,1375,1375,479,-122.27,37.98,6.0289,259938.0,NEAR BAY
940,3533,3533,1008,-117.4,34.06,3.9191,124959.0,INLAND
807,1297,1297,997,-117.18,32.76,3.6492,266187.01,NEAR OCEAN
947,1987,1987,994,-122.04,37.04,3.8854,249067.0,NEAR OCEAN
22,51,51,26,-117.9,36.95,1.7292,93605.99,INLAND
746,2693,2693,737,-121.8,37.27,5.0772,235338.0,<1H OCEAN
1509,5205,5205,1491,-117.59,33.91,5.4872,214090.0,INLAND
357,771,771,348,-118.42,34.04,6.626,478114.72,<1H OCEAN
911,2581,2581,962,-122.2,37.96,6.7741,299523.0,NEAR BAY
200,779,779,269,-121.76,37.0,3.1987,219345.02,<1H OCEAN
348,850,850,357,-117.9,33.64,5.0532,305349.08,<1H OCEAN
513,978,978,496,-117.72,34.1,3.1477,144697.0,INLAND
379,1016,1016,376,-119.82,36.83,6.1175,146653.0,INLAND
398,1247,1247,371,-117.86,33.62,10.1989,497306.96,<1H OCEAN
1351,3405,3405,1535,-117.35,33.64,2.5395,144017.0,<1H OCEAN
831,2637,2637,930,-117.64,34.02,4.0611,162245.0,INLAND
219,725,725,228,-117.99,33.86,3.4167,185339.0,<1H OCEAN
668,1661,1661,739,-121.39,38.63,2.7813,124219.0,INLAND
226,639,639,224,-118.32,33.94,4.0,186847.0,<1H OCEAN
825,2232,2232,903,-121.83,37.23,6.6659,301369.01,<1H OCEAN
453,1184,1184,634,-123.82,40.16,1.2227,82418.0,<1H OCEAN
480,1179,1179,539,-122.26,38.04,2.694,129220.0,NEAR BAY
548,785,785,608,-118.39,34.09,4.4167,430218.37,<1H OCEAN
463,1192,1192,490,-117.81,33.66,5.8752,291575.01,<1H OCEAN
40,136,136,42,-117.56,33.94,1.625,208352.03,INLAND
538,1300,1300,541,-118.36,33.87,3.4208,264682.0,<1H OCEAN
523,1580,1580,501,-118.12,34.69,3.7804,110818.0,INLAND
649,1687,1687,665,-121.82,37.38,5.4949,260227.01,<1H OCEAN
181,1045,1045,174,-117.88,33.74,3.1964,155734.0,<1H OCEAN
642,1702,1702,732,-118.18,33.86,2.375,162566.0,<1H OCEAN
335,1174,1174,353,-118.09,34.0,3.045,170857.0,<1H OCEAN
687,2302,2302,716,-121.92,37.72,5.347,280622.0,<1H OCEAN
293,1035,1035,292,-117.25,33.21,2.6339,151176.0,<1H OCEAN
320,841,841,335,-117.3,34.14,1.9432,77882.0,INLAND
222,726,726,228,-121.31,38.97,2.7083,97160.0,INLAND
549,1519,1519,561,-117.91,34.07,4.5594,193952.0,<1H OCEAN
402,1218,1218,452,-118.01,33.86,3.4306,201323.0,<1H OCEAN
1408,5041,5041,1449,-118.02,34.04,2.8821,171437.0,<1H OCEAN
986,1810,1810,1039,-117.32,33.22,2.4375,169433.0,NEAR OCEAN
329,987,987,315,-118.29,34.08,1.6806,234518.0,<1H OCEAN
551,1820,1820,559,-118.0,33.82,4.5294,195518.0,<1H OCEAN
529,2064,2064,554,-117.62,34.08,4.4946,158335.0,INLAND
397,1239,1239,416,-118.09,34.63,1.9722,114489.0,INLAND
558,1162,1162,621,-118.35,34.0,3.25,213691.0,<1H OCEAN
380,1156,1156,422,-118.31,33.97,2.7917,137922.0,<1H OCEAN
506,1490,1490,521,-120.7,35.31,4.6719,243679.0,NEAR OCEAN
875,2710,2710,868,-118.51,34.3,7.5078,379313.04,<1H OCEAN
170,629,629,211,-121.22,37.95,2.8676,100423.0,INLAND
588,1746,1746,597,-119.28,35.99,1.7372,61600.0,INLAND
253,865,865,250,-117.05,32.8,6.4797,257679.0,<1H OCEAN
332,944,944,324,-121.71,36.78,5.9175,286920.0,<1H OCEAN
866,2771,2771,861,-117.88,33.93,7.6486,401714.17,<1H OCEAN
442,836,836,460,-121.49,38.55,3.3844,131266.0,INLAND
362,1729,1729,408,-121.83,37.29,3.3833,160737.0,<1H OCEAN
417,999,999,398,-122.53,37.91,7.9892,417270.12,NEAR BAY
271,1292,1292,250,-120.97,37.67,4.3851,157253.0,INLAND
601,1478,1478,615,-121.28,38.68,3.75,142291.0,INLAND
521,1214,1214,565,-117.99,33.94,3.7045,201717.0,<1H OCEAN
406,936,936,399,-118.45,34.05,2.1875,246850.04,<1H OCEAN
413,1163,1163,410,-118.3,33.74,4.4671,304690.0,NEAR OCEAN
523,1608,1608,574,-122.22,37.79,2.1494,121433.0,NEAR BAY
470,996,996,527,-118.45,34.17,3.2386,282155.04,<1H OCEAN
367,916,916,389,-123.02,38.81,3.2425,143137.0,<1H OCEAN
375,875,875,408,-121.34,38.61,2.6023,120950.0,INLAND
337,927,927,342,-117.67,35.64,6.1935,146080.0,INLAND
554,1141,1141,584,-118.41,33.92,4.5729,357993.02,<1H OCEAN
267,588,588,274,-118.45,34.14,7.9625,483365.79,<1H OCEAN
278,962,962,284,-118.76,34.26,4.5673,217826.04,<1H OCEAN
313,366,366,364,-118.08,33.76,1.2813,149561.02,<1H OCEAN
166,722,722,164,-118.05,34.06,2.1406,162107.0,<1H OCEAN
309,854,854,323,-118.97,35.4,3.1906,86406.0,INLAND
330,695,695,292,-122.14,37.7,4.5859,214625.01,NEAR BAY
158,417,417,172,-118.37,33.88,5.5335,307024.02,<1H OCEAN
31,89,89,28,-117.35,33.99,2.6071,105073.01,INLAND
285,692,692,304,-122.39,40.53,2.125,79160.0,INLAND
723,2274,2274,738,-118.3,34.07,3.425,245784.01,<1H OCEAN
406,1272,1272,425,-122.29,38.28,3.6083,147446.0,NEAR BAY
563,1182,1182,600,-117.95,33.74,3.7162,193296.0,<1H OCEAN
942,3440,3440,1074,-121.29,38.0,1.9698,96994.0,INLAND
228,898,898,246,-121.92,38.57,1.9327,96231.0,INLAND
789,1245,1245,843,-122.43,37.78,1.3062,197764.09,NEAR BAY
1840,4936,4936,2130,-117.46,33.9,3.3187,136254.0,INLAND
710,1695,1695,721,-117.67,33.55,3.7609,173185.0,<1H OCEAN
176,559,559,173,-119.1,36.21,2.4653,67077.99,INLAND
400,1121,1121,437,-118.37,34.05,4.0583,340609.11,<1H OCEAN
412,994,994,416,-122.16,37.73,4.1164,180225.0,NEAR BAY
429,876,876,439,-118.14,33.84,3.2024,216706.0,<1H OCEAN
190,432,432,356,-120.73,39.63,3.8826,124961.0,INLAND
380,984,984,394,-122.02,36.98,2.1734,212511.01,NEAR OCEAN
1451,4674,4674,1493,-122.53,37.66,5.4694,310751.0,NEAR OCEAN
244,947,947,230,-119.31,36.62,1.4481,53028.0,INLAND
663,2079,2079,695,-117.66,34.04,4.2054,157844.0,INLAND
635,1852,1852,624,-117.81,33.77,7.2392,321942.0,<1H OCEAN
239,867,867,235,-121.23,37.82,4.6821,162184.0,INLAND
424,1199,1199,432,-118.16,33.84,4.1538,220403.0,<1H OCEAN
123,529,529,140,-118.27,33.99,1.9531,109877.0,<1H OCEAN
664,2337,2337,710,-121.2,36.14,3.9647,194180.0,<1H OCEAN
294,721,721,291,-118.12,33.81,4.6875,229037.0,<1H OCEAN
366,1012,1012,349,-118.54,34.2,4.1597,230548.0,<1H OCEAN
722,2356,2356,766,-121.9,38.01,3.5129,136022.0,INLAND
590,1880,1880,708,-118.29,33.94,1.6716,106054.0,<1H OCEAN
433,1543,1543,466,-119.19,34.16,3.9722,194190.0,NEAR OCEAN
332,1021,1021,372,-117.99,33.9,3.5859,196612.0,<1H OCEAN
1480,3836,3836,1782,-117.98,33.91,5.0923,264925.0,<1H OCEAN
319,1172,1172,353,-118.27,34.06,1.494,220449.0,<1H OCEAN
616,1766,1766,653,-117.9,34.1,3.7083,172672.0,<1H OCEAN
334,864,864,327,-121.75,39.4,2.4943,78860.0,INLAND
27,67,67,25,-118.68,34.33,2.9821,195308.02,<1H OCEAN
3329,7919,7919,3457,-121.5,38.62,3.7188,130918.0,INLAND
572,1640,1640,575,-118.04,33.78,5.7705,265602.0,<1H OCEAN
421,1366,1366,474,-118.36,33.91,4.1,231586.0,<1H OCEAN
127,374,374,363,-114.98,33.07,3.1607,93702.0,INLAND
308,864,864,331,-118.32,33.98,1.9732,110617.0,<1H OCEAN
253,909,909,262,-118.92,35.13,1.9236,60817.0,INLAND
352,833,833,295,-122.32,37.94,5.5196,283531.0,NEAR BAY
299,926,926,308,-121.91,37.69,5.9345,262956.0,<1H OCEAN
430,1500,1500,456,-118.23,34.09,2.6923,168105.0,<1H OCEAN
343,1145,1145,390,-119.02,35.34,1.5357,51749.0,INLAND
366,1125,1125,375,-121.67,39.18,3.3958,109507.0,INLAND
658,1388,1388,687,-118.45,34.17,4.3333,293594.0,<1H OCEAN
642,1574,1574,636,-117.81,33.75,5.021,236509.0,<1H OCEAN
576,1427,1427,615,-117.13,32.58,3.1645,174517.0,NEAR OCEAN
181,510,510,247,-117.22,33.48,6.9136,379509.29,<1H OCEAN
368,949,949,501,-117.24,32.83,7.4351,404561.12,NEAR OCEAN
350,1082,1082,379,-118.21,33.88,3.225,149817.0,<1H OCEAN
736,2006,2006,1600,-119.15,34.83,4.5724,136336.0,INLAND
1035,3533,3533,1134,-118.33,33.93,3.2862,191879.0,<1H OCEAN
1042,2461,2461,1168,-122.07,37.66,3.875,200399.0,NEAR BAY
819,2381,2381,783,-121.92,37.28,7.9819,419234.11,<1H OCEAN
484,1391,1391,490,-117.0,32.64,4.9792,175325.0,NEAR OCEAN
207,588,588,205,-122.36,37.57,10.7339,499108.99,NEAR OCEAN
506,1990,1990,541,-121.87,37.34,2.4306,172491.0,<1H OCEAN
657,2104,2104,720,-122.47,37.69,3.449,252374.0,NEAR OCEAN
754,3712,3712,809,-117.74,34.03,3.4609,141762.0,INLAND
249,890,890,227,-117.95,34.05,5.8722,282327.0,<1H OCEAN
190,459,459,230,-117.19,32.75,8.1548,437744.37,NEAR OCEAN
208,705,705,235,-121.79,36.85,2.7321,246694.01,NEAR OCEAN
627,1516,1516,623,-117.07,32.78,4.7143,193280.0,NEAR OCEAN
419,1056,1056,464,-118.39,33.89,6.3434,437232.17,<1H OCEAN
337,1441,1441,335,-118.2,34.06,2.1136,142748.0,<1H OCEAN
568,1152,1152,582,-118.39,33.86,4.8971,378173.18,<1H OCEAN
591,1704,1704,641,-117.97,33.79,3.6849,185096.0,<1H OCEAN
374,996,996,393,-124.1,40.5,2.2357,83737.0,<1H OCEAN
428,1013,1013,467,-121.89,37.34,1.6708,215836.02,<1H OCEAN
286,880,880,316,-119.31,35.99,1.3676,50843.0,INLAND
279,1054,1054,348,-117.35,34.16,2.4444,90647.0,INLAND
266,1333,1333,275,-118.44,34.27,3.5347,153758.0,<1H OCEAN
717,2298,2298,735,-118.22,34.52,6.5538,260660.0,INLAND
676,1696,1696,753,-122.44,37.78,2.5721,304509.02,NEAR BAY
282,757,757,299,-121.37,38.64,3.6786,117692.0,INLAND
387,922,922,389,-117.6,33.41,4.5476,275399.05,NEAR OCEAN
887,3612,3612,921,-118.28,34.0,2.125,138782.0,<1H OCEAN
284,847,847,272,-122.44,37.72,3.7143,254447.0,NEAR BAY
485,1959,1959,529,-118.21,33.96,2.1389,158109.0,<1H OCEAN
977,3071,3071,1010,-121.61,37.03,5.6754,333957.0,<1H OCEAN
556,1497,1497,577,-122.06,40.55,3.5189,111611.0,INLAND
201,525,525,186,-121.26,38.09,2.0625,97594.0,INLAND
1209,1897,1897,1381,-118.38,34.07,3.3725,460548.42,<1H OCEAN
275,877,877,264,-118.12,33.96,4.625,236317.0,<1H OCEAN
328,955,955,392,-121.99,37.05,5.2486,302107.0,NEAR OCEAN
1240,3985,3985,1296,-118.1,34.08,2.6884,201479.0,<1H OCEAN
719,3121,3121,791,-118.28,34.03,1.8539,176126.0,<1H OCEAN
309,844,844,310,-119.04,35.41,3.0625,78468.0,INLAND
312,888,888,321,-121.45,38.52,2.5592,78338.0,INLAND
306,983,983,332,-117.09,32.67,2.0972,107295.0,NEAR OCEAN
623,1007,1007,660,-122.4,37.79,1.4552,221235.0,NEAR BAY
561,926,926,689,-117.21,33.12,4.3672,227745.02,NEAR OCEAN
430,1193,1193,424,-122.45,37.73,5.0634,288231.01,NEAR BAY
960,2855,2855,973,-121.93,37.53,4.7478,230530.0,<1H OCEAN
1644,5303,5303,1678,-120.5,37.37,2.4012,111504.0,INLAND
442,810,810,457,-122.45,37.76,5.6235,402478.12,NEAR BAY
285,731,731,282,-120.14,34.59,4.2026,290669.06,NEAR OCEAN
516,1376,1376,545,-123.21,39.14,1.9032,108579.0,<1H OCEAN
244,674,674,225,-122.24,37.82,4.9306,310732.01,NEAR BAY
5189,16122,16122,5471,-117.74,33.89,7.4947,341089.02,<1H OCEAN
37,87,87,35,-123.43,40.22,3.625,153392.0,INLAND
584,774,774,621,-117.72,33.61,2.49,123900.01,<1H OCEAN
517,1528,1528,559,-122.36,40.66,2.0119,71647.0,INLAND
408,1217,1217,447,-117.22,34.48,3.6646,125054.0,INLAND
278,498,498,352,-117.89,33.6,5.6336,408519.38,<1H OCEAN
389,1278,1278,381,-117.8,33.89,7.0217,322718.0,<1H OCEAN
1395,4205,4205,1443,-118.42,34.31,3.9583,185921.0,<1H OCEAN
894,1835,1835,982,-119.29,34.29,3.5294,236701.01,NEAR OCEAN
93,531,531,82,-117.15,32.71,1.6607,115213.0,NEAR OCEAN
219,861,861,201,-118.24,33.93,1.0625,90587.0,<1H OCEAN
785,1594,1594,781,-117.04,34.0,2.4167,106303.0,INLAND
397,1226,1226,411,-121.26,38.13,2.2188,99430.0,INLAND
879,2206,2206,963,-122.04,37.33,4.5721,309672.0,<1H OCEAN
596,2142,2142,631,-117.98,33.7,7.8195,379118.09,<1H OCEAN
407,1184,1184,423,-119.8,36.65,1.7692,60377.0,INLAND
492,1526,1526,516,-122.69,38.34,3.733,175347.0,<1H OCEAN
574,1968,1968,625,-119.48,36.5,2.9554,86724.0,INLAND
338,972,972,309,-118.0,33.9,4.3831,200123.0,<1H OCEAN
412,1835,1835,364,-121.84,37.32,5.3363,243781.0,<1H OCEAN
191,565,565,190,-118.13,34.02,2.2813,171652.0,<1H OCEAN
396,1134,1134,536,-119.94,38.95,2.32,111511.0,INLAND
288,1011,1011,279,-118.42,34.23,4.5375,188001.0,<1H OCEAN
586,1867,1867,662,-118.22,34.66,4.9,175736.0,INLAND
225,761,761,240,-118.24,33.91,1.4688,97765.0,<1H OCEAN
660,1697,1697,669,-122.49,37.6,4.0795,292752.0,NEAR OCEAN
298,1257,1257,306,-118.21,33.98,3.2788,154679.0,<1H OCEAN
450,1692,1692,556,-118.27,34.07,1.87,187944.0,<1H OCEAN
629,2392,2392,652,-117.77,34.07,2.8661,137166.0,INLAND
867,2300,2300,914,-119.85,36.8,2.9565,78140.0,INLAND
140,388,388,167,-116.96,33.62,4.2917,181702.03,INLAND
572,1566,1566,602,-122.02,38.26,3.6335,151233.0,INLAND
939,2199,2199,950,-121.75,38.55,3.7452,153452.0,INLAND
179,556,556,203,-122.23,37.82,8.7477,448399.27,NEAR BAY
427,1395,1395,423,-121.91,37.69,6.3132,283864.0,<1H OCEAN
465,1305,1305,485,-121.86,37.26,5.5121,246615.0,<1H OCEAN
615,1571,1571,669,-122.06,36.98,4.2254,282427.02,NEAR OCEAN
687,2315,2315,665,-118.65,34.21,9.6465,490653.85,<1H OCEAN
1853,7817,7817,1895,-121.83,37.31,5.6058,277186.05,<1H OCEAN
535,1527,1527,545,-122.49,37.54,6.3256,398584.14,NEAR OCEAN
353,1252,1252,339,-121.84,37.37,4.1615,181171.0,<1H OCEAN
435,1194,1194,501,-118.32,34.03,1.9531,143422.0,<1H OCEAN
194,599,599,171,-118.42,33.99,4.0893,326347.03,<1H OCEAN
722,1359,1359,792,-122.25,37.8,2.1429,200661.0,NEAR BAY
503,1118,1118,564,-117.97,33.83,3.2546,204528.0,<1H OCEAN
504,1583,1583,539,-121.61,39.13,1.4727,83204.0,INLAND
568,1559,1559,588,-121.28,38.11,3.8825,138001.0,INLAND
533,930,930,711,-120.84,35.35,2.6205,220350.01,NEAR OCEAN
268,1112,1112,289,-117.94,34.03,3.83,162031.0,<1H OCEAN
671,1834,1834,761,-120.7,35.55,3.5,185893.0,<1H OCEAN
507,1102,1102,510,-118.43,34.18,3.8906,246784.0,<1H OCEAN
365,1168,1168,378,-122.41,37.73,4.0642,244342.0,NEAR BAY
364,1016,1016,407,-117.03,34.87,3.9464,90021.0,INLAND
391,805,805,463,-117.16,32.72,0.9142,174798.01,NEAR OCEAN
1919,4781,4781,2190,-119.01,35.4,1.7109,65995.0,INLAND
410,920,920,460,-118.08,33.91,0.9946,137758.0,<1H OCEAN
1697,4876,4876,1826,-118.54,34.21,2.875,225817.0,<1H OCEAN
310,828,828,334,-116.99,32.77,6.1103,259287.0,<1H OCEAN
214,586,586,231,-121.14,37.52,3.1645,147151.0,INLAND
401,2177,2177,457,-118.27,33.98,2.125,116712.0,<1H OCEAN
337,952,952,340,-122.31,37.56,4.7917,345854.09,NEAR OCEAN
239,848,848,256,-122.0,37.95,6.8145,281802.01,INLAND
567,1887,1887,635,-118.09,33.88,3.8654,190077.0,<1H OCEAN
16,29,29,14,-118.23,33.76,5.0,267585.07,NEAR OCEAN
257,751,751,426,-120.02,39.24,1.7609,170856.0,INLAND
661,1777,1777,641,-117.68,35.63,6.0653,154267.0,INLAND
140,481,481,174,-119.27,36.05,2.2917,56279.99,INLAND
326,862,862,346,-117.66,33.5,4.4732,202818.01,<1H OCEAN
298,1038,1038,309,-117.91,34.12,4.1944,145923.0,<1H OCEAN
355,727,727,350,-118.35,34.08,4.5833,460675.26,<1H OCEAN
258,1257,1257,272,-118.19,33.98,2.8214,155997.0,<1H OCEAN
421,1190,1190,441,-118.49,34.14,10.6796,500001.0,<1H OCEAN
478,2052,2052,534,-121.87,37.38,7.0735,327362.03,<1H OCEAN
478,1508,1508,506,-121.39,38.69,3.865,118496.0,INLAND
842,1872,1872,895,-116.93,32.85,2.5388,129518.0,<1H OCEAN
298,953,953,323,-122.06,38.25,3.3153,118016.0,INLAND
1376,2880,2880,3923,-116.33,33.75,4.036,154067.02,INLAND
292,620,620,289,-122.17,37.73,3.7159,177044.0,NEAR BAY
520,1389,1389,527,-117.3,33.08,4.0,258912.03,NEAR OCEAN
836,2400,2400,850,-117.32,33.99,4.711,138315.0,INLAND
497,1462,1462,481,-117.69,33.48,6.1815,316396.02,<1H OCEAN
106,489,489,127,-119.18,34.2,2.6964,163174.04,NEAR OCEAN
86,384,384,108,-117.76,34.06,1.9583,116304.0,INLAND
436,1185,1185,480,-121.36,38.59,5.0508,159540.0,INLAND
459,1719,1719,504,-117.76,34.06,2.227,115152.0,INLAND
407,1887,1887,398,-118.2,34.05,2.625,141337.0,<1H OCEAN
612,1441,1441,620,-118.29,34.18,3.9041,293383.0,<1H OCEAN
293,691,691,314,-118.12,33.83,4.3594,228392.0,<1H OCEAN
793,3130,3130,821,-121.61,36.67,2.5224,137678.0,<1H OCEAN
218,588,588,207,-118.15,34.03,2.0536,158934.01,<1H OCEAN
208,671,671,239,-120.04,36.79,2.7917,80665.0,INLAND
524,1392,1392,507,-122.27,37.48,8.5184,478825.67,NEAR OCEAN
895,1987,1987,1035,-117.59,34.1,2.3603,124287.0,INLAND
363,1093,1093,388,-122.46,37.72,3.0703,200276.01,NEAR OCEAN
389,1014,1014,404,-121.89,37.31,4.3882,262693.0,<1H OCEAN
3441,8738,8738,3753,-117.31,33.19,4.3762,212813.0,NEAR OCEAN
356,1305,1305,348,-117.6,34.02,5.2849,190026.0,INLAND
507,1527,1527,494,-118.84,34.15,8.4443,451002.28,<1H OCEAN
441,1168,1168,481,-122.28,37.84,1.9615,127537.0,NEAR BAY
549,1395,1395,574,-122.48,37.76,3.9097,339517.0,NEAR BAY
371,1359,1359,388,-117.76,33.72,7.9739,350299.07,<1H OCEAN
423,1408,1408,412,-119.82,36.83,5.3241,137183.0,INLAND
276,939,939,309,-118.31,34.0,1.6892,114065.0,<1H OCEAN
213,543,543,223,-118.37,34.08,6.0338,421640.26,<1H OCEAN
523,1351,1351,567,-121.8,38.01,3.5179,134951.0,INLAND
457,1216,1216,464,-118.14,34.04,3.3214,217353.0,<1H OCEAN
742,1292,1292,757,-118.16,33.77,2.7614,232650.0,NEAR OCEAN
488,2284,2284,476,-117.15,32.8,3.7292,177526.0,NEAR OCEAN
326,813,813,337,-118.38,33.97,6.019,395898.17,<1H OCEAN
356,838,838,369,-121.37,38.59,4.775,153607.0,INLAND
512,1508,1508,589,-119.68,37.19,2.8167,109040.0,INLAND
224,535,535,212,-117.18,32.75,5.392,305188.1,NEAR OCEAN
527,1399,1399,594,-118.29,34.25,2.4727,207472.01,<1H OCEAN
607,1971,1971,614,-119.79,36.32,3.0667,87773.0,INLAND
326,879,879,360,-118.27,34.25,4.4485,217000.0,<1H OCEAN
302,574,574,1222,-116.26,33.65,10.2948,382186.11,INLAND
322,986,986,344,-121.97,37.54,4.6349,214124.0,<1H OCEAN
370,968,968,400,-122.36,38.41,3.7067,162369.0,INLAND
439,1177,1177,461,-118.03,33.99,3.4312,191889.0,<1H OCEAN
56,266,266,71,-118.18,34.06,0.8941,280106.18,<1H OCEAN
176,399,399,181,-118.6,34.08,6.91,477641.81,<1H OCEAN
317,1037,1037,328,-117.91,34.13,2.2132,165868.01,<1H OCEAN
515,1334,1334,546,-121.23,38.66,4.8088,194827.0,INLAND
457,1949,1949,479,-122.16,37.48,2.3769,162687.0,NEAR BAY
803,1745,1745,844,-118.23,34.14,2.9167,221865.0,<1H OCEAN
440,1764,1764,477,-118.22,33.8,3.875,171588.0,NEAR OCEAN
1444,4250,4250,1489,-119.12,35.33,5.1036,138641.0,INLAND
389,1464,1464,431,-122.24,37.79,2.1638,114534.0,NEAR BAY
1065,3096,3096,1155,-121.02,38.66,4.5246,180801.0,INLAND
490,1135,1135,464,-122.32,37.97,3.9722,166090.0,NEAR BAY
481,1591,1591,547,-121.87,37.39,4.9091,229276.0,<1H OCEAN
210,573,573,227,-121.12,37.73,2.3924,109751.0,INLAND
562,1791,1791,735,-121.94,38.36,5.0346,170944.0,INLAND
513,1132,1132,523,-121.33,38.65,2.6266,112823.0,INLAND
804,2191,2191,872,-119.34,36.23,3.5611,100712.0,INLAND
933,1573,1573,1079,-117.2,33.72,1.9912,141289.0,<1H OCEAN
662,1636,1636,727,-122.46,37.78,2.8553,333351.0,NEAR BAY
665,3029,3029,700,-117.74,34.05,2.1354,109723.0,INLAND
278,1175,1175,240,-121.29,37.92,3.1053,117027.0,INLAND
372,1028,1028,340,-121.45,38.48,3.5402,126775.0,INLAND
485,1349,1349,556,-117.11,34.43,2.8021,99852.0,INLAND
932,3010,3010,955,-120.98,37.62,1.9206,93912.0,INLAND
123,364,364,136,-120.96,41.12,2.5,64943.0,INLAND
292,905,905,285,-117.95,33.8,4.6389,197790.0,<1H OCEAN
522,1381,1381,532,-122.15,38.06,5.3661,197074.0,NEAR BAY
381,1015,1015,437,-122.89,38.42,5.1512,257013.0,<1H OCEAN
116,268,268,121,-119.68,36.32,1.7596,78182.99,INLAND
888,2363,2363,859,-118.27,34.27,6.1946,304098.03,<1H OCEAN
193,673,673,199,-120.43,36.99,2.9688,113467.0,INLAND
406,710,710,471,-121.88,37.26,3.8936,247030.0,<1H OCEAN
2406,7443,7443,2610,-118.3,34.07,1.8238,261101.0,<1H OCEAN
1002,2176,2176,1133,-118.15,33.78,3.5812,262754.02,NEAR OCEAN
2117,4868,4868,2292,-116.94,32.8,1.8937,125627.0,<1H OCEAN
382,1361,1361,421,-117.36,33.88,4.6875,151176.0,INLAND
254,717,717,393,-119.96,38.94,1.8906,101413.0,INLAND
313,1140,1140,330,-118.32,34.04,2.2554,150170.0,<1H OCEAN
235,653,653,244,-121.36,38.57,5.6485,244172.0,INLAND
400,1734,1734,382,-121.25,37.93,2.0833,65594.0,INLAND
303,891,891,346,-119.08,36.02,1.9439,59671.0,INLAND
347,1371,1371,372,-119.55,36.7,2.3687,68135.0,INLAND
923,2460,2460,920,-120.87,37.77,3.5959,149824.0,INLAND
190,463,463,184,-122.19,37.83,8.2049,453156.37,NEAR BAY
580,1635,1635,661,-117.66,34.11,5.0681,177388.0,INLAND
251,670,670,288,-118.33,33.92,3.267,186040.0,<1H OCEAN
134,482,482,141,-118.31,34.1,1.625,212279.0,<1H OCEAN
377,1370,1370,403,-115.54,32.79,1.275,60622.0,INLAND
95,195,195,141,-120.17,39.33,0.9283,107910.0,INLAND
470,1568,1568,533,-118.31,34.02,1.6955,119743.0,<1H OCEAN
545,1698,1698,611,-118.2,34.11,1.9355,179193.0,<1H OCEAN
385,654,654,369,-119.7,34.43,2.6205,351364.16,<1H OCEAN
145,472,472,142,-117.03,32.65,7.6344,339856.15,NEAR OCEAN
318,834,834,434,-121.64,40.9,1.7538,65587.0,INLAND
665,1509,1509,711,-117.2,34.13,3.4138,110875.0,INLAND
271,648,648,291,-122.04,38.25,2.7167,106373.0,INLAND
156,596,596,169,-117.31,33.67,3.1832,152719.01,<1H OCEAN
361,900,900,407,-122.31,37.92,4.1587,218929.0,NEAR BAY
364,876,876,333,-117.91,33.64,3.6406,287220.03,<1H OCEAN
361,1150,1150,357,-119.3,36.31,4.2778,104877.0,INLAND
183,428,428,198,-121.93,36.63,4.3571,261408.0,NEAR OCEAN
938,2677,2677,970,-117.64,33.68,6.5069,274485.0,<1H OCEAN
536,1351,1351,548,-122.08,37.95,5.0672,221078.0,NEAR BAY
579,1857,1857,607,-121.49,38.51,3.1768,103192.0,INLAND
679,2493,2493,711,-122.33,38.0,2.9781,128790.0,NEAR BAY
289,802,802,316,-117.09,32.91,6.5706,255695.01,<1H OCEAN
272,635,635,256,-117.25,32.73,4.5938,351579.03,NEAR OCEAN
278,671,671,263,-117.92,33.84,3.2969,203613.0,<1H OCEAN
428,967,967,432,-122.37,37.58,4.7404,429909.13,NEAR OCEAN
322,912,912,342,-122.17,37.77,3.3958,150949.0,NEAR BAY
282,807,807,280,-118.08,34.12,5.5067,299645.0,<1H OCEAN
197,358,358,197,-121.56,39.52,1.7708,66708.0,INLAND
229,778,778,216,-117.03,32.61,5.1538,148297.0,NEAR OCEAN
414,1201,1201,421,-116.95,32.77,6.3191,302292.0,<1H OCEAN
326,543,543,326,-117.02,32.76,1.0278,143392.0,<1H OCEAN
326,1016,1016,339,-118.65,34.18,4.925,256980.0,<1H OCEAN
538,1631,1631,526,-121.94,37.54,6.2179,279634.0,<1H OCEAN
935,1720,1720,1050,-118.35,34.1,3.358,342396.09,<1H OCEAN
452,1192,1192,454,-118.15,34.7,3.9615,118613.0,INLAND
341,1081,1081,362,-117.8,33.79,4.3269,217748.0,<1H OCEAN
514,1764,1764,521,-119.24,35.77,1.7813,56483.0,INLAND
32,85,85,32,-121.93,38.31,4.875,132503.0,INLAND
265,891,891,267,-118.31,34.09,1.8977,244389.0,<1H OCEAN
807,1941,1941,814,-122.26,37.55,5.9572,364010.04,NEAR BAY
1811,4783,4783,1915,-117.68,33.65,5.928,283609.02,<1H OCEAN
210,737,737,195,-122.2,37.79,2.6667,144555.01,NEAR BAY
764,2146,2146,782,-122.69,38.34,4.0844,198708.0,<1H OCEAN
215,888,888,237,-118.27,34.0,1.75,108757.0,<1H OCEAN
417,975,975,407,-122.31,37.54,4.0726,383548.05,NEAR OCEAN
329,1363,1363,342,-118.28,33.99,2.5848,120545.0,<1H OCEAN
64,822,822,72,-115.5,32.75,3.4107,84940.0,INLAND
673,1603,1603,692,-118.35,33.93,2.11,157318.0,<1H OCEAN
842,3913,3913,876,-118.23,33.96,3.0143,162151.0,<1H OCEAN
3510,9690,9690,3933,-117.27,33.23,4.1405,188139.0,<1H OCEAN
437,1226,1226,625,-120.76,38.6,2.5865,121160.0,INLAND
774,2473,2473,863,-119.58,36.83,5.4895,147067.0,INLAND
949,3298,3298,1095,-118.3,34.01,1.9152,148814.0,<1H OCEAN
557,1359,1359,622,-118.38,34.17,2.7708,236492.0,<1H OCEAN
798,2230,2230,832,-121.95,37.36,3.5625,278544.0,<1H OCEAN
335,748,748,326,-117.9,33.8,2.9231,210101.0,<1H OCEAN
399,1208,1208,428,-120.06,36.97,1.4044,56667.0,INLAND
419,966,966,426,-120.12,34.6,5.5106,333202.01,NEAR OCEAN
698,2042,2042,723,-119.08,34.34,2.7593,187698.0,<1H OCEAN
385,825,825,432,-122.14,38.02,2.0523,144206.0,NEAR BAY
588,1804,1804,574,-120.94,37.6,3.5331,119812.0,INLAND
487,2249,2249,483,-118.22,33.95,2.8167,158412.0,<1H OCEAN
624,2453,2453,667,-117.53,33.88,3.1312,134793.0,INLAND
724,1967,1967,762,-118.32,33.87,5.3244,279528.01,<1H OCEAN
794,2540,2540,776,-121.83,38.45,4.8611,200535.0,INLAND
418,1529,1529,577,-118.22,33.99,2.7708,159473.0,<1H OCEAN
1232,3613,3613,1264,-118.01,33.74,6.0609,283658.0,<1H OCEAN
269,1047,1047,284,-117.31,34.13,2.2865,78884.0,INLAND
714,2412,2412,748,-121.94,37.56,8.3996,447896.14,<1H OCEAN
530,855,855,557,-122.7,38.45,1.125,162233.02,<1H OCEAN
287,689,689,270,-122.24,37.47,6.1244,410422.23,NEAR OCEAN
455,1260,1260,460,-119.34,36.22,3.0905,85026.0,INLAND
423,1232,1232,411,-118.34,33.89,5.373,256984.0,<1H OCEAN
501,1779,1779,478,-117.91,34.1,4.25,170592.0,<1H OCEAN
1057,2528,2528,1137,-118.12,33.77,10.2233,498356.95,NEAR OCEAN
279,771,771,306,-121.62,37.61,5.7239,273557.0,INLAND
434,1033,1033,388,-122.27,37.77,5.5337,312826.02,NEAR BAY
405,1464,1464,373,-117.88,33.7,5.4836,235980.0,<1H OCEAN
922,2442,2442,985,-117.97,33.82,3.7655,197901.0,<1H OCEAN
179,494,494,193,-122.17,37.74,2.4776,104453.0,NEAR BAY
568,1202,1202,595,-122.48,37.77,3.8899,358709.02,NEAR BAY
276,739,739,299,-121.96,37.34,3.4375,256457.0,<1H OCEAN
609,1639,1639,604,-120.83,37.51,4.6635,149256.0,INLAND
394,990,990,420,-122.27,37.54,6.035,370587.05,NEAR BAY
396,1394,1394,423,-117.33,34.08,3.1799,102699.0,INLAND
209,599,599,194,-117.9,34.06,7.5,376623.19,<1H OCEAN
441,1680,1680,484,-118.23,34.09,2.6051,158555.0,<1H OCEAN
885,2307,2307,945,-120.66,35.49,2.8285,167144.0,<1H OCEAN
547,1482,1482,487,-122.61,38.26,4.6833,216184.0,<1H OCEAN
478,1862,1862,516,-117.78,34.09,3.7177,137177.0,INLAND
454,1106,1106,451,-122.19,37.79,4.6563,243983.0,NEAR BAY
365,922,922,385,-120.95,39.93,2.8125,92593.0,INLAND
1004,2519,2519,1012,-118.38,33.98,6.8112,398707.13,<1H OCEAN
627,1434,1434,664,-119.23,34.44,2.4777,211062.0,<1H OCEAN
667,1803,1803,718,-118.02,34.13,3.9464,260832.0,INLAND
300,943,943,300,-118.36,33.83,5.1984,346585.0,<1H OCEAN
218,573,573,796,-116.88,34.24,4.6394,143101.92,INLAND
249,736,736,237,-120.06,36.72,1.8,56880.0,INLAND
171,410,410,178,-117.91,33.61,11.075,497952.93,<1H OCEAN
1006,3943,3943,1206,-117.18,33.16,3.1793,178092.0,<1H OCEAN
452,1290,1290,451,-121.99,38.36,3.2768,132067.0,INLAND
104,485,485,125,-117.92,34.59,2.7396,146500.0,INLAND
604,1967,1967,610,-117.66,33.63,5.5085,229982.01,<1H OCEAN
83,219,219,96,-120.83,37.76,2.9125,137657.0,INLAND
413,915,915,444,-122.26,37.77,2.9899,235895.0,NEAR BAY
607,1304,1304,616,-117.11,32.76,2.0852,126479.01,NEAR OCEAN
374,927,927,370,-117.02,32.8,4.1162,167559.0,<1H OCEAN
150,432,432,167,-120.98,37.65,2.5,114110.0,INLAND
276,730,730,251,-117.96,33.82,3.6422,198794.0,<1H OCEAN
73,236,236,84,-119.36,35.55,2.7,101377.0,INLAND
539,2212,2212,562,-118.21,33.98,2.325,158693.0,<1H OCEAN
4012,9873,9873,4407,-118.72,34.14,5.4032,414807.32,NEAR OCEAN
250,751,751,286,-118.31,33.94,2.7401,141694.0,<1H OCEAN
679,1548,1548,752,-118.49,34.02,2.9125,343912.04,<1H OCEAN
348,1061,1061,337,-117.5,33.92,4.55,137672.0,INLAND
246,758,758,235,-122.23,37.45,7.7932,477542.59,NEAR OCEAN
423,940,940,421,-122.29,37.89,5.0551,310643.01,NEAR BAY
634,1478,1478,749,-117.25,32.99,7.472,378455.05,NEAR OCEAN
808,2357,2357,945,-117.09,32.71,1.5,108549.0,NEAR OCEAN
416,1460,1460,410,-117.85,33.92,8.0287,382902.11,<1H OCEAN
278,639,639,284,-121.89,37.3,5.8415,298286.0,<1H OCEAN
321,1054,1054,410,-121.01,37.33,1.6214,81558.0,INLAND
356,1080,1080,335,-119.85,36.83,6.7181,199334.01,INLAND
377,1575,1575,396,-120.45,34.96,2.875,142327.0,<1H OCEAN
990,2522,2522,1047,-121.89,37.38,5.7695,283029.0,<1H OCEAN
260,899,899,280,-117.07,32.58,3.8194,140380.0,NEAR OCEAN
70,171,171,71,-121.28,37.9,0.9614,66183.0,INLAND
566,1355,1355,673,-121.21,39.24,4.3702,182931.0,INLAND
431,1100,1100,591,-118.33,33.34,2.8333,344623.02,ISLAND
450,1464,1464,449,-119.67,36.65,3.9211,91754.0,INLAND
1419,4005,4005,1603,-117.79,33.84,8.3931,406325.09,<1H OCEAN
173,644,644,185,-122.05,36.96,4.2045,256561.02,NEAR OCEAN
432,926,926,458,-122.0,37.82,4.6042,261623.01,<1H OCEAN
797,2677,2677,843,-121.83,37.38,3.2222,195220.0,<1H OCEAN
404,1478,1478,396,-117.93,33.64,2.5301,215726.0,<1H OCEAN
282,1187,1187,297,-117.04,32.54,1.2667,105387.0,NEAR OCEAN
360,1067,1067,348,-117.21,34.49,3.6333,122767.0,INLAND
700,2286,2286,731,-118.2,33.85,2.3041,157724.0,<1H OCEAN
246,539,539,262,-122.58,38.59,3.5208,198955.0,INLAND
691,1674,1674,735,-117.04,34.04,2.5863,97876.0,INLAND
347,643,643,397,-121.33,37.98,2.7031,107358.0,INLAND
521,1504,1504,557,-122.35,38.3,5.6304,220039.0,NEAR BAY
994,1939,1939,1100,-118.33,34.11,2.2148,243167.01,<1H OCEAN
483,1359,1359,521,-119.61,36.57,1.5833,60260.0,INLAND
1259,3489,3489,1217,-121.77,37.67,5.7907,265275.0,INLAND
158,329,329,280,-116.0,32.74,1.4338,73282.0,INLAND
582,1714,1714,624,-118.33,34.03,1.7377,137888.0,<1H OCEAN
363,983,983,368,-120.45,34.63,4.9286,225564.01,NEAR OCEAN
198,996,996,198,-120.67,36.72,2.5,75749.0,INLAND
4,17,17,7,-118.43,33.97,7.7197,291230.25,<1H OCEAN
236,686,686,261,-118.13,33.9,3.9038,205984.0,<1H OCEAN
843,1513,1513,882,-117.24,32.8,3.101,216761.0,NEAR OCEAN
397,945,945,429,-121.56,39.52,1.7308,61202.0,INLAND
570,1289,1289,1152,-116.37,33.19,2.5795,102956.0,INLAND
404,1098,1098,387,-118.39,33.88,7.6685,411438.24,<1H OCEAN
300,668,668,313,-117.18,32.69,5.1009,357113.0,NEAR OCEAN
569,982,982,604,-117.32,33.23,1.6402,195750.14,NEAR OCEAN
481,1152,1152,573,-114.64,34.83,1.7062,64239.0,INLAND
317,1158,1158,320,-119.08,36.22,3.0324,91605.0,INLAND
383,1217,1217,416,-119.1,36.42,1.8801,61041.0,INLAND
618,1229,1229,661,-121.92,36.61,3.1359,266568.0,NEAR OCEAN
243,641,641,249,-122.14,37.67,4.0682,191907.0,NEAR BAY
395,1030,1030,418,-118.22,34.21,3.5707,272124.0,<1H OCEAN
214,551,551,386,-122.51,39.3,1.7463,83188.0,INLAND
415,722,722,404,-121.34,38.61,2.0926,126576.0,INLAND
496,1431,1431,469,-122.46,37.73,5.2088,306799.01,NEAR BAY
142,476,476,142,-117.46,33.92,3.5208,147510.0,INLAND
510,1733,1733,646,-117.96,34.71,3.46,112994.0,INLAND
649,1939,1939,685,-121.97,38.03,3.7043,150582.0,INLAND
27,47,47,262,-121.54,40.06,2.4028,93799.01,INLAND
263,1339,1339,267,-118.23,33.94,2.1607,97859.0,<1H OCEAN
502,669,669,550,-117.71,33.61,2.3438,108757.0,<1H OCEAN
2440,7030,7030,2574,-118.45,34.44,4.6861,206368.01,<1H OCEAN
881,1581,1581,1073,-118.43,34.05,5.2555,466619.67,<1H OCEAN
289,1279,1279,318,-118.0,34.08,4.6467,209090.0,INLAND
441,1165,1165,506,-124.15,40.88,1.725,77502.0,NEAR OCEAN
427,1395,1395,425,-117.65,33.63,8.4471,344177.01,<1H OCEAN
506,1753,1753,544,-118.4,34.21,2.9803,194547.0,<1H OCEAN
355,915,915,367,-121.42,37.74,1.1957,86918.0,INLAND
336,1153,1153,392,-117.49,33.99,4.84,146298.0,INLAND
284,713,713,322,-122.18,37.78,3.2984,161646.0,NEAR BAY
919,2293,2293,964,-119.45,35.15,3.1592,81559.0,INLAND
477,1087,1087,516,-122.71,38.46,3.0444,182330.0,<1H OCEAN
912,2494,2494,916,-116.89,33.93,2.0976,88885.0,INLAND
1772,5217,5217,1856,-118.25,34.14,2.506,225828.0,<1H OCEAN
309,870,870,332,-122.33,37.55,9.3694,496474.95,NEAR OCEAN
481,1391,1391,472,-117.93,33.67,8.1001,385118.13,<1H OCEAN
261,735,735,264,-118.53,34.04,9.1078,491558.91,<1H OCEAN
374,909,909,436,-120.96,39.12,2.5326,132775.0,INLAND
625,1926,1926,711,-122.68,38.46,7.3003,352886.07,<1H OCEAN
372,982,982,374,-118.28,34.08,2.9423,200211.0,<1H OCEAN
324,840,840,365,-122.29,40.44,1.3904,66771.0,INLAND
365,750,750,375,-118.33,34.17,2.473,226729.0,<1H OCEAN
309,998,998,333,-118.46,34.22,3.9625,205272.0,<1H OCEAN
817,1770,1770,884,-117.99,33.73,3.1912,212745.0,<1H OCEAN
602,2185,2185,573,-115.49,32.67,1.375,74949.0,INLAND
317,757,757,341,-118.08,34.12,4.2434,268863.0,<1H OCEAN
730,1658,1658,864,-121.34,38.62,2.4537,128003.0,INLAND
573,830,830,587,-122.15,37.73,2.1898,161673.0,NEAR BAY
355,851,851,394,-118.5,34.03,6.48,459611.4,<1H OCEAN
685,2086,2086,887,-121.27,38.74,2.6065,110724.0,INLAND
661,1807,1807,660,-118.3,33.83,3.5473,217772.0,<1H OCEAN
313,1102,1102,335,-117.02,32.59,3.0365,131101.0,NEAR OCEAN
315,905,905,307,-118.62,34.19,5.5101,254372.0,<1H OCEAN
583,1467,1467,579,-118.38,33.87,5.7415,359446.02,<1H OCEAN
497,1726,1726,541,-117.66,34.12,6.1195,240565.0,INLAND
350,850,850,347,-122.29,37.98,5.1046,209178.0,NEAR BAY
208,884,884,192,-117.96,33.81,5.2384,209753.0,<1H OCEAN
1001,2026,2026,1231,-117.07,33.03,5.09,249867.02,<1H OCEAN
25,45,45,20,-122.5,37.96,6.1359,377351.25,NEAR BAY
674,1940,1940,708,-121.91,37.36,3.2153,244153.0,<1H OCEAN
680,1986,1986,841,-120.97,37.69,3.072,135370.0,INLAND
617,1684,1684,636,-122.18,37.86,8.9571,490177.85,NEAR BAY
706,2101,2101,719,-122.43,37.72,3.0107,255920.0,NEAR BAY
114,383,383,117,-117.84,34.0,6.8758,340075.1,<1H OCEAN
654,2012,2012,858,-122.08,38.3,6.8872,278498.0,INLAND
647,1498,1498,648,-122.13,37.43,5.2114,426648.19,NEAR BAY
904,2340,2340,1074,-118.35,33.97,2.6734,160240.0,<1H OCEAN
293,721,721,379,-122.59,38.56,4.65,245200.0,<1H OCEAN
614,1520,1520,763,-122.41,37.78,1.4554,200838.0,NEAR BAY
618,1916,1916,607,-117.87,33.7,4.9153,186389.0,<1H OCEAN
256,688,688,338,-117.53,34.28,4.1083,134718.87,INLAND
651,1513,1513,693,-118.17,33.82,5.5106,237368.0,NEAR OCEAN
551,1457,1457,561,-121.03,37.32,2.2566,91949.0,INLAND
504,1507,1507,518,-122.34,37.55,13.3913,500001.0,NEAR OCEAN
320,933,933,358,-122.18,37.76,2.2917,95025.0,NEAR BAY
212,682,682,195,-122.41,37.66,3.2833,246004.0,NEAR OCEAN
315,724,724,355,-122.28,37.52,4.0313,332054.03,NEAR OCEAN
530,1387,1387,616,-121.24,39.37,2.3886,83448.0,INLAND
609,1987,1987,655,-118.4,34.2,2.8424,192860.0,<1H OCEAN
504,1205,1205,531,-122.26,37.89,6.6828,372279.09,NEAR BAY
949,2660,2660,922,-117.86,33.79,3.1792,211936.0,<1H OCEAN
245,705,705,254,-121.46,38.68,2.8333,105760.0,INLAND
541,1727,1727,601,-117.12,33.27,4.9375,261058.0,<1H OCEAN
557,1886,1886,537,-121.23,37.81,4.2431,173957.0,INLAND
455,1772,1772,500,-117.19,34.07,2.189,78369.0,INLAND
525,1365,1365,614,-119.67,36.74,2.7813,83133.0,INLAND
100,228,228,118,-122.3,37.87,2.1705,143013.0,NEAR BAY
217,470,470,208,-117.15,33.14,2.3062,166172.01,<1H OCEAN
122,406,406,128,-119.82,36.74,1.8967,73981.0,INLAND
277,888,888,307,-118.96,35.87,3.7794,91561.0,INLAND
166,484,484,162,-117.98,34.03,2.625,169412.0,<1H OCEAN
307,1097,1097,297,-118.22,33.97,2.6384,150856.0,<1H OCEAN
215,719,719,216,-116.99,32.72,3.8295,155469.0,<1H OCEAN
213,514,514,203,-118.28,34.11,4.2019,305906.03,<1H OCEAN
393,922,922,403,-122.14,37.73,4.6042,230062.0,NEAR BAY
410,1002,1002,456,-118.42,34.0,3.9798,378588.27,<1H OCEAN
215,669,669,224,-121.99,36.98,4.3409,255892.0,NEAR OCEAN
1391,4389,4389,1344,-121.86,37.7,6.6827,296597.01,INLAND
542,1760,1760,548,-119.58,36.77,4.0227,91860.0,INLAND
816,1547,1547,875,-117.17,32.77,4.5481,231925.01,NEAR OCEAN
1555,5690,5690,1767,-117.47,34.12,4.1797,155252.0,INLAND
319,909,909,425,-120.02,37.57,2.7188,108302.0,INLAND
960,2184,2184,1012,-118.39,34.12,8.2816,486706.65,<1H OCEAN
411,1386,1386,416,-118.03,33.93,5.2736,211151.0,<1H OCEAN
439,671,671,454,-118.33,34.08,3.5083,397294.09,<1H OCEAN
346,855,855,359,-124.13,40.79,3.5833,104795.0,NEAR OCEAN
96,235,235,216,-119.94,38.92,4.6,145100.0,INLAND
870,3072,3072,907,-118.11,34.07,2.3393,197479.0,<1H OCEAN
288,819,819,277,-118.31,33.97,3.725,134580.0,<1H OCEAN
516,1292,1292,518,-118.42,34.13,12.7823,500001.0,<1H OCEAN
430,857,857,450,-122.06,37.64,3.5541,185210.0,NEAR BAY
291,761,761,285,-122.29,37.54,5.0081,340645.04,NEAR OCEAN
1034,2909,2909,1098,-118.14,34.08,2.7036,218216.0,<1H OCEAN
384,1038,1038,427,-118.19,33.81,4.4559,203718.0,NEAR OCEAN
221,508,508,211,-118.13,33.79,5.3441,279174.06,NEAR OCEAN
228,1046,1046,232,-118.26,34.02,2.2356,126508.0,<1H OCEAN
860,1815,1815,891,-118.54,34.17,2.8528,237729.01,<1H OCEAN
459,1092,1092,502,-122.49,37.76,3.5302,333987.0,NEAR BAY
162,469,469,185,-122.0,38.37,3.625,141364.0,INLAND
375,1074,1074,401,-118.48,34.03,3.5076,385731.12,<1H OCEAN
1845,3397,3397,1978,-118.4,34.03,3.4058,312787.02,<1H OCEAN
370,952,952,389,-122.11,37.67,3.8,188131.0,NEAR BAY
500,1503,1503,537,-117.43,34.07,2.3768,102772.0,INLAND
157,425,425,238,-123.85,41.32,1.0486,85734.01,<1H OCEAN
400,1067,1067,394,-118.29,33.9,1.7714,112118.0,<1H OCEAN
353,1096,1096,356,-122.41,37.66,4.475,254999.0,NEAR OCEAN
919,2994,2994,1096,-118.19,33.79,1.8109,148986.0,NEAR OCEAN
427,723,723,557,-122.91,39.03,1.3532,96637.0,INLAND
697,1567,1567,753,-118.4,34.11,15.0001,500001.0,<1H OCEAN
275,977,977,287,-118.45,34.31,4.4773,205622.02,<1H OCEAN
501,1185,1185,494,-122.1,37.65,4.5417,212486.0,NEAR BAY
705,2165,2165,710,-117.14,32.91,3.7837,162912.0,<1H OCEAN
709,1447,1447,733,-122.04,38.0,3.2484,152878.0,NEAR BAY
348,772,772,356,-122.45,37.75,4.95,350648.05,NEAR BAY
893,2315,2315,968,-122.32,37.99,4.2852,176050.0,NEAR BAY
422,1501,1501,411,-121.43,38.64,2.0417,77819.0,INLAND
93,302,302,93,-119.89,36.73,2.6146,107638.0,INLAND
378,1248,1248,384,-122.02,37.31,5.9714,326869.0,<1H OCEAN
588,2377,2377,614,-122.32,37.57,3.2891,284252.04,NEAR OCEAN
319,583,583,330,-117.89,34.09,2.3971,180163.01,<1H OCEAN
1001,3281,3281,1030,-118.02,33.79,6.1142,292637.0,<1H OCEAN
545,1598,1598,550,-118.33,33.99,2.8274,162988.0,<1H OCEAN
734,3456,3456,903,-118.34,33.94,2.182,150510.0,<1H OCEAN
383,1325,1325,373,-118.75,34.26,5.4604,230257.0,<1H OCEAN
593,1758,1758,649,-117.96,33.83,3.3831,191854.0,<1H OCEAN
301,955,955,335,-122.04,36.97,3.8259,259451.0,NEAR OCEAN
386,960,960,448,-119.79,36.79,1.5122,61095.0,INLAND
309,1511,1511,331,-118.03,34.05,3.5129,161336.0,<1H OCEAN
136,306,306,134,-121.97,37.36,4.575,275216.01,<1H OCEAN
270,721,721,283,-118.45,37.25,3.0817,134462.0,INLAND
631,2082,2082,592,-117.02,32.71,3.5388,123449.0,NEAR OCEAN
308,1119,1119,334,-120.12,36.01,2.2167,59688.0,INLAND
505,1488,1488,522,-118.74,34.27,4.18,212182.0,<1H OCEAN
290,665,665,328,-118.02,33.83,3.2933,224140.0,<1H OCEAN
160,467,467,154,-117.1,32.83,6.2047,252708.03,<1H OCEAN
251,1439,1439,310,-118.23,33.98,2.39,120186.0,<1H OCEAN
291,759,759,274,-118.31,34.27,6.0808,278070.01,<1H OCEAN
343,936,936,378,-121.45,41.04,2.67,70594.0,INLAND
485,1265,1265,491,-121.35,38.56,4.5066,147708.0,INLAND
396,972,972,427,-118.12,33.86,4.8516,220828.01,<1H OCEAN
307,849,849,356,-122.24,38.1,2.9432,126805.0,NEAR BAY
173,422,422,214,-118.48,33.43,2.6042,349498.12,ISLAND
476,1463,1463,515,-117.29,33.08,5.7787,306394.08,NEAR OCEAN
386,1434,1434,398,-117.01,32.7,3.5341,125302.0,NEAR OCEAN
749,2149,2149,794,-118.31,34.07,2.2653,270346.03,<1H OCEAN
737,1801,1801,765,-118.47,34.0,2.6042,335608.0,<1H OCEAN
107,391,391,108,-122.08,37.63,4.0682,188956.0,NEAR BAY
401,1105,1105,425,-122.49,37.75,3.7054,319810.0,NEAR OCEAN
507,1346,1346,534,-122.27,37.32,5.3951,384725.14,NEAR OCEAN
183,537,537,208,-118.35,34.03,1.9,173359.01,<1H OCEAN
295,750,750,280,-118.23,34.2,5.3925,347393.01,<1H OCEAN
426,1503,1503,391,-117.61,34.09,4.6167,161838.0,INLAND
153,347,347,148,-118.46,34.01,4.2813,394550.21,<1H OCEAN
331,1657,1657,349,-118.24,33.97,2.0819,104731.0,<1H OCEAN
601,1499,1499,622,-117.96,33.82,3.63,202927.0,<1H OCEAN
341,1326,1326,345,-117.05,32.59,4.2679,139520.0,NEAR OCEAN
1585,3335,3335,1707,-118.44,34.0,3.1579,303458.01,<1H OCEAN
1150,3141,3141,1186,-118.27,34.22,7.2812,413416.01,<1H OCEAN
328,924,924,340,-122.13,37.68,3.6,184230.0,NEAR BAY
345,1302,1302,349,-117.88,33.87,5.6409,225580.0,<1H OCEAN
427,1326,1326,473,-117.07,33.11,3.0915,156318.0,<1H OCEAN
2023,6931,6931,2062,-117.72,33.97,5.228,236598.0,<1H OCEAN
943,3671,3671,937,-117.86,34.02,5.9716,284025.0,<1H OCEAN
293,802,802,306,-122.04,36.96,4.1964,265261.01,NEAR OCEAN
538,1858,1858,559,-117.96,33.72,6.8645,321473.0,<1H OCEAN
444,1312,1312,419,-117.42,34.08,3.4844,106601.0,INLAND
229,638,638,222,-118.35,34.22,4.1302,224119.0,<1H OCEAN
271,1068,1068,255,-118.09,33.98,3.1607,160881.0,<1H OCEAN
252,881,881,249,-118.21,34.04,2.2454,148833.01,<1H OCEAN
97,380,380,119,-118.97,35.37,1.4125,53842.99,INLAND
374,1093,1093,393,-122.08,37.65,3.6818,178957.0,NEAR BAY
723,1706,1706,748,-122.57,38.11,3.4705,233970.0,NEAR BAY
226,959,959,222,-118.52,34.22,5.0282,225502.01,<1H OCEAN
201,600,600,194,-117.75,34.08,4.0368,161007.99,INLAND
179,486,486,204,-120.17,39.33,4.119,151494.0,INLAND
1329,3250,3250,1489,-122.02,37.37,4.2782,272484.03,<1H OCEAN
362,1099,1099,390,-117.05,33.13,5.2323,183714.0,<1H OCEAN
113,310,310,90,-119.26,36.61,2.5417,88864.99,INLAND
792,1674,1674,853,-121.94,37.34,3.4233,272576.0,<1H OCEAN
636,2786,2786,684,-117.97,34.06,4.0469,182265.0,<1H OCEAN
438,1274,1274,444,-122.38,40.67,2.212,74581.0,INLAND
558,1342,1342,642,-117.83,33.77,4.1151,221778.0,<1H OCEAN
1222,2490,2490,1304,-118.52,34.2,2.6437,233485.02,<1H OCEAN
269,669,669,279,-118.39,34.04,3.9038,333798.15,<1H OCEAN
807,1802,1802,1182,-118.45,35.58,1.8819,67531.0,INLAND
713,1656,1656,787,-117.84,33.78,4.25,202432.0,<1H OCEAN
540,2010,2010,579,-118.21,33.9,2.0817,130025.0,<1H OCEAN
538,842,842,591,-117.28,33.18,2.1205,159943.0,NEAR OCEAN
654,1676,1676,649,-118.33,34.16,3.4286,282386.01,<1H OCEAN
375,1506,1506,399,-118.2,33.98,2.0,156611.0,<1H OCEAN
192,614,614,186,-121.32,38.56,4.5766,160325.0,INLAND
102,177,177,103,-118.37,33.9,3.3409,256837.03,<1H OCEAN
412,763,763,445,-118.18,34.1,4.975,268669.01,<1H OCEAN
246,1095,1095,268,-117.06,32.6,2.4191,128485.0,NEAR OCEAN
715,2230,2230,827,-121.81,38.49,3.9309,147932.0,INLAND
323,739,739,334,-118.13,34.15,2.5903,181836.01,<1H OCEAN
694,2830,2830,702,-118.2,33.97,2.754,163925.0,<1H OCEAN
720,1953,1953,763,-117.08,32.73,1.4254,111340.0,NEAR OCEAN
282,1076,1076,333,-119.45,36.35,2.3365,67148.0,INLAND
370,950,950,386,-122.06,37.95,4.7386,203515.0,NEAR BAY
693,2028,2028,723,-122.07,37.63,2.4808,155942.0,NEAR BAY
443,1549,1549,477,-121.22,37.79,4.4766,178073.0,INLAND
263,702,702,299,-121.75,37.68,5.2443,214308.0,INLAND
466,1108,1108,477,-120.51,37.32,2.3099,87569.0,INLAND
935,2725,2725,1039,-116.24,33.72,3.775,105267.01,INLAND
328,1097,1097,295,-122.02,37.6,3.2386,174154.0,NEAR BAY
652,2269,2269,722,-118.01,33.75,4.525,216866.0,<1H OCEAN
1520,4552,4552,1540,-121.95,37.55,6.6478,318758.01,<1H OCEAN
535,2223,2223,549,-117.91,33.78,4.0362,186691.0,<1H OCEAN
581,1742,1742,589,-121.24,38.67,4.0182,142183.0,INLAND
484,1210,1210,508,-121.03,37.62,2.5313,103559.0,INLAND
1014,2768,2768,947,-122.33,38.31,6.1953,255162.01,NEAR BAY
766,2248,2248,744,-121.0,37.8,3.6107,153259.0,INLAND
278,661,661,262,-123.21,39.14,3.0,128961.0,<1H OCEAN
246,705,705,255,-118.38,34.03,2.6402,262981.01,<1H OCEAN
243,757,757,265,-117.19,33.64,3.235,167156.0,<1H OCEAN
600,2119,2119,629,-118.13,34.01,2.075,157398.0,<1H OCEAN
491,2091,2091,506,-120.04,36.96,1.3713,54450.0,INLAND
343,861,861,345,-117.09,32.79,3.8333,171171.0,NEAR OCEAN
694,1875,1875,791,-122.05,37.95,3.1838,191958.0,NEAR BAY
1072,2654,2654,1111,-117.22,32.75,4.5878,244434.0,NEAR OCEAN
623,1322,1322,605,-121.41,38.61,3.4784,150023.0,INLAND
426,1344,1344,428,-117.09,32.62,2.4866,118516.0,NEAR OCEAN
307,735,735,308,-118.43,34.04,5.2954,449093.43,<1H OCEAN
444,1293,1293,468,-118.01,33.93,3.275,183048.0,<1H OCEAN
692,2292,2292,709,-121.86,37.27,5.6876,265174.01,<1H OCEAN
329,748,748,358,-119.71,34.4,4.2283,323569.01,NEAR OCEAN
607,1390,1390,610,-118.47,34.14,7.629,424526.28,<1H OCEAN
302,1201,1201,312,-117.95,33.92,4.0,178305.0,<1H OCEAN
606,1441,1441,586,-121.28,38.1,2.5556,101130.0,INLAND
430,1465,1465,456,-122.49,37.69,4.9375,267701.0,NEAR OCEAN
799,1886,1886,815,-117.01,32.79,3.4421,154384.0,<1H OCEAN
1304,3887,3887,1373,-117.55,33.85,4.8686,183276.0,INLAND
1281,4108,4108,1361,-121.6,37.13,7.5,359938.0,<1H OCEAN
344,945,945,351,-117.26,34.17,3.8906,103592.0,INLAND
340,804,804,354,-122.2,37.8,5.1184,269665.02,NEAR BAY
429,821,821,471,-117.16,32.73,1.9597,163581.0,NEAR OCEAN
598,2824,2824,668,-118.26,34.01,1.9074,119600.01,<1H OCEAN
1535,2688,2688,1547,-117.95,33.63,3.9917,313842.0,<1H OCEAN
927,3702,3702,986,-118.19,33.89,2.9293,145904.0,<1H OCEAN
1148,3502,3502,1179,-122.44,37.52,5.9919,371764.05,NEAR OCEAN
375,811,811,358,-121.48,38.55,4.3929,172840.0,INLAND
258,800,800,284,-121.83,37.37,3.2279,202310.01,<1H OCEAN
220,503,503,224,-122.55,37.9,7.9606,423426.26,NEAR BAY
502,1868,1868,527,-118.33,34.05,3.375,310093.0,<1H OCEAN
698,1565,1565,727,-117.88,33.92,5.457,242951.01,<1H OCEAN
358,1376,1376,349,-118.37,33.95,2.2297,158072.0,<1H OCEAN
697,1815,1815,746,-118.29,33.71,3.7596,286469.01,NEAR OCEAN
411,1652,1652,405,-119.62,36.58,2.6858,71974.0,INLAND
231,1010,1010,207,-118.29,34.01,1.6036,125348.0,<1H OCEAN
320,999,999,342,-120.43,34.89,5.0286,191153.0,<1H OCEAN
506,1015,1015,556,-118.41,34.06,4.1411,473592.74,<1H OCEAN
234,822,822,266,-123.21,39.13,4.0469,140767.0,<1H OCEAN
344,1011,1011,363,-118.06,34.04,2.6288,179218.0,<1H OCEAN
538,1469,1469,513,-117.03,32.79,5.8683,258857.01,<1H OCEAN
241,1044,1044,264,-118.26,33.79,3.5488,170153.0,<1H OCEAN
433,1142,1142,408,-118.45,34.0,4.575,333835.01,<1H OCEAN
426,998,998,454,-121.97,37.26,4.6827,293979.0,<1H OCEAN
615,1700,1700,623,-121.8,38.67,3.1875,118379.0,INLAND
901,1447,1447,997,-122.43,37.63,3.5214,298363.0,NEAR OCEAN
712,2109,2109,685,-117.11,32.58,2.2755,120099.0,NEAR OCEAN
1049,2532,2532,1018,-121.37,38.63,4.6127,169738.0,INLAND
1136,2140,2140,1243,-121.35,38.61,2.5511,122706.0,INLAND
484,1645,1645,484,-121.91,37.44,5.0362,240851.01,<1H OCEAN
225,749,749,226,-122.17,37.74,3.0298,134655.0,NEAR BAY
256,509,509,263,-117.23,32.73,2.7273,197111.01,NEAR OCEAN
174,935,935,172,-118.43,34.26,2.9519,155130.0,<1H OCEAN
420,1099,1099,466,-122.4,38.46,4.635,289542.0,INLAND
365,956,956,339,-122.31,38.33,4.0132,169142.0,NEAR BAY
214,558,558,209,-118.11,33.81,3.9722,222986.0,<1H OCEAN
231,565,565,225,-118.35,33.9,3.9485,225720.0,<1H OCEAN
774,1644,1644,780,-118.01,33.67,5.041,376963.2,NEAR OCEAN
255,522,522,268,-120.45,34.71,6.4678,413505.34,NEAR OCEAN
726,2500,2500,773,-117.47,33.92,3.6583,124689.0,INLAND
313,749,749,340,-119.29,36.28,2.2333,68410.0,INLAND
408,1291,1291,409,-117.86,33.9,7.2478,340011.06,<1H OCEAN
239,638,638,256,-119.68,36.63,3.0139,79781.0,INLAND
442,1414,1414,437,-118.08,33.92,3.7238,170379.0,<1H OCEAN
1030,2371,2371,1056,-121.37,38.66,2.4574,118834.0,INLAND
164,420,420,161,-117.09,32.63,1.8417,111545.0,NEAR OCEAN
228,599,599,228,-121.34,38.58,7.8031,314977.01,INLAND
1165,2383,2383,1319,-120.66,35.26,2.2656,237634.05,NEAR OCEAN
736,1460,1460,786,-118.16,33.77,2.875,194846.0,NEAR OCEAN
1024,1589,1589,1062,-116.98,33.74,1.8446,100775.0,INLAND
414,1177,1177,423,-123.79,39.44,3.2171,115550.0,<1H OCEAN
386,1129,1129,424,-121.33,37.98,5.143,183780.0,INLAND
456,1330,1330,477,-118.47,34.25,4.5417,215423.0,<1H OCEAN
451,1904,1904,464,-117.74,34.02,3.7454,143718.0,INLAND
716,1958,1958,814,-117.26,33.08,5.3905,277420.04,NEAR OCEAN
582,1255,1255,624,-117.09,32.76,2.5909,138761.0,NEAR OCEAN
477,1408,1408,405,-117.63,33.47,6.3369,334213.03,NEAR OCEAN
291,779,779,307,-118.13,33.82,4.3056,239185.0,<1H OCEAN
212,539,539,238,-124.15,40.59,2.0938,75093.0,NEAR OCEAN
359,1074,1074,390,-117.31,34.35,5.0198,168240.0,INLAND
136,323,323,168,-118.93,34.82,3.5,126504.0,INLAND
387,1119,1119,420,-117.96,33.8,3.4821,195868.0,<1H OCEAN
632,1236,1236,802,-120.81,35.19,3.7635,244768.02,NEAR OCEAN
276,799,799,301,-117.18,34.07,2.9485,104995.0,INLAND
238,610,610,259,-122.19,37.8,4.744,264076.0,NEAR BAY
594,1317,1317,612,-122.02,37.94,4.125,195752.0,NEAR BAY
439,853,853,414,-122.19,37.45,5.1032,398624.27,NEAR OCEAN
328,755,755,289,-118.13,34.11,4.825,296172.02,<1H OCEAN
421,1161,1161,418,-118.51,34.19,5.3028,244122.0,<1H OCEAN
127,443,443,132,-120.99,37.61,1.2857,85922.0,INLAND
380,1062,1062,407,-117.21,32.81,5.5413,281751.01,NEAR OCEAN
411,1275,1275,433,-122.42,40.6,3.4464,104534.0,INLAND
945,3378,3378,959,-121.24,37.82,5.1047,173255.0,INLAND
1697,5102,5102,1946,-116.78,33.0,5.5102,220265.0,<1H OCEAN
461,1260,1260,460,-122.04,37.34,7.5372,427791.09,<1H OCEAN
1749,4776,4776,2306,-117.38,33.67,2.2423,172646.01,<1H OCEAN
565,1335,1335,578,-121.34,38.64,3.8068,143436.0,INLAND
724,1756,1756,772,-122.14,38.05,3.2891,155268.0,NEAR BAY
345,787,787,356,-118.27,34.16,3.0114,220918.0,<1H OCEAN
1497,4188,4188,1615,-118.01,33.87,3.139,175257.0,<1H OCEAN
1083,3538,3538,1089,-117.95,34.16,6.2654,311112.04,INLAND
1919,4907,4907,2011,-121.65,36.69,2.7367,160156.0,<1H OCEAN
88,904,904,87,-122.28,37.8,0.8668,208354.22,NEAR BAY
359,995,995,373,-118.03,34.13,4.9583,307025.0,INLAND
365,975,975,373,-122.27,37.89,8.8342,476911.68,NEAR BAY
745,1293,1293,785,-117.63,33.62,3.7139,191094.0,<1H OCEAN
417,1088,1088,426,-118.23,34.13,2.975,202920.0,<1H OCEAN
676,1825,1825,706,-117.12,32.59,2.6724,161668.0,NEAR OCEAN
171,587,587,205,-122.44,37.73,5.0224,293591.03,NEAR BAY
485,1284,1284,465,-118.32,34.17,5.1008,309181.07,<1H OCEAN
363,1153,1153,398,-118.29,33.99,1.9375,100543.0,<1H OCEAN
528,1558,1558,548,-118.02,34.17,9.4667,444479.56,INLAND
347,886,886,350,-118.13,33.9,3.4868,203997.0,<1H OCEAN
363,1128,1128,341,-119.83,36.83,6.9903,242927.0,INLAND
330,765,765,313,-121.44,38.61,1.8792,73787.0,INLAND
440,952,952,459,-121.57,39.78,2.0458,84313.0,INLAND
352,1256,1256,327,-117.69,33.66,8.2953,353668.04,<1H OCEAN
453,1776,1776,492,-118.26,34.0,1.6221,103233.0,<1H OCEAN
315,853,853,633,-117.28,34.24,5.2185,188470.0,INLAND
718,1806,1806,762,-120.98,37.68,3.1848,146955.0,INLAND
216,455,455,198,-122.03,37.35,7.2779,397934.19,<1H OCEAN
291,534,534,287,-122.25,37.83,3.1429,226781.0,NEAR BAY
310,1145,1145,319,-121.85,37.4,5.5968,236564.0,<1H OCEAN
642,1890,1890,717,-121.85,36.6,2.4864,151702.0,<1H OCEAN
300,1262,1262,304,-117.94,34.05,3.3409,169290.0,<1H OCEAN
462,1284,1284,482,-121.59,39.39,2.1776,64734.0,INLAND
323,1603,1603,358,-118.17,34.01,3.0225,148218.0,<1H OCEAN
765,2899,2899,772,-117.78,34.07,3.9784,156587.0,INLAND
596,2007,2007,629,-122.42,37.76,2.5701,283271.02,NEAR BAY
781,2344,2344,851,-116.94,33.73,3.7175,114439.0,INLAND
2358,7417,7417,2613,-117.1,33.0,5.9094,271647.0,<1H OCEAN
425,1564,1564,422,-117.9,34.13,3.1597,158081.0,<1H OCEAN
562,1459,1459,562,-119.74,34.43,5.0434,314932.02,NEAR OCEAN
317,850,850,391,-117.66,35.6,2.5812,76307.0,INLAND
648,2536,2536,649,-118.04,34.07,2.3098,172049.0,<1H OCEAN
399,1463,1463,374,-117.54,34.11,3.9241,142949.0,INLAND
2492,6897,6897,2604,-118.42,33.75,8.2831,491295.85,NEAR OCEAN
75,233,233,81,-119.83,36.71,2.4167,89249.0,INLAND
319,845,845,317,-117.37,33.2,1.6318,167259.03,NEAR OCEAN
1036,3723,3723,1176,-118.27,34.06,1.3241,157847.0,<1H OCEAN
189,1066,1066,163,-117.9,33.74,4.7679,181975.0,<1H OCEAN
514,1518,1518,550,-122.04,37.38,4.2028,301986.04,<1H OCEAN
470,1071,1071,493,-121.42,38.54,2.925,102767.0,INLAND
879,2734,2734,951,-121.31,38.02,2.7981,109086.0,INLAND
97,936,936,121,-120.64,35.47,2.1154,121914.0,<1H OCEAN
152,546,546,147,-117.97,33.85,5.1057,199566.0,<1H OCEAN
174,430,430,174,-121.28,38.67,4.3625,156512.0,INLAND
203,445,445,220,-119.25,34.3,4.8824,305917.02,NEAR OCEAN
617,1809,1809,596,-121.54,39.48,1.8047,63595.0,INLAND
371,999,999,492,-121.33,37.97,2.0043,84646.0,INLAND
1497,2549,2549,1706,-118.43,34.15,3.2241,349731.09,<1H OCEAN
228,799,799,211,-117.87,34.11,4.5234,182078.0,<1H OCEAN
315,477,477,308,-122.66,38.27,2.1696,207711.0,<1H OCEAN
279,1132,1132,267,-117.2,34.04,5.9915,166268.0,INLAND
569,2409,2409,575,-121.82,37.35,3.4509,168944.0,<1H OCEAN
287,827,827,311,-121.07,39.05,3.6087,153102.0,INLAND
354,969,969,335,-122.31,37.52,7.7364,461717.39,NEAR OCEAN
275,695,695,294,-119.03,35.35,2.6875,75085.0,INLAND
301,1126,1126,294,-122.13,37.47,4.983,276926.06,NEAR BAY
603,1985,1985,626,-118.05,33.86,5.4089,267116.01,<1H OCEAN
624,1433,1433,702,-118.38,33.8,8.0838,494330.85,NEAR OCEAN
279,1056,1056,272,-119.74,36.73,2.3269,72801.0,INLAND
185,500,500,192,-121.99,37.27,7.598,358005.2,<1H OCEAN
383,891,891,404,-120.39,38.0,3.212,124229.0,INLAND
477,1375,1375,476,-118.26,34.12,2.7348,207079.0,<1H OCEAN
413,1215,1215,394,-118.07,34.17,5.5418,352059.04,INLAND
496,1761,1761,491,-117.72,34.08,3.2481,140374.0,INLAND
105,181,181,224,-122.7,38.99,2.3558,113711.0,INLAND
277,836,836,312,-119.76,36.68,1.8355,57236.0,INLAND
495,1353,1353,519,-119.09,35.3,3.6852,82903.0,INLAND
500,1034,1034,550,-119.71,36.81,1.6618,77931.0,INLAND
459,995,995,481,-118.17,34.12,4.2944,226851.01,<1H OCEAN
385,1033,1033,393,-117.15,34.03,6.5648,218825.0,INLAND
222,764,764,237,-121.38,38.59,3.0156,116338.0,INLAND
397,1147,1147,388,-117.8,33.67,8.284,387044.17,<1H OCEAN
250,709,709,250,-118.15,34.71,3.5625,113777.98,INLAND
406,1578,1578,423,-118.31,34.05,2.5313,246231.03,<1H OCEAN
879,2374,2374,962,-122.01,37.39,3.5586,298389.01,<1H OCEAN
457,1462,1462,462,-117.96,34.06,2.067,169444.0,<1H OCEAN
413,1807,1807,428,-118.21,33.81,3.0882,159233.0,NEAR OCEAN
461,1077,1077,455,-120.66,35.27,1.6875,190204.0,NEAR OCEAN
597,1611,1611,698,-117.31,34.51,2.0243,96261.0,INLAND
288,424,424,300,-117.33,33.21,2.2882,209830.02,NEAR OCEAN
871,2670,2670,894,-122.07,37.08,6.0809,354271.12,NEAR OCEAN
58,184,184,73,-118.21,33.93,2.7679,132604.0,<1H OCEAN
64,385,385,69,-121.9,37.34,2.619,183007.0,<1H OCEAN
529,1238,1238,639,-122.26,38.11,2.6708,119072.0,NEAR BAY
196,699,699,213,-118.25,33.89,2.9643,112531.0,<1H OCEAN
449,1100,1100,462,-122.6,38.0,4.1098,258920.05,<1H OCEAN
185,753,753,195,-118.41,34.23,4.5909,208732.02,<1H OCEAN
505,1409,1409,542,-121.96,38.02,3.016,115467.0,INLAND
107,247,247,161,-122.31,40.89,2.2583,74204.0,INLAND
375,1016,1016,359,-121.98,37.31,5.8127,306918.0,<1H OCEAN
311,953,953,328,-118.32,34.04,2.3526,170406.0,<1H OCEAN
722,1395,1395,803,-122.55,38.0,3.9265,263667.0,NEAR BAY
279,826,826,259,-122.2,37.76,1.75,85568.0,NEAR BAY
754,2952,2952,773,-118.05,33.87,5.8855,318565.01,<1H OCEAN
683,1888,1888,707,-117.99,33.79,3.2857,178686.0,<1H OCEAN
443,616,616,479,-118.25,34.15,0.8185,248411.03,<1H OCEAN
1177,4797,4797,1217,-117.09,32.55,3.9583,152710.0,NEAR OCEAN
349,757,757,330,-118.35,33.97,3.8056,188419.0,<1H OCEAN
580,1996,1996,578,-117.68,34.15,6.7813,304341.04,INLAND
53,113,113,435,-120.3,38.9,0.9227,120808.01,INLAND
340,1291,1291,369,-118.27,33.79,2.9375,159706.0,<1H OCEAN
1920,6080,6080,2248,-117.17,34.12,6.2178,224755.0,INLAND
372,1114,1114,419,-121.91,37.24,4.7279,281517.0,<1H OCEAN
283,872,872,273,-117.53,33.97,4.0833,160478.0,INLAND
119,412,412,112,-118.33,33.93,6.0718,287809.01,<1H OCEAN
197,658,658,226,-120.68,37.47,2.3043,97636.0,INLAND
699,1123,1123,652,-117.13,33.13,2.082,151077.0,<1H OCEAN
132,228,228,119,-122.53,37.97,1.9063,143494.01,NEAR BAY
593,1936,1936,595,-117.14,32.92,4.9706,206358.0,<1H OCEAN
845,2254,2254,781,-122.24,37.46,6.1043,387270.04,NEAR OCEAN
691,2065,2065,785,-120.47,35.74,3.7303,184663.0,<1H OCEAN
236,572,572,240,-122.27,37.9,6.174,334785.02,NEAR BAY
233,745,745,257,-118.14,33.86,4.625,213758.0,<1H OCEAN
323,1535,1535,286,-118.16,34.04,2.7026,146633.0,<1H OCEAN
340,958,958,331,-121.1,37.8,3.3578,155112.0,INLAND
480,1181,1181,511,-121.09,39.23,2.7813,129005.0,INLAND
629,1740,1740,642,-121.32,38.7,3.0703,104429.0,INLAND
330,850,850,308,-118.51,34.2,4.1806,216219.01,<1H OCEAN
363,1040,1040,364,-120.66,35.5,3.3125,209678.01,<1H OCEAN
528,1596,1596,515,-121.35,38.03,4.1739,144658.0,INLAND
843,2428,2428,876,-122.18,37.91,10.9405,490566.72,NEAR BAY
401,837,837,396,-121.58,39.15,1.9122,68762.0,INLAND
459,1773,1773,465,-118.13,34.44,4.8295,223347.0,INLAND
64,149,149,59,-118.6,34.07,4.625,429979.49,<1H OCEAN
380,1500,1500,397,-118.13,34.13,4.8304,267741.05,<1H OCEAN
248,693,693,237,-118.1,34.13,9.7912,477904.75,<1H OCEAN
770,1477,1477,824,-118.39,37.37,1.8325,111766.0,INLAND
672,1805,1805,682,-122.26,37.48,5.6038,379108.03,NEAR OCEAN
620,1128,1128,688,-118.18,33.77,1.1483,150310.0,NEAR OCEAN
193,640,640,196,-117.04,32.98,6.0226,234799.0,<1H OCEAN
136,406,406,137,-122.25,38.17,4.2955,191101.0,NEAR BAY
243,610,610,258,-122.2,37.48,3.4427,287382.01,NEAR BAY
339,872,872,335,-118.4,34.0,4.85,355637.05,<1H OCEAN
365,911,911,373,-121.7,39.37,1.7885,66659.0,INLAND
191,615,615,202,-115.56,32.78,4.6154,112780.0,INLAND
628,1881,1881,635,-119.27,36.32,4.7723,130473.0,INLAND
559,1186,1186,558,-118.11,34.15,3.6474,263632.0,<1H OCEAN
505,1339,1339,534,-120.05,36.95,2.2527,70736.0,INLAND
295,805,805,281,-122.49,37.79,10.7058,496111.94,NEAR BAY
135,837,837,134,-117.89,33.73,4.0769,173318.0,<1H OCEAN
375,1109,1109,415,-122.19,37.78,4.3125,211761.0,NEAR BAY
325,1438,1438,338,-121.88,37.32,2.6607,184122.0,<1H OCEAN
561,2114,2114,621,-118.18,33.8,2.0579,143304.0,NEAR OCEAN
684,2398,2398,729,-119.03,34.21,5.3044,262119.01,<1H OCEAN
264,730,730,248,-117.34,34.08,3.2305,95848.0,INLAND
548,1033,1033,637,-117.7,33.56,4.1379,249081.04,<1H OCEAN
380,1100,1100,389,-117.26,34.15,3.5978,97851.0,INLAND
330,1048,1048,339,-118.14,33.89,4.5735,204163.0,<1H OCEAN
281,911,911,303,-119.59,36.57,3.5987,98063.0,INLAND
1293,4983,4983,1422,-118.05,34.08,2.7254,186774.0,<1H OCEAN
57,182,182,73,-121.25,38.0,2.8958,135180.0,INLAND
1157,3196,3196,1164,-118.83,34.33,5.4493,251888.01,<1H OCEAN
377,922,922,369,-118.33,33.97,4.1635,185478.0,<1H OCEAN
463,2211,2211,445,-120.45,34.96,4.0603,159507.0,<1H OCEAN
488,1464,1464,493,-122.04,38.28,5.2527,179455.0,INLAND
351,961,961,370,-119.72,34.42,2.6983,241697.01,NEAR OCEAN
212,525,525,203,-121.85,36.59,3.3156,228199.02,<1H OCEAN
512,1738,1738,467,-122.06,37.73,7.0568,334010.01,NEAR BAY
104,301,301,102,-121.06,38.25,3.6528,159007.0,INLAND
335,833,833,343,-117.94,33.88,5.3738,251828.0,<1H OCEAN
561,1933,1933,603,-117.92,34.1,4.0052,170044.0,<1H OCEAN
492,1158,1158,493,-121.33,38.64,2.4342,106664.0,INLAND
721,2685,2685,729,-121.87,37.42,5.6965,244786.0,<1H OCEAN
92,171,171,107,-118.24,34.04,1.0769,208983.09,<1H OCEAN
997,2699,2699,1016,-122.75,38.54,5.4886,249480.0,<1H OCEAN
1350,3690,3690,1412,-117.69,34.03,3.4184,140084.0,INLAND
292,836,836,284,-122.09,37.64,3.9063,175638.0,NEAR BAY
269,813,813,274,-121.07,38.66,4.6394,185039.0,INLAND
139,568,568,143,-119.01,35.37,1.7321,56863.0,INLAND
317,1086,1086,312,-117.98,33.76,4.32,191984.0,<1H OCEAN
185,551,551,206,-118.35,33.85,5.6426,315932.0,<1H OCEAN
509,1653,1653,501,-117.55,33.92,4.8167,167785.0,INLAND
293,696,696,308,-122.14,37.43,8.2664,493903.93,NEAR BAY
386,1510,1510,394,-121.78,37.33,6.68,290366.01,<1H OCEAN
145,420,420,136,-122.1,37.19,7.1831,428080.48,NEAR OCEAN
1057,2554,2554,1209,-117.63,34.1,2.6582,134750.0,INLAND
353,711,711,394,-122.14,37.73,3.0673,179368.0,NEAR BAY
403,1189,1189,436,-122.3,37.57,4.7917,306750.06,NEAR BAY
611,1718,1718,634,-118.03,33.79,4.1548,192947.0,<1H OCEAN
348,1014,1014,345,-122.71,38.37,5.6018,258637.0,<1H OCEAN
580,2612,2612,630,-117.48,34.09,3.6394,121910.0,INLAND
545,1538,1538,529,-121.96,37.53,4.9615,230611.0,<1H OCEAN
526,1396,1396,568,-118.38,34.18,3.0061,204072.0,<1H OCEAN
415,965,965,462,-118.06,33.82,4.5833,219834.01,<1H OCEAN
1777,5247,5247,1796,-116.96,32.85,4.1716,170168.0,<1H OCEAN
495,1484,1484,507,-117.81,33.78,5.7934,265734.01,<1H OCEAN
306,799,799,295,-118.31,33.73,5.0874,363991.22,NEAR OCEAN
316,1347,1347,358,-119.83,36.73,2.4137,69796.0,INLAND
344,1204,1204,398,-118.18,34.11,2.3984,177201.0,<1H OCEAN
549,1743,1743,568,-121.31,38.03,3.7413,130222.0,INLAND
1151,2992,2992,1222,-116.97,33.96,2.4322,103794.0,INLAND
250,1349,1349,236,-122.25,37.87,1.1696,189219.0,NEAR BAY
843,2736,2736,906,-116.87,33.94,2.218,94499.0,INLAND
355,1469,1469,327,-119.58,36.1,1.3967,49530.0,INLAND
400,1006,1006,390,-121.37,38.58,7.3343,292135.0,INLAND
1139,3004,3004,1237,-117.07,33.11,3.0054,150001.0,<1H OCEAN
473,1051,1051,566,-118.26,34.04,2.462,166236.0,<1H OCEAN
258,721,721,241,-122.16,37.89,8.7589,450974.31,NEAR BAY
311,1214,1214,363,-117.33,34.13,2.2449,78151.0,INLAND
73,268,268,70,-118.41,34.0,2.55,279255.04,<1H OCEAN
160,386,386,174,-118.54,34.17,6.1274,345990.01,<1H OCEAN
357,945,945,353,-117.19,32.82,4.9219,235988.01,NEAR OCEAN
651,2223,2223,693,-119.19,34.21,3.8239,224965.0,NEAR OCEAN
124,355,355,137,-122.5,37.51,8.2364,473898.61,NEAR OCEAN
352,820,820,349,-117.07,32.8,3.9828,174472.0,<1H OCEAN
1056,2917,2917,1112,-118.46,34.32,4.1514,213928.0,<1H OCEAN
251,575,575,257,-118.32,34.08,3.125,355689.11,<1H OCEAN
250,1016,1016,280,-118.22,33.88,2.125,117940.0,<1H OCEAN
269,1196,1196,265,-118.43,34.29,3.2095,151603.0,<1H OCEAN
1113,3244,3244,1130,-118.27,33.87,4.2768,187102.0,<1H OCEAN
695,2965,2965,664,-119.15,34.25,4.0878,221258.0,NEAR OCEAN
367,821,821,347,-121.63,39.18,2.0978,80168.0,INLAND
582,1387,1387,930,-123.04,38.49,2.6161,139213.0,NEAR OCEAN
728,1924,1924,727,-117.22,32.83,5.4605,244859.01,NEAR OCEAN
460,1374,1374,503,-122.45,38.28,5.7984,293189.01,NEAR BAY
1863,4656,4656,2035,-117.67,33.67,5.7797,242681.0,<1H OCEAN
264,928,928,271,-118.94,34.17,5.5681,292482.0,<1H OCEAN
350,1044,1044,382,-117.13,32.8,3.9732,174147.0,NEAR OCEAN
115,530,530,121,-119.78,36.72,2.1458,65578.99,INLAND
509,1668,1668,532,-118.03,33.83,4.625,205944.0,<1H OCEAN
248,970,970,250,-118.15,33.97,2.1591,154836.0,<1H OCEAN
426,1268,1268,453,-118.31,34.06,2.8202,240689.1,<1H OCEAN
431,1280,1280,426,-122.07,37.68,3.25,182415.0,NEAR BAY
390,1579,1579,399,-118.3,34.04,2.006,154244.0,<1H OCEAN
367,839,839,371,-119.81,36.78,3.5972,89058.0,INLAND
385,1087,1087,372,-121.58,39.51,1.6389,64297.0,INLAND
403,1231,1231,430,-120.97,37.84,2.883,117484.0,INLAND
429,1329,1329,440,-121.24,38.66,6.2082,225404.0,INLAND
580,2095,2095,585,-117.93,33.72,7.6709,358689.06,<1H OCEAN
461,1236,1236,460,-117.1,32.64,2.5658,123218.0,NEAR OCEAN
184,505,505,239,-122.94,38.53,3.7143,199551.0,<1H OCEAN
27,86,86,18,-122.91,39.18,2.0208,108014.85,INLAND
513,1597,1597,517,-118.62,34.21,6.1074,292125.02,<1H OCEAN
389,1486,1486,404,-118.21,34.07,2.3859,150799.0,<1H OCEAN
104,287,287,160,-123.48,40.79,1.9107,77703.0,INLAND
291,1028,1028,333,-121.9,37.36,2.7333,199015.0,<1H OCEAN
794,1729,1729,824,-121.08,38.93,2.4278,134225.0,INLAND
268,729,729,278,-120.95,37.6,2.9821,112094.0,INLAND
329,868,868,353,-122.43,37.76,3.8261,383146.0,NEAR BAY
202,499,499,209,-118.17,33.94,4.6389,183791.0,<1H OCEAN
706,1310,1310,748,-118.47,34.04,4.516,440649.39,<1H OCEAN
309,828,828,332,-122.33,37.94,4.0526,159339.0,NEAR BAY
615,1455,1455,603,-122.29,37.52,6.8787,448144.11,NEAR OCEAN
321,1008,1008,312,-119.82,36.64,2.2466,64105.0,INLAND
288,906,906,291,-121.33,38.03,4.918,145250.0,INLAND
759,2569,2569,806,-117.85,33.87,5.6549,258231.03,<1H OCEAN
1182,2642,2642,1281,-118.28,34.07,2.4632,262311.07,<1H OCEAN
234,687,687,225,-120.79,37.49,3.4167,134550.0,INLAND
147,531,531,159,-120.76,37.61,3.2604,155924.0,INLAND
1501,4439,4439,1521,-116.99,32.81,6.2787,291133.0,<1H OCEAN
399,870,870,422,-119.34,36.31,2.7,79738.0,INLAND
463,1412,1412,543,-120.97,37.73,5.7476,201100.0,INLAND
691,2951,2951,758,-118.18,33.8,1.7689,146230.0,NEAR OCEAN
308,882,882,288,-118.01,33.96,5.3054,210015.0,<1H OCEAN
364,909,909,368,-118.36,33.99,4.6406,237731.01,<1H OCEAN
458,1617,1617,491,-117.06,32.66,3.5066,144697.0,NEAR OCEAN
770,2693,2693,793,-117.03,33.0,7.7569,359052.03,<1H OCEAN
1024,2957,2957,1046,-121.01,38.73,4.7276,202787.0,INLAND
433,1277,1277,444,-116.98,32.71,3.4551,159513.0,<1H OCEAN
293,856,856,309,-121.86,39.75,3.5046,107313.0,INLAND
524,1577,1577,518,-118.41,34.21,5.35,229366.0,<1H OCEAN
314,1111,1111,331,-118.28,34.07,1.9233,195710.0,<1H OCEAN
251,697,697,270,-118.1,33.84,4.5417,216951.0,<1H OCEAN
883,2338,2338,906,-122.03,37.34,6.0577,368398.06,<1H OCEAN
287,1429,1429,311,-117.06,32.57,1.3362,108887.0,NEAR OCEAN
94,189,189,89,-121.28,38.75,2.108,111142.0,INLAND
208,894,894,251,-117.14,32.71,1.8456,82290.0,NEAR OCEAN
260,831,831,254,-121.91,37.68,6.177,269632.0,<1H OCEAN
625,1545,1545,695,-118.31,33.87,4.7543,249153.0,<1H OCEAN
249,1312,1312,250,-118.43,34.27,3.024,154916.0,<1H OCEAN
260,685,685,261,-118.34,34.02,3.1442,151732.0,<1H OCEAN
711,1679,1679,748,-118.31,33.81,4.1169,311774.0,<1H OCEAN
270,810,810,291,-118.49,34.05,13.8556,500001.0,<1H OCEAN
203,531,531,207,-121.33,38.01,5.9191,224212.0,INLAND
455,1165,1165,492,-121.93,37.32,2.5833,216366.0,<1H OCEAN
250,880,880,249,-118.26,33.97,1.5962,101031.0,<1H OCEAN
263,607,607,266,-122.32,37.55,4.8068,381729.2,NEAR OCEAN
945,2258,2258,1059,-122.48,37.67,2.964,261223.01,NEAR OCEAN
649,1507,1507,665,-119.77,36.8,2.9244,79666.0,INLAND
986,2496,2496,1036,-122.04,37.34,3.6991,299916.06,<1H OCEAN
902,2565,2565,931,-117.08,33.01,6.1949,281445.0,<1H OCEAN
424,918,918,428,-117.03,32.77,2.875,153066.0,<1H OCEAN
978,3538,3538,1001,-118.02,34.04,5.065,264837.0,<1H OCEAN
432,1698,1698,448,-118.25,34.02,1.6302,114666.0,<1H OCEAN
846,2440,2440,874,-122.37,37.56,11.6833,499777.99,NEAR OCEAN
345,1301,1301,406,-121.2,37.6,2.3173,95118.0,INLAND
362,903,903,335,-122.26,37.9,7.8336,393215.14,NEAR BAY
409,1356,1356,453,-121.83,37.29,4.5943,225125.0,<1H OCEAN
247,750,750,289,-117.1,33.56,4.3833,193920.0,<1H OCEAN
1444,2805,2805,1559,-117.19,34.06,2.5643,103352.0,INLAND
847,2240,2240,895,-122.23,38.1,2.4201,133955.0,NEAR BAY
363,994,994,386,-118.41,34.03,3.7277,324760.01,<1H OCEAN
810,2587,2587,895,-122.09,39.13,2.331,80317.0,INLAND
293,855,855,301,-117.92,33.83,3.6042,199152.0,<1H OCEAN
386,1359,1359,443,-118.29,33.75,2.5795,200452.0,NEAR OCEAN
384,1167,1167,365,-121.55,39.09,1.4958,59016.0,INLAND
738,2050,2050,820,-121.26,37.98,2.1265,88890.0,INLAND
455,686,686,523,-118.42,33.9,5.5347,451664.55,<1H OCEAN
172,547,547,182,-122.7,38.44,2.1912,175621.0,<1H OCEAN
403,815,815,518,-117.34,33.06,4.3182,341800.2,NEAR OCEAN
157,396,396,236,-122.18,37.77,2.0786,105755.0,NEAR BAY
340,973,973,359,-122.48,38.54,4.2096,229766.0,INLAND
497,1219,1219,474,-118.37,33.88,5.9619,359525.01,<1H OCEAN
597,1480,1480,663,-118.28,34.09,2.3333,209645.0,<1H OCEAN
1124,4014,4014,1255,-117.9,33.97,5.4155,254736.0,<1H OCEAN
635,2268,2268,685,-121.28,37.94,1.8814,68189.0,INLAND
465,1407,1407,472,-118.09,33.96,2.7647,177830.0,<1H OCEAN
219,683,683,230,-118.36,33.85,4.8906,336946.0,<1H OCEAN
312,1055,1055,340,-119.64,36.36,5.2134,124202.0,INLAND
691,1769,1769,708,-117.78,33.86,4.1064,205716.0,<1H OCEAN
337,821,821,368,-118.15,35.04,2.16,62147.0,INLAND
362,952,952,369,-118.42,34.01,3.099,347414.05,<1H OCEAN
186,733,733,194,-115.54,32.79,1.6607,62608.0,INLAND
267,1180,1180,312,-120.41,36.77,1.947,61543.0,INLAND
380,1004,1004,430,-117.65,33.6,5.133,259293.04,<1H OCEAN
230,1165,1165,239,-118.04,33.93,3.1979,158469.0,<1H OCEAN
383,1420,1420,380,-121.83,37.27,6.6712,291210.02,<1H OCEAN
335,1026,1026,409,-122.27,37.84,1.7969,122415.0,NEAR BAY
446,1567,1567,461,-118.75,34.27,5.5983,228359.0,<1H OCEAN
1581,4737,4737,1664,-122.38,37.73,1.4133,190125.01,NEAR BAY
829,1888,1888,886,-118.24,34.21,3.5777,299049.0,<1H OCEAN
429,1849,1849,394,-117.07,32.77,3.5446,172807.0,NEAR OCEAN
525,1404,1404,654,-121.3,38.03,2.505,101916.0,INLAND
72,188,188,78,-122.72,40.17,1.3889,67805.91,INLAND
633,1961,1961,692,-118.53,34.19,2.625,208315.0,<1H OCEAN
177,444,444,184,-118.1,33.81,3.7031,205256.0,<1H OCEAN
1453,3517,3517,1470,-121.39,38.56,4.3644,143668.0,INLAND
176,374,374,185,-122.23,37.76,4.1458,200493.0,NEAR BAY
333,982,982,359,-118.31,33.99,2.0915,110092.0,<1H OCEAN
308,1024,1024,334,-119.67,36.83,5.0864,121422.0,INLAND
753,2663,2663,804,-117.89,33.71,4.5814,218860.0,<1H OCEAN
586,1399,1399,578,-122.32,40.71,2.4036,78769.0,INLAND
249,389,389,262,-117.16,32.74,2.6042,157246.0,NEAR OCEAN
597,1527,1527,631,-119.02,35.44,4.0125,93653.0,INLAND
769,2135,2135,844,-118.16,33.79,2.875,191148.0,NEAR OCEAN
390,1784,1784,397,-117.03,32.69,4.5662,146140.0,NEAR OCEAN
359,990,990,366,-124.17,40.77,2.2227,83876.0,NEAR OCEAN
480,2282,2282,519,-118.18,33.92,3.2734,151708.0,<1H OCEAN
334,893,893,408,-121.5,39.83,1.6948,76933.0,INLAND
243,578,578,255,-122.24,38.12,4.0114,136152.0,NEAR BAY
361,918,918,371,-118.38,33.87,6.9021,378237.14,<1H OCEAN
14,29,29,85,-116.5,33.82,2.1042,171547.16,INLAND
217,622,622,274,-120.36,36.14,1.8264,73245.0,INLAND
237,677,677,250,-122.62,38.25,4.0962,226971.0,<1H OCEAN
762,2962,2962,768,-121.84,37.35,2.2031,141798.0,<1H OCEAN
180,647,647,179,-118.8,34.15,6.8474,427865.38,NEAR OCEAN
592,2623,2623,607,-117.65,34.04,2.5048,115655.0,INLAND
465,1425,1425,520,-118.42,37.36,1.7388,86859.0,INLAND
150,356,356,144,-121.38,38.62,3.5625,133833.0,INLAND
553,974,974,568,-121.87,37.29,2.3715,192817.0,<1H OCEAN
448,1143,1143,476,-118.48,34.03,2.8981,336646.02,<1H OCEAN
335,979,979,345,-122.63,38.34,5.1966,250461.0,<1H OCEAN
507,1538,1538,499,-117.22,34.12,2.809,92284.0,INLAND
256,582,582,243,-122.19,37.79,2.9514,158530.0,NEAR BAY
225,598,598,245,-122.55,37.59,4.1827,275941.02,NEAR OCEAN
663,1715,1715,658,-117.26,34.16,3.7125,107030.0,INLAND
321,926,926,370,-121.97,37.35,4.2273,256609.0,<1H OCEAN
533,1507,1507,515,-122.64,38.25,3.8,196181.0,<1H OCEAN
187,588,588,195,-120.85,35.37,2.8173,240485.05,NEAR OCEAN
503,2105,2105,562,-118.22,34.08,1.9704,151910.0,<1H OCEAN
551,1638,1638,541,-119.17,34.26,6.1885,344800.24,NEAR OCEAN
252,638,638,267,-122.01,37.98,4.0507,160253.0,NEAR BAY
472,1703,1703,518,-118.07,33.86,3.7091,195979.0,<1H OCEAN
244,1203,1203,258,-118.22,33.94,2.5938,141511.0,<1H OCEAN
299,885,885,325,-118.0,33.84,4.0039,197559.01,<1H OCEAN
466,1143,1143,504,-118.79,34.14,5.8548,394447.19,NEAR OCEAN
326,831,831,337,-117.65,34.1,3.0284,136601.0,INLAND
707,2085,2085,718,-121.71,37.99,3.3558,123466.0,INLAND
418,1233,1233,397,-122.32,38.0,4.0437,157089.0,NEAR BAY
495,1639,1639,492,-117.7,33.62,5.0686,246960.0,<1H OCEAN
964,3004,3004,959,-122.44,37.63,4.7625,299272.0,NEAR OCEAN
361,1035,1035,362,-121.25,38.05,3.5735,136552.0,INLAND
242,817,817,212,-118.68,34.27,5.477,217884.01,<1H OCEAN
363,1055,1055,366,-117.69,34.05,4.3264,155647.0,INLAND
256,645,645,256,-118.13,33.86,4.4,222058.0,<1H OCEAN
314,640,640,338,-117.28,32.84,2.9306,277209.03,NEAR OCEAN
14,66,66,8,-117.99,33.81,4.1667,215220.1,<1H OCEAN
335,1018,1018,335,-122.22,37.82,13.499,498926.99,NEAR BAY
115,335,335,697,-119.21,37.25,4.1838,133428.99,INLAND
105,272,272,120,-122.94,39.1,2.8906,116703.0,INLAND
115,275,275,115,-120.89,37.54,2.2679,129955.0,INLAND
257,734,734,299,-118.42,34.0,3.2708,333428.0,<1H OCEAN
1466,3571,3571,1588,-121.92,37.49,5.1643,245006.01,<1H OCEAN
478,1781,1781,489,-122.42,37.71,3.6827,249226.0,NEAR BAY
114,392,392,112,-119.69,34.42,2.5978,226777.0,<1H OCEAN
245,1067,1067,330,-121.27,37.56,2.8558,122630.0,INLAND
1339,3386,3386,1375,-121.98,37.54,3.1326,200653.0,<1H OCEAN
438,1173,1173,471,-122.18,37.77,3.2552,165453.0,NEAR BAY
471,1322,1322,484,-118.14,33.84,4.933,234350.0,<1H OCEAN
617,1747,1747,659,-118.15,33.87,3.3713,198411.0,<1H OCEAN
413,1041,1041,426,-118.97,35.38,1.375,54002.0,INLAND
836,2521,2521,862,-118.3,33.94,2.5679,156701.0,<1H OCEAN
414,1031,1031,434,-118.51,34.2,4.0924,237811.0,<1H OCEAN
445,1292,1292,469,-117.11,32.75,2.0893,105833.0,NEAR OCEAN
724,2324,2324,765,-118.35,33.95,3.0519,166421.0,<1H OCEAN
424,1166,1166,412,-122.47,37.78,4.0652,390303.0,NEAR BAY
303,782,782,308,-118.44,33.99,4.3333,352745.03,<1H OCEAN
653,1521,1521,690,-118.63,34.11,5.8735,416781.39,<1H OCEAN
303,1326,1326,288,-117.7,34.07,3.7969,127183.0,INLAND
230,702,702,243,-119.92,36.77,3.6204,100526.0,INLAND
999,2803,2803,1028,-118.55,34.38,6.3002,275940.04,<1H OCEAN
580,1837,1837,646,-118.7,34.28,4.4964,212428.0,<1H OCEAN
1131,2667,2667,1264,-118.45,34.06,2.2444,342779.09,<1H OCEAN
262,662,662,256,-122.05,37.37,5.6533,355287.05,<1H OCEAN
269,871,871,296,-118.4,34.03,8.1484,498651.98,<1H OCEAN
291,863,863,296,-118.32,33.94,3.1563,147815.0,<1H OCEAN
480,1378,1378,541,-122.04,37.99,3.8897,139742.0,NEAR BAY
1339,2966,2966,1544,-117.88,33.7,3.4835,220261.0,<1H OCEAN
426,815,815,498,-117.58,33.65,3.375,189100.01,<1H OCEAN
1138,4168,4168,1225,-121.57,37.0,4.5714,251239.0,INLAND
772,2127,2127,826,-117.1,34.03,2.5172,105780.0,INLAND
275,931,931,270,-118.08,33.88,5.1645,222789.0,<1H OCEAN
3595,6270,6270,3984,-118.43,33.96,5.1064,430462.4,<1H OCEAN
192,681,681,251,-117.23,33.83,4.0833,147326.0,INLAND
365,903,903,413,-122.03,37.25,7.8711,459208.58,<1H OCEAN
560,1372,1372,636,-121.51,38.58,1.2542,102860.0,INLAND
509,1463,1463,529,-116.93,32.83,3.944,175250.0,<1H OCEAN
411,1051,1051,414,-119.04,35.36,1.8362,60156.0,INLAND
201,569,569,204,-118.14,33.91,4.475,198012.0,<1H OCEAN
554,1513,1513,571,-118.31,34.05,2.1162,225526.0,<1H OCEAN
876,1676,1676,1008,-118.38,34.06,2.7824,324893.09,<1H OCEAN
510,1592,1592,532,-117.92,33.85,2.3704,179066.0,<1H OCEAN
362,1406,1406,397,-118.27,33.94,1.449,93077.0,<1H OCEAN
306,872,872,312,-124.14,40.8,2.5,82166.0,NEAR OCEAN
236,1034,1034,262,-118.25,34.01,1.2857,110739.0,<1H OCEAN
501,1962,1962,511,-118.16,34.02,1.8715,162104.0,<1H OCEAN
535,1303,1303,542,-122.23,37.76,5.1039,293379.0,NEAR BAY
510,1128,1128,537,-121.3,37.97,4.061,151106.0,INLAND
534,1970,1970,628,-117.71,34.06,1.4722,120625.0,INLAND
259,606,606,254,-117.08,32.76,3.0833,159018.0,NEAR OCEAN
611,1684,1684,659,-120.85,37.78,3.3169,144978.0,INLAND
1055,3067,3067,1185,-117.68,34.08,3.3482,137183.0,INLAND
348,866,866,359,-117.87,33.61,7.79,423368.5,<1H OCEAN
365,1143,1143,380,-121.89,37.35,3.2083,194748.0,<1H OCEAN
542,1318,1318,549,-118.48,34.07,12.8665,500001.0,<1H OCEAN
270,719,719,224,-118.56,34.18,4.8264,263598.0,<1H OCEAN
918,1933,1933,954,-121.43,38.58,3.9167,160478.0,INLAND
172,451,451,161,-118.4,33.97,5.6169,357637.02,<1H OCEAN
351,933,933,346,-122.05,37.33,5.3167,381902.01,<1H OCEAN
522,1535,1535,591,-117.8,34.02,5.0869,253765.0,<1H OCEAN
252,735,735,265,-122.47,37.74,8.1189,467641.49,NEAR BAY
503,1100,1100,576,-121.43,38.61,2.1694,104407.0,INLAND
364,1327,1327,351,-117.88,34.12,4.1836,175057.0,<1H OCEAN
346,1180,1180,350,-117.8,33.83,11.1228,491744.84,<1H OCEAN
278,832,832,278,-121.14,38.82,5.07,180804.0,INLAND
483,1224,1224,491,-122.44,37.79,4.0882,489649.83,NEAR BAY
736,2792,2792,783,-119.17,34.18,2.9118,186302.0,NEAR OCEAN
519,1209,1209,533,-122.18,37.7,4.0268,209973.0,NEAR BAY
950,2814,2814,1045,-118.63,34.2,6.7785,335853.01,<1H OCEAN
718,1275,1275,779,-117.87,33.6,4.498,408730.54,<1H OCEAN
566,1806,1806,570,-121.85,38.0,4.2647,146033.0,INLAND
152,338,338,282,-119.78,38.69,2.45,123896.0,INLAND
310,1293,1293,332,-118.04,33.93,4.3849,171509.0,<1H OCEAN
407,1010,1010,407,-122.24,37.48,6.2154,425832.18,NEAR OCEAN
595,1720,1720,629,-117.21,34.51,5.086,191310.0,INLAND
435,1681,1681,415,-117.33,34.09,2.9292,100860.0,INLAND
427,1325,1325,408,-117.26,33.21,3.0197,158621.01,<1H OCEAN
159,523,523,144,-121.13,37.74,2.4598,110258.0,INLAND
368,838,838,357,-121.4,38.56,7.143,265243.0,INLAND
250,661,661,358,-120.57,38.35,2.2604,106736.0,INLAND
608,1431,1431,820,-114.55,32.8,1.275,68733.0,INLAND
359,1098,1098,363,-117.86,34.14,6.2089,283648.02,INLAND
372,1149,1149,381,-120.43,34.88,5.0113,195657.0,<1H OCEAN
526,1319,1319,641,-120.9,38.2,2.0472,109050.0,INLAND
141,1722,1722,159,-122.08,37.84,11.7064,451831.43,NEAR BAY
838,1606,1606,993,-121.96,37.55,4.1387,238471.0,<1H OCEAN
158,325,325,177,-121.0,37.64,1.1875,88135.0,INLAND
698,1606,1606,707,-121.96,37.99,2.9591,125595.0,INLAND
916,2761,2761,926,-122.45,37.66,4.7755,271428.0,NEAR OCEAN
755,1240,1240,864,-121.44,38.6,2.8231,132174.0,INLAND
1929,4762,4762,2181,-117.67,33.66,4.7341,199841.0,<1H OCEAN
291,1267,1267,294,-121.82,37.31,5.5145,242724.0,<1H OCEAN
1447,2518,2518,1481,-122.33,37.58,3.4836,345248.23,NEAR OCEAN
315,1083,1083,345,-122.45,37.72,4.475,257800.0,NEAR BAY
363,728,728,404,-118.36,34.05,3.3824,255859.03,<1H OCEAN
230,613,613,209,-121.42,38.6,3.8672,127154.0,INLAND
510,1082,1082,519,-118.27,34.1,6.4459,421749.35,<1H OCEAN
284,662,662,290,-119.71,36.81,2.0536,68602.0,INLAND
701,1812,1812,708,-122.41,38.07,6.0433,303046.07,NEAR BAY
277,1062,1062,284,-118.07,34.07,3.5156,186855.0,<1H OCEAN
363,875,875,426,-122.27,37.85,1.5817,137264.0,NEAR BAY
343,712,712,347,-122.65,38.23,3.1711,209927.0,<1H OCEAN
354,1261,1261,392,-120.16,37.12,1.9073,66169.0,INLAND
327,1357,1357,362,-118.29,33.95,2.0917,101688.0,<1H OCEAN
307,917,917,316,-118.49,34.24,6.0965,286967.0,<1H OCEAN
243,745,745,244,-117.3,34.09,2.1842,76979.0,INLAND
1120,4253,4253,1233,-118.94,34.24,8.9063,480967.7,<1H OCEAN
266,731,731,262,-119.06,34.38,3.9464,233054.05,<1H OCEAN
415,747,747,420,-117.13,32.76,2.375,166085.0,NEAR OCEAN
643,2204,2204,624,-118.04,33.81,5.8527,272211.0,<1H OCEAN
587,1255,1255,610,-122.07,37.66,2.6719,182201.0,NEAR BAY
437,1217,1217,451,-121.89,39.71,3.7007,114875.0,INLAND
315,733,733,327,-118.31,34.26,3.0583,223408.01,<1H OCEAN
312,1462,1462,331,-117.96,34.03,3.9803,161397.0,<1H OCEAN
172,458,458,166,-122.72,38.44,3.1797,178276.0,<1H OCEAN
369,1990,1990,373,-118.43,34.26,3.5104,148592.0,<1H OCEAN
119,343,343,142,-122.27,38.68,3.1563,122198.0,INLAND
174,620,620,181,-119.63,36.64,3.4107,98369.0,INLAND
130,372,372,150,-118.41,34.16,4.1875,346896.03,<1H OCEAN
264,654,654,269,-118.45,33.99,4.5673,359970.02,<1H OCEAN
525,1670,1670,526,-118.17,33.85,3.07,179680.0,<1H OCEAN
487,1019,1019,542,-118.48,34.02,2.7072,350650.0,<1H OCEAN
266,753,753,280,-119.45,36.58,3.7813,88096.0,INLAND
179,544,544,213,-121.79,37.03,3.934,243428.07,<1H OCEAN
193,435,435,199,-118.24,34.06,1.1979,186312.01,<1H OCEAN
284,611,611,266,-117.15,32.78,5.25,195025.0,NEAR OCEAN
388,919,919,471,-116.47,33.94,3.2578,112509.0,INLAND
187,434,434,419,-124.25,40.28,1.9417,80507.0,NEAR OCEAN
246,764,764,227,-119.79,36.29,4.2917,102009.0,INLAND
621,1486,1486,632,-121.49,38.55,5.0359,184894.0,INLAND
381,1131,1131,411,-117.93,33.83,2.4942,188091.0,<1H OCEAN
132,545,545,180,-117.14,32.7,1.8008,97201.0,NEAR OCEAN
363,1379,1379,357,-118.09,34.05,3.5357,166469.0,<1H OCEAN
376,1224,1224,387,-121.91,37.42,4.1389,210931.0,<1H OCEAN
446,1216,1216,463,-118.35,33.86,3.9732,259371.0,<1H OCEAN
344,905,905,361,-118.29,33.74,2.75,219215.0,NEAR OCEAN
300,861,861,320,-121.7,37.94,2.8828,134249.0,INLAND
1088,3148,3148,1106,-123.22,39.28,3.1455,159039.0,<1H OCEAN
1072,2728,2728,1138,-117.66,35.62,4.15,101312.0,INLAND
96,470,470,103,-118.28,34.02,1.9375,158224.0,<1H OCEAN
477,1429,1429,457,-122.5,37.75,4.0217,291034.0,NEAR OCEAN
309,1195,1195,335,-118.1,33.96,4.1711,173183.0,<1H OCEAN
839,3041,3041,810,-117.64,33.61,5.826,256658.02,<1H OCEAN
778,2410,2410,828,-122.48,37.73,3.1359,241762.0,NEAR OCEAN
1268,3169,3169,1357,-122.28,37.54,3.9699,332174.03,NEAR OCEAN
321,905,905,379,-120.2,39.33,3.7841,132568.0,INLAND
378,849,849,387,-119.32,36.32,4.3816,102370.0,INLAND
798,1297,1297,942,-122.43,37.81,4.6781,469541.54,NEAR BAY
89,224,224,206,-122.68,41.15,3.631,125150.0,INLAND
262,659,659,262,-122.31,37.52,6.8336,456607.5,NEAR OCEAN
405,1017,1017,395,-117.07,32.8,5.1488,186773.0,<1H OCEAN
357,1286,1286,392,-117.13,32.7,1.4632,86413.0,NEAR OCEAN
538,1287,1287,617,-122.12,37.7,2.9922,180771.0,NEAR BAY
172,403,403,188,-122.28,37.88,3.2344,236237.0,NEAR BAY
1125,2701,2701,1187,-117.68,33.63,3.929,225565.01,<1H OCEAN
463,1099,1099,482,-120.81,38.74,2.3314,118696.0,INLAND
119,583,583,107,-118.22,33.9,1.9423,120819.0,<1H OCEAN
317,974,974,386,-117.38,33.2,1.3903,165521.03,NEAR OCEAN
283,3424,3424,397,-115.22,33.54,1.625,65768.0,INLAND
540,1267,1267,595,-122.11,37.42,6.4949,428842.22,NEAR BAY
642,2482,2482,572,-117.46,34.07,2.9973,110894.0,INLAND
219,706,706,223,-121.92,37.68,7.2211,318230.0,<1H OCEAN
5,9,9,4,-120.85,37.75,1.625,218729.19,INLAND
236,656,656,222,-124.18,40.78,2.5096,78764.0,NEAR OCEAN
159,451,451,198,-121.83,39.1,3.2917,99436.0,INLAND
386,1035,1035,437,-122.66,38.47,3.7617,193294.0,<1H OCEAN
403,1306,1306,396,-118.09,33.95,4.5,192360.0,<1H OCEAN
426,795,795,425,-118.43,34.15,2.8448,329729.16,<1H OCEAN
697,1613,1613,754,-118.04,33.99,3.2359,180083.0,<1H OCEAN
530,1715,1715,578,-118.08,34.09,2.9196,196230.0,<1H OCEAN
1752,3390,3390,1866,-118.41,34.02,3.0965,304977.04,<1H OCEAN
293,911,911,298,-117.74,34.08,3.4398,136551.0,INLAND
986,1512,1512,1014,-122.06,37.86,4.4551,260333.02,NEAR BAY
387,1659,1659,399,-118.08,33.96,4.0096,163968.0,<1H OCEAN
568,1749,1749,568,-119.05,36.09,4.0217,87882.0,INLAND
196,503,503,201,-118.37,33.93,4.4861,230720.0,<1H OCEAN
532,1948,1948,515,-118.43,34.32,4.233,177800.0,<1H OCEAN
619,1627,1627,648,-117.02,34.03,4.2361,175784.0,INLAND
304,937,937,333,-118.06,33.8,3.6217,200136.0,<1H OCEAN
521,1543,1543,545,-117.87,33.79,4.192,193349.0,<1H OCEAN
458,1323,1323,453,-118.32,33.89,4.2813,228622.0,<1H OCEAN
141,505,505,159,-121.12,38.0,3.4265,145042.0,INLAND
227,597,597,229,-118.32,34.1,1.5284,247318.0,<1H OCEAN
293,883,883,302,-118.19,34.13,3.1287,197485.0,<1H OCEAN
626,1541,1541,632,-122.51,37.99,5.5791,328675.0,NEAR BAY
240,633,633,245,-119.81,36.78,2.0324,65530.0,INLAND
93,229,229,93,-122.13,37.75,5.3602,265719.02,NEAR BAY
339,1021,1021,356,-117.96,33.81,4.4663,197929.0,<1H OCEAN
580,1406,1406,703,-117.38,33.97,2.6895,105621.0,INLAND
254,719,719,261,-117.78,33.76,11.4537,493043.55,<1H OCEAN
262,624,624,326,-114.57,33.57,1.925,63026.0,INLAND
427,1015,1015,464,-122.23,37.46,4.2232,403890.27,NEAR OCEAN
1243,2487,2487,1384,-119.71,36.77,2.1461,75904.0,INLAND
184,710,710,219,-118.32,33.92,4.8304,184154.0,<1H OCEAN
537,1856,1856,509,-121.79,36.93,3.1815,173321.0,<1H OCEAN
422,1338,1338,407,-119.25,34.27,4.7727,290253.08,NEAR OCEAN
233,731,731,253,-118.17,34.66,5.7049,157544.0,INLAND
329,989,989,360,-118.02,34.12,6.1536,402337.16,INLAND
402,1622,1622,444,-118.3,33.95,2.2031,132958.0,<1H OCEAN
404,1283,1283,361,-118.01,34.09,3.1944,180945.0,INLAND
276,567,567,296,-122.83,38.96,1.8692,86525.0,INLAND
430,947,947,433,-122.34,37.94,3.942,152302.0,NEAR BAY
413,1183,1183,425,-118.13,33.86,5.1805,229860.0,<1H OCEAN
337,1376,1376,387,-115.52,32.97,1.9911,63879.0,INLAND
288,1385,1385,271,-118.19,33.9,2.3214,129130.0,<1H OCEAN
378,863,863,447,-122.28,37.84,1.9274,133771.0,NEAR BAY
277,756,756,279,-118.42,33.92,5.0594,392695.05,<1H OCEAN
307,811,811,287,-118.37,34.03,3.3636,200268.01,<1H OCEAN
242,770,770,246,-117.09,32.72,2.0938,127093.0,NEAR OCEAN
274,781,781,290,-122.49,38.22,3.5647,239173.0,NEAR BAY
557,1534,1534,595,-118.33,33.77,9.8214,498502.98,NEAR OCEAN
221,772,772,246,-119.32,36.2,2.2262,57397.0,INLAND
671,2261,2261,769,-122.42,37.73,2.888,284709.0,NEAR BAY
671,2170,2170,713,-119.12,35.37,4.8266,127265.0,INLAND
536,1767,1767,606,-115.55,32.78,2.8025,78739.0,INLAND
293,912,912,354,-118.31,34.01,1.7386,116361.0,<1H OCEAN
333,1106,1106,312,-118.33,33.91,3.3491,191816.0,<1H OCEAN
315,1303,1303,378,-119.34,36.2,2.0333,55959.0,INLAND
728,1996,1996,750,-122.26,37.46,7.0001,435404.14,NEAR OCEAN
264,655,655,366,-122.18,38.49,3.3393,158609.0,INLAND
353,1158,1158,369,-117.05,32.72,3.4107,128801.0,NEAR OCEAN
144,729,729,151,-118.28,33.92,3.055,111945.0,<1H OCEAN
428,1629,1629,449,-118.75,34.27,5.8096,238164.0,<1H OCEAN
1316,3258,3258,1404,-121.88,37.37,3.5745,230329.01,<1H OCEAN
57,206,206,81,-115.73,32.8,2.2083,69237.0,INLAND
737,2606,2606,733,-120.85,37.49,1.9429,86893.0,INLAND
425,1255,1255,486,-117.34,33.71,3.1513,154212.0,<1H OCEAN
224,695,695,247,-121.1,38.33,4.1974,175136.0,INLAND
267,1025,1025,272,-117.12,33.14,4.1641,170456.0,<1H OCEAN
1412,3993,3993,1538,-118.29,33.81,5.0532,282783.0,<1H OCEAN
363,1001,1001,362,-122.12,37.88,8.0448,413886.08,NEAR BAY
483,1145,1145,529,-120.47,37.96,2.006,100026.0,INLAND
241,700,700,292,-117.97,33.68,5.5105,248707.01,<1H OCEAN
464,1187,1187,495,-117.8,34.1,6.2456,267448.02,INLAND
262,1164,1164,274,-118.19,34.04,2.8542,139803.0,<1H OCEAN
